[
    {
        "latitude": 17.1056,
        "longitude": -61.8676,
        "acq_date": "2015-03-04",
        "acq_time": "1725",
        "version": "6.2",
        "satellite": "Aqua",
        "type": "0",
        "scan": 1.1,
        "daynight": "D",
        "brightness": 328.9,
        "instrument": "MODIS",
        "track": 1.1,
        "bright_t31": 296.5,
        "frp": 25,
        "confidence": "67"
    },
    {
        "latitude": 17.0841,
        "longitude": -61.7907,
        "acq_date": "2015-07-08",
        "acq_time": "1737",
        "version": "6.2",
        "satellite": "Aqua",
        "type": "0",
        "scan": 1,
        "daynight": "D",
        "brightness": 324.2,
        "instrument": "MODIS",
        "track": 1,
        "bright_t31": 300.7,
        "frp": 10.2,
        "confidence": "52"
    },
    {
        "latitude": 17.1119,
        "longitude": -61.8697,
        "acq_date": "2015-08-23",
        "acq_time": "1749",
        "version": "6.2",
        "satellite": "Aqua",
        "type": "0",
        "scan": 1.4,
        "daynight": "D",
        "brightness": 327.1,
        "instrument": "MODIS",
        "track": 1.2,
        "bright_t31": 293.9,
        "frp": 25.2,
        "confidence": "0"
    },
    {
        "latitude": 17.0563,
        "longitude": -61.747,
        "acq_date": "2015-08-31",
        "acq_time": "1700",
        "version": "6.2",
        "satellite": "Aqua",
        "type": "0",
        "scan": 2.9,
        "daynight": "D",
        "brightness": 310.8,
        "instrument": "MODIS",
        "track": 1.6,
        "bright_t31": 293.5,
        "frp": 27.2,
        "confidence": "21"
    },
    {
        "latitude": 17.1238,
        "longitude": -61.8137,
        "acq_date": "2016-03-06",
        "acq_time": "1724",
        "version": "6.2",
        "satellite": "Aqua",
        "type": "0",
        "scan": 1.1,
        "daynight": "D",
        "brightness": 323.8,
        "instrument": "MODIS",
        "track": 1,
        "bright_t31": 302.9,
        "frp": 14.1,
        "confidence": "51"
    },
    {
        "latitude": 17.1509,
        "longitude": -61.8284,
        "acq_date": "2016-05-21",
        "acq_time": "1444",
        "version": "6.2",
        "satellite": "Terra",
        "type": "0",
        "scan": 1,
        "daynight": "D",
        "brightness": 325.7,
        "instrument": "MODIS",
        "track": 1,
        "bright_t31": 303,
        "frp": 12.8,
        "confidence": "79"
    },
    {
        "latitude": 17.1058,
        "longitude": -61.7759,
        "acq_date": "2016-10-17",
        "acq_time": "1502",
        "version": "6.2",
        "satellite": "Terra",
        "type": "0",
        "scan": 1.3,
        "daynight": "D",
        "brightness": 316,
        "instrument": "MODIS",
        "track": 1.1,
        "bright_t31": 298.2,
        "frp": 11.4,
        "confidence": "50"
    },
    {
        "latitude": 17.6239,
        "longitude": -61.8096,
        "acq_date": "2017-12-20",
        "acq_time": "1736",
        "version": "6.2",
        "satellite": "Aqua",
        "type": "0",
        "scan": 1,
        "daynight": "D",
        "brightness": 319.8,
        "instrument": "MODIS",
        "track": 1,
        "bright_t31": 301.5,
        "frp": 9.8,
        "confidence": "72"
    },
    {
        "latitude": 17.0403,
        "longitude": -61.8318,
        "acq_date": "2018-03-19",
        "acq_time": "1731",
        "version": "6.2",
        "satellite": "Aqua",
        "type": "0",
        "scan": 1,
        "daynight": "D",
        "brightness": 316.6,
        "instrument": "MODIS",
        "track": 1,
        "bright_t31": 299.9,
        "frp": 8,
        "confidence": "66"
    },
    {
        "latitude": 17.0762,
        "longitude": -61.8721,
        "acq_date": "2018-06-12",
        "acq_time": "1444",
        "version": "6.2",
        "satellite": "Terra",
        "type": "0",
        "scan": 1,
        "daynight": "D",
        "brightness": 319.6,
        "instrument": "MODIS",
        "track": 1,
        "bright_t31": 299.9,
        "frp": 9.5,
        "confidence": "0"
    },
    {
        "latitude": 17.0303,
        "longitude": -61.8147,
        "acq_date": "2018-06-26",
        "acq_time": "1801",
        "version": "6.2",
        "satellite": "Aqua",
        "type": "0",
        "scan": 2.4,
        "daynight": "D",
        "brightness": 318.1,
        "instrument": "MODIS",
        "track": 1.5,
        "bright_t31": 294.7,
        "frp": 33.7,
        "confidence": "49"
    },
    {
        "latitude": 17.0621,
        "longitude": -61.8176,
        "acq_date": "2018-08-24",
        "acq_time": "1438",
        "version": "6.2",
        "satellite": "Terra",
        "type": "0",
        "scan": 1.1,
        "daynight": "D",
        "brightness": 338.3,
        "instrument": "MODIS",
        "track": 1.1,
        "bright_t31": 305,
        "frp": 33.6,
        "confidence": "89"
    },
    {
        "latitude": 17.0606,
        "longitude": -61.8069,
        "acq_date": "2018-08-24",
        "acq_time": "1438",
        "version": "6.2",
        "satellite": "Terra",
        "type": "0",
        "scan": 1.1,
        "daynight": "D",
        "brightness": 334.6,
        "instrument": "MODIS",
        "track": 1.1,
        "bright_t31": 305.6,
        "frp": 26.1,
        "confidence": "86"
    }
]
