[
    {
        "latitude": 12.5358,
        "longitude": -69.9941,
        "acq_date": "2017-04-03",
        "acq_time": "1552",
        "type": "0",
        "daynight": "D",
        "bright_t31": 286.1,
        "satellite": "Terra",
        "confidence": "31",
        "frp": 29.1,
        "instrument": "MODIS",
        "brightness": 311.7,
        "version": "6.2",
        "scan": 3.3,
        "track": 1.7
    },
    {
        "latitude": 12.4222,
        "longitude": -69.8892,
        "acq_date": "2017-08-24",
        "acq_time": "1510",
        "type": "3",
        "daynight": "D",
        "bright_t31": 301.5,
        "satellite": "Terra",
        "confidence": "38",
        "frp": 8.1,
        "instrument": "MODIS",
        "brightness": 313.4,
        "version": "6.2",
        "scan": 1.1,
        "track": 1
    },
    {
        "latitude": 12.5536,
        "longitude": -70.0047,
        "acq_date": "2018-08-05",
        "acq_time": "0622",
        "type": "0",
        "daynight": "N",
        "bright_t31": 293.3,
        "satellite": "Aqua",
        "confidence": "69",
        "frp": 7.9,
        "instrument": "MODIS",
        "brightness": 310.1,
        "version": "6.2",
        "scan": 1,
        "track": 1
    },
    {
        "latitude": 12.5446,
        "longitude": -70.006,
        "acq_date": "2018-08-05",
        "acq_time": "0622",
        "type": "0",
        "daynight": "N",
        "bright_t31": 293.5,
        "satellite": "Aqua",
        "confidence": "42",
        "frp": 5.6,
        "instrument": "MODIS",
        "brightness": 306.1,
        "version": "6.2",
        "scan": 1,
        "track": 1
    }
]
