[
    {
        "latitude": 13.1085,
        "longitude": -59.629,
        "acq_date": "2015-03-11",
        "acq_time": "0211",
        "frp": 28.5,
        "instrument": "MODIS",
        "brightness": 327.4,
        "track": 1.1,
        "daynight": "N",
        "scan": 1.1,
        "version": "6.2",
        "satellite": "Terra",
        "type": "3",
        "bright_t31": 294.6,
        "confidence": "100"
    },
    {
        "latitude": 13.2384,
        "longitude": -59.5755,
        "acq_date": "2015-03-11",
        "acq_time": "1426",
        "frp": 7.7,
        "instrument": "MODIS",
        "brightness": 312.6,
        "track": 1.1,
        "daynight": "D",
        "scan": 1.2,
        "version": "6.2",
        "satellite": "Terra",
        "type": "0",
        "bright_t31": 293.5,
        "confidence": "54"
    },
    {
        "latitude": 13.1103,
        "longitude": -59.4672,
        "acq_date": "2015-05-05",
        "acq_time": "1736",
        "frp": 16.1,
        "instrument": "MODIS",
        "brightness": 327.7,
        "track": 1.1,
        "daynight": "D",
        "scan": 1.2,
        "version": "6.2",
        "satellite": "Aqua",
        "type": "0",
        "bright_t31": 306,
        "confidence": "76"
    },
    {
        "latitude": 13.0999,
        "longitude": -59.4995,
        "acq_date": "2015-05-09",
        "acq_time": "1712",
        "frp": 33.6,
        "instrument": "MODIS",
        "brightness": 333.6,
        "track": 1.2,
        "daynight": "D",
        "scan": 1.4,
        "version": "6.2",
        "satellite": "Aqua",
        "type": "0",
        "bright_t31": 304.3,
        "confidence": "86"
    },
    {
        "latitude": 13.2494,
        "longitude": -59.5872,
        "acq_date": "2015-05-09",
        "acq_time": "1712",
        "frp": 10.1,
        "instrument": "MODIS",
        "brightness": 316.7,
        "track": 1.2,
        "daynight": "D",
        "scan": 1.4,
        "version": "6.2",
        "satellite": "Aqua",
        "type": "0",
        "bright_t31": 298,
        "confidence": "39"
    },
    {
        "latitude": 13.2403,
        "longitude": -59.5854,
        "acq_date": "2015-05-14",
        "acq_time": "1730",
        "frp": 10.1,
        "instrument": "MODIS",
        "brightness": 320.3,
        "track": 1,
        "daynight": "D",
        "scan": 1,
        "version": "6.2",
        "satellite": "Aqua",
        "type": "0",
        "bright_t31": 296,
        "confidence": "69"
    },
    {
        "latitude": 13.1657,
        "longitude": -59.5975,
        "acq_date": "2015-05-14",
        "acq_time": "1730",
        "frp": 12.4,
        "instrument": "MODIS",
        "brightness": 321.5,
        "track": 1,
        "daynight": "D",
        "scan": 1,
        "version": "6.2",
        "satellite": "Aqua",
        "type": "0",
        "bright_t31": 298.5,
        "confidence": "74"
    },
    {
        "latitude": 13.0974,
        "longitude": -59.5526,
        "acq_date": "2015-05-21",
        "acq_time": "1432",
        "frp": 5,
        "instrument": "MODIS",
        "brightness": 319.4,
        "track": 1,
        "daynight": "D",
        "scan": 1,
        "version": "6.2",
        "satellite": "Terra",
        "type": "0",
        "bright_t31": 301.4,
        "confidence": "64"
    },
    {
        "latitude": 13.0884,
        "longitude": -59.5369,
        "acq_date": "2015-06-10",
        "acq_time": "1712",
        "frp": 13.3,
        "instrument": "MODIS",
        "brightness": 322.1,
        "track": 1.2,
        "daynight": "D",
        "scan": 1.4,
        "version": "6.2",
        "satellite": "Aqua",
        "type": "0",
        "bright_t31": 300.4,
        "confidence": "45"
    },
    {
        "latitude": 13.1218,
        "longitude": -59.5116,
        "acq_date": "2015-10-21",
        "acq_time": "1729",
        "frp": 5.9,
        "instrument": "MODIS",
        "brightness": 315.3,
        "track": 1,
        "daynight": "D",
        "scan": 1,
        "version": "6.2",
        "satellite": "Aqua",
        "type": "0",
        "bright_t31": 296.2,
        "confidence": "39"
    },
    {
        "latitude": 13.1231,
        "longitude": -59.5022,
        "acq_date": "2015-10-21",
        "acq_time": "1729",
        "frp": 9.8,
        "instrument": "MODIS",
        "brightness": 320,
        "track": 1,
        "daynight": "D",
        "scan": 1,
        "version": "6.2",
        "satellite": "Aqua",
        "type": "0",
        "bright_t31": 297.7,
        "confidence": "60"
    },
    {
        "latitude": 13.1458,
        "longitude": -59.4488,
        "acq_date": "2016-02-22",
        "acq_time": "1754",
        "frp": 25.1,
        "instrument": "MODIS",
        "brightness": 318.1,
        "track": 1.5,
        "daynight": "D",
        "scan": 2.5,
        "version": "6.2",
        "satellite": "Aqua",
        "type": "0",
        "bright_t31": 300,
        "confidence": "42"
    },
    {
        "latitude": 13.2346,
        "longitude": -59.5648,
        "acq_date": "2016-03-16",
        "acq_time": "1456",
        "frp": 11.4,
        "instrument": "MODIS",
        "brightness": 311.8,
        "track": 1.3,
        "daynight": "D",
        "scan": 1.7,
        "version": "6.2",
        "satellite": "Terra",
        "type": "0",
        "bright_t31": 297.1,
        "confidence": "30"
    },
    {
        "latitude": 13.3152,
        "longitude": -59.597,
        "acq_date": "2016-03-27",
        "acq_time": "1438",
        "frp": 11.4,
        "instrument": "MODIS",
        "brightness": 325,
        "track": 1,
        "daynight": "D",
        "scan": 1,
        "version": "6.2",
        "satellite": "Terra",
        "type": "0",
        "bright_t31": 300.6,
        "confidence": "68"
    },
    {
        "latitude": 13.1392,
        "longitude": -59.6029,
        "acq_date": "2016-04-26",
        "acq_time": "1755",
        "frp": 28,
        "instrument": "MODIS",
        "brightness": 317.3,
        "track": 1.5,
        "daynight": "D",
        "scan": 2.5,
        "version": "6.2",
        "satellite": "Aqua",
        "type": "0",
        "bright_t31": 292.2,
        "confidence": "0"
    },
    {
        "latitude": 13.1799,
        "longitude": -59.6088,
        "acq_date": "2016-04-26",
        "acq_time": "1755",
        "frp": 31.1,
        "instrument": "MODIS",
        "brightness": 317.2,
        "track": 1.5,
        "daynight": "D",
        "scan": 2.5,
        "version": "6.2",
        "satellite": "Aqua",
        "type": "0",
        "bright_t31": 291,
        "confidence": "48"
    },
    {
        "latitude": 13.2714,
        "longitude": -59.6314,
        "acq_date": "2016-04-28",
        "acq_time": "1742",
        "frp": 26.1,
        "instrument": "MODIS",
        "brightness": 328.2,
        "track": 1.2,
        "daynight": "D",
        "scan": 1.5,
        "version": "6.2",
        "satellite": "Aqua",
        "type": "0",
        "bright_t31": 299.7,
        "confidence": "61"
    },
    {
        "latitude": 13.2556,
        "longitude": -59.572,
        "acq_date": "2016-05-09",
        "acq_time": "1724",
        "frp": 12,
        "instrument": "MODIS",
        "brightness": 324.8,
        "track": 1,
        "daynight": "D",
        "scan": 1,
        "version": "6.2",
        "satellite": "Aqua",
        "type": "0",
        "bright_t31": 304,
        "confidence": "74"
    },
    {
        "latitude": 13.1532,
        "longitude": -59.4623,
        "acq_date": "2016-05-16",
        "acq_time": "1426",
        "frp": 19,
        "instrument": "MODIS",
        "brightness": 331.4,
        "track": 1.1,
        "daynight": "D",
        "scan": 1.1,
        "version": "6.2",
        "satellite": "Terra",
        "type": "0",
        "bright_t31": 304.1,
        "confidence": "84"
    },
    {
        "latitude": 13.1513,
        "longitude": -59.4483,
        "acq_date": "2016-05-16",
        "acq_time": "1729",
        "frp": 21.4,
        "instrument": "MODIS",
        "brightness": 334.7,
        "track": 1,
        "daynight": "D",
        "scan": 1,
        "version": "6.2",
        "satellite": "Aqua",
        "type": "0",
        "bright_t31": 305.2,
        "confidence": "86"
    },
    {
        "latitude": 13.0904,
        "longitude": -59.4748,
        "acq_date": "2016-05-25",
        "acq_time": "1723",
        "frp": 13.3,
        "instrument": "MODIS",
        "brightness": 319.5,
        "track": 1,
        "daynight": "D",
        "scan": 1,
        "version": "6.2",
        "satellite": "Aqua",
        "type": "0",
        "bright_t31": 303.5,
        "confidence": "0"
    },
    {
        "latitude": 13.108,
        "longitude": -59.6157,
        "acq_date": "2017-02-26",
        "acq_time": "1438",
        "frp": 8.1,
        "instrument": "MODIS",
        "brightness": 313.7,
        "track": 1,
        "daynight": "D",
        "scan": 1,
        "version": "6.2",
        "satellite": "Terra",
        "type": "0",
        "bright_t31": 300.2,
        "confidence": "28"
    },
    {
        "latitude": 13.0765,
        "longitude": -59.5398,
        "acq_date": "2017-04-06",
        "acq_time": "1748",
        "frp": 23.2,
        "instrument": "MODIS",
        "brightness": 321.2,
        "track": 1.3,
        "daynight": "D",
        "scan": 1.9,
        "version": "6.2",
        "satellite": "Aqua",
        "type": "0",
        "bright_t31": 297.2,
        "confidence": "44"
    },
    {
        "latitude": 13.112,
        "longitude": -59.5092,
        "acq_date": "2017-04-08",
        "acq_time": "0217",
        "frp": 9.8,
        "instrument": "MODIS",
        "brightness": 312,
        "track": 1,
        "daynight": "N",
        "scan": 1,
        "version": "6.2",
        "satellite": "Terra",
        "type": "0",
        "bright_t31": 295,
        "confidence": "77"
    },
    {
        "latitude": 13.1107,
        "longitude": -59.5184,
        "acq_date": "2017-04-08",
        "acq_time": "0217",
        "frp": 5.2,
        "instrument": "MODIS",
        "brightness": 305.3,
        "track": 1,
        "daynight": "N",
        "scan": 1,
        "version": "6.2",
        "satellite": "Terra",
        "type": "0",
        "bright_t31": 294.7,
        "confidence": "26"
    },
    {
        "latitude": 13.1083,
        "longitude": -59.5937,
        "acq_date": "2017-04-14",
        "acq_time": "1659",
        "frp": 24.6,
        "instrument": "MODIS",
        "brightness": 315.4,
        "track": 1.5,
        "daynight": "D",
        "scan": 2.3,
        "version": "6.2",
        "satellite": "Aqua",
        "type": "0",
        "bright_t31": 288,
        "confidence": "35"
    },
    {
        "latitude": 13.3045,
        "longitude": -59.6064,
        "acq_date": "2017-05-24",
        "acq_time": "0230",
        "frp": 7.2,
        "instrument": "MODIS",
        "brightness": 307.3,
        "track": 1.1,
        "daynight": "N",
        "scan": 1.1,
        "version": "6.2",
        "satellite": "Terra",
        "type": "0",
        "bright_t31": 295,
        "confidence": "53"
    },
    {
        "latitude": 13.2835,
        "longitude": -59.6296,
        "acq_date": "2017-05-26",
        "acq_time": "1432",
        "frp": 13.5,
        "instrument": "MODIS",
        "brightness": 326.5,
        "track": 1,
        "daynight": "D",
        "scan": 1,
        "version": "6.2",
        "satellite": "Terra",
        "type": "0",
        "bright_t31": 305.3,
        "confidence": "75"
    },
    {
        "latitude": 13.2895,
        "longitude": -59.6234,
        "acq_date": "2017-11-13",
        "acq_time": "1717",
        "frp": 7.8,
        "instrument": "MODIS",
        "brightness": 314.4,
        "track": 1.1,
        "daynight": "D",
        "scan": 1.1,
        "version": "6.2",
        "satellite": "Aqua",
        "type": "0",
        "bright_t31": 298.2,
        "confidence": "61"
    },
    {
        "latitude": 13.137,
        "longitude": -59.4804,
        "acq_date": "2018-03-11",
        "acq_time": "0550",
        "frp": 8.4,
        "instrument": "MODIS",
        "brightness": 307.1,
        "track": 1.1,
        "daynight": "N",
        "scan": 1.1,
        "version": "6.2",
        "satellite": "Aqua",
        "type": "0",
        "bright_t31": 294.2,
        "confidence": "52"
    },
    {
        "latitude": 13.1281,
        "longitude": -59.4491,
        "acq_date": "2018-03-17",
        "acq_time": "1438",
        "frp": 17.8,
        "instrument": "MODIS",
        "brightness": 330,
        "track": 1,
        "daynight": "D",
        "scan": 1,
        "version": "6.2",
        "satellite": "Terra",
        "type": "0",
        "bright_t31": 304.6,
        "confidence": "78"
    },
    {
        "latitude": 13.1295,
        "longitude": -59.4583,
        "acq_date": "2018-03-17",
        "acq_time": "1438",
        "frp": 6.2,
        "instrument": "MODIS",
        "brightness": 319.4,
        "track": 1,
        "daynight": "D",
        "scan": 1,
        "version": "6.2",
        "satellite": "Terra",
        "type": "0",
        "bright_t31": 303.6,
        "confidence": "47"
    },
    {
        "latitude": 13.1571,
        "longitude": -59.52,
        "acq_date": "2018-03-17",
        "acq_time": "1438",
        "frp": 5.9,
        "instrument": "MODIS",
        "brightness": 314.2,
        "track": 1,
        "daynight": "D",
        "scan": 1,
        "version": "6.2",
        "satellite": "Terra",
        "type": "0",
        "bright_t31": 297.5,
        "confidence": "61"
    },
    {
        "latitude": 13.0894,
        "longitude": -59.5411,
        "acq_date": "2018-03-17",
        "acq_time": "1742",
        "frp": 17.2,
        "instrument": "MODIS",
        "brightness": 324.4,
        "track": 1.2,
        "daynight": "D",
        "scan": 1.4,
        "version": "6.2",
        "satellite": "Aqua",
        "type": "0",
        "bright_t31": 300.6,
        "confidence": "62"
    },
    {
        "latitude": 13.0842,
        "longitude": -59.547,
        "acq_date": "2018-03-17",
        "acq_time": "1742",
        "frp": 13,
        "instrument": "MODIS",
        "brightness": 321.3,
        "track": 1.2,
        "daynight": "D",
        "scan": 1.4,
        "version": "6.2",
        "satellite": "Aqua",
        "type": "0",
        "bright_t31": 302,
        "confidence": "47"
    },
    {
        "latitude": 13.086,
        "longitude": -59.4917,
        "acq_date": "2018-04-29",
        "acq_time": "1724",
        "frp": 31.6,
        "instrument": "MODIS",
        "brightness": 340.7,
        "track": 1,
        "daynight": "D",
        "scan": 1,
        "version": "6.2",
        "satellite": "Aqua",
        "type": "0",
        "bright_t31": 302.8,
        "confidence": "85"
    },
    {
        "latitude": 13.0847,
        "longitude": -59.5009,
        "acq_date": "2018-04-29",
        "acq_time": "1724",
        "frp": 30.1,
        "instrument": "MODIS",
        "brightness": 339.2,
        "track": 1,
        "daynight": "D",
        "scan": 1,
        "version": "6.2",
        "satellite": "Aqua",
        "type": "0",
        "bright_t31": 302.8,
        "confidence": "89"
    },
    {
        "latitude": 13.3009,
        "longitude": -59.5862,
        "acq_date": "2018-05-02",
        "acq_time": "1451",
        "frp": 19.9,
        "instrument": "MODIS",
        "brightness": 324.2,
        "track": 1.2,
        "daynight": "D",
        "scan": 1.4,
        "version": "6.2",
        "satellite": "Terra",
        "type": "0",
        "bright_t31": 300,
        "confidence": "36"
    },
    {
        "latitude": 13.1469,
        "longitude": -59.5896,
        "acq_date": "2018-05-15",
        "acq_time": "1724",
        "frp": 14.1,
        "instrument": "MODIS",
        "brightness": 326.3,
        "track": 1,
        "daynight": "D",
        "scan": 1,
        "version": "6.2",
        "satellite": "Aqua",
        "type": "0",
        "bright_t31": 298.7,
        "confidence": "79"
    },
    {
        "latitude": 13.1483,
        "longitude": -59.5803,
        "acq_date": "2018-05-15",
        "acq_time": "1724",
        "frp": 15.4,
        "instrument": "MODIS",
        "brightness": 327.2,
        "track": 1,
        "daynight": "D",
        "scan": 1,
        "version": "6.2",
        "satellite": "Aqua",
        "type": "0",
        "bright_t31": 300.3,
        "confidence": "80"
    },
    {
        "latitude": 13.2226,
        "longitude": -59.6354,
        "acq_date": "2018-05-15",
        "acq_time": "1724",
        "frp": 13.2,
        "instrument": "MODIS",
        "brightness": 325.2,
        "track": 1,
        "daynight": "D",
        "scan": 1,
        "version": "6.2",
        "satellite": "Aqua",
        "type": "0",
        "bright_t31": 302,
        "confidence": "0"
    },
    {
        "latitude": 13.1309,
        "longitude": -59.4762,
        "acq_date": "2018-05-17",
        "acq_time": "1408",
        "frp": 63.5,
        "instrument": "MODIS",
        "brightness": 328,
        "track": 1.5,
        "daynight": "D",
        "scan": 2.4,
        "version": "6.2",
        "satellite": "Terra",
        "type": "0",
        "bright_t31": 296.7,
        "confidence": "81"
    },
    {
        "latitude": 13.1283,
        "longitude": -59.4549,
        "acq_date": "2018-05-17",
        "acq_time": "1408",
        "frp": 95.3,
        "instrument": "MODIS",
        "brightness": 335.5,
        "track": 1.5,
        "daynight": "D",
        "scan": 2.3,
        "version": "6.2",
        "satellite": "Terra",
        "type": "0",
        "bright_t31": 298.1,
        "confidence": "66"
    },
    {
        "latitude": 13.0839,
        "longitude": -59.5271,
        "acq_date": "2018-06-07",
        "acq_time": "1730",
        "frp": 20.9,
        "instrument": "MODIS",
        "brightness": 334.5,
        "track": 1,
        "daynight": "D",
        "scan": 1,
        "version": "6.2",
        "satellite": "Aqua",
        "type": "0",
        "bright_t31": 305,
        "confidence": "86"
    },
    {
        "latitude": 13.1625,
        "longitude": -59.5887,
        "acq_date": "2018-06-12",
        "acq_time": "1445",
        "frp": 10,
        "instrument": "MODIS",
        "brightness": 319.5,
        "track": 1.1,
        "daynight": "D",
        "scan": 1.1,
        "version": "6.2",
        "satellite": "Terra",
        "type": "0",
        "bright_t31": 299.8,
        "confidence": "66"
    },
    {
        "latitude": 13.1183,
        "longitude": -59.5811,
        "acq_date": "2018-06-13",
        "acq_time": "1653",
        "frp": 34.2,
        "instrument": "MODIS",
        "brightness": 315.7,
        "track": 1.7,
        "daynight": "D",
        "scan": 3.1,
        "version": "6.2",
        "satellite": "Aqua",
        "type": "0",
        "bright_t31": 292.1,
        "confidence": "40"
    },
    {
        "latitude": 13.0919,
        "longitude": -59.5497,
        "acq_date": "2018-06-15",
        "acq_time": "0550",
        "frp": 29.9,
        "instrument": "MODIS",
        "brightness": 327.5,
        "track": 1.1,
        "daynight": "N",
        "scan": 1.1,
        "version": "6.2",
        "satellite": "Aqua",
        "type": "0",
        "bright_t31": 293.2,
        "confidence": "100"
    },
    {
        "latitude": 13.0903,
        "longitude": -59.5394,
        "acq_date": "2018-06-15",
        "acq_time": "0550",
        "frp": 9.1,
        "instrument": "MODIS",
        "brightness": 308.8,
        "track": 1.1,
        "daynight": "N",
        "scan": 1.1,
        "version": "6.2",
        "satellite": "Aqua",
        "type": "0",
        "bright_t31": 293,
        "confidence": "63"
    },
    {
        "latitude": 13.1551,
        "longitude": -59.5145,
        "acq_date": "2018-06-27",
        "acq_time": "1705",
        "frp": 15.1,
        "instrument": "MODIS",
        "brightness": 316.5,
        "track": 1.3,
        "daynight": "D",
        "scan": 1.8,
        "version": "6.2",
        "satellite": "Aqua",
        "type": "0",
        "bright_t31": 297.2,
        "confidence": "65"
    },
    {
        "latitude": 13.1525,
        "longitude": -59.5304,
        "acq_date": "2018-06-27",
        "acq_time": "1705",
        "frp": 29,
        "instrument": "MODIS",
        "brightness": 322.5,
        "track": 1.3,
        "daynight": "D",
        "scan": 1.8,
        "version": "6.2",
        "satellite": "Aqua",
        "type": "0",
        "bright_t31": 297.8,
        "confidence": "75"
    },
    {
        "latitude": 13.1793,
        "longitude": -59.503,
        "acq_date": "2019-01-26",
        "acq_time": "0205",
        "frp": 16.9,
        "instrument": "MODIS",
        "brightness": 311.4,
        "track": 1.2,
        "daynight": "N",
        "scan": 1.4,
        "version": "6.3",
        "satellite": "Terra",
        "type": "0",
        "bright_t31": 292.3,
        "confidence": "75"
    },
    {
        "latitude": 13.0946,
        "longitude": -59.5511,
        "acq_date": "2019-02-07",
        "acq_time": "1748",
        "frp": 29.9,
        "instrument": "MODIS",
        "brightness": 324.7,
        "track": 1.3,
        "daynight": "D",
        "scan": 1.8,
        "version": "6.3",
        "satellite": "Aqua",
        "type": "0",
        "bright_t31": 301.7,
        "confidence": "78"
    },
    {
        "latitude": 13.2432,
        "longitude": -59.5761,
        "acq_date": "2019-02-14",
        "acq_time": "1450",
        "frp": 9.5,
        "instrument": "MODIS",
        "brightness": 312.8,
        "track": 1.1,
        "daynight": "D",
        "scan": 1.3,
        "version": "6.3",
        "satellite": "Terra",
        "type": "0",
        "bright_t31": 299.5,
        "confidence": "45"
    },
    {
        "latitude": 13.2452,
        "longitude": -59.5885,
        "acq_date": "2019-02-14",
        "acq_time": "1450",
        "frp": 35.9,
        "instrument": "MODIS",
        "brightness": 330,
        "track": 1.1,
        "daynight": "D",
        "scan": 1.3,
        "version": "6.3",
        "satellite": "Terra",
        "type": "0",
        "bright_t31": 298.3,
        "confidence": "83"
    },
    {
        "latitude": 13.1691,
        "longitude": -59.5349,
        "acq_date": "2019-03-05",
        "acq_time": "1647",
        "frp": 41.9,
        "instrument": "MODIS",
        "brightness": 311.3,
        "track": 1.9,
        "daynight": "D",
        "scan": 4,
        "version": "6.3",
        "satellite": "Aqua",
        "type": "0",
        "bright_t31": 294.5,
        "confidence": "45"
    },
    {
        "latitude": 13.1566,
        "longitude": -59.4464,
        "acq_date": "2019-03-11",
        "acq_time": "1748",
        "frp": 19.3,
        "instrument": "MODIS",
        "brightness": 317.5,
        "track": 1.3,
        "daynight": "D",
        "scan": 1.9,
        "version": "6.3",
        "satellite": "Aqua",
        "type": "0",
        "bright_t31": 298.2,
        "confidence": "0"
    },
    {
        "latitude": 13.1245,
        "longitude": -59.581,
        "acq_date": "2019-03-15",
        "acq_time": "1723",
        "frp": 10.4,
        "instrument": "MODIS",
        "brightness": 322.1,
        "track": 1,
        "daynight": "D",
        "scan": 1,
        "version": "6.3",
        "satellite": "Aqua",
        "type": "0",
        "bright_t31": 300.7,
        "confidence": "72"
    },
    {
        "latitude": 13.1272,
        "longitude": -59.4868,
        "acq_date": "2019-04-02",
        "acq_time": "1711",
        "frp": 10.5,
        "instrument": "MODIS",
        "brightness": 320.1,
        "track": 1.2,
        "daynight": "D",
        "scan": 1.4,
        "version": "6.3",
        "satellite": "Aqua",
        "type": "0",
        "bright_t31": 301.8,
        "confidence": "58"
    },
    {
        "latitude": 13.1315,
        "longitude": -59.4819,
        "acq_date": "2019-04-02",
        "acq_time": "1711",
        "frp": 20.8,
        "instrument": "MODIS",
        "brightness": 327.5,
        "track": 1.2,
        "daynight": "D",
        "scan": 1.4,
        "version": "6.3",
        "satellite": "Aqua",
        "type": "0",
        "bright_t31": 303,
        "confidence": "76"
    },
    {
        "latitude": 13.2838,
        "longitude": -59.6246,
        "acq_date": "2019-06-03",
        "acq_time": "1723",
        "frp": 6.7,
        "instrument": "MODIS",
        "brightness": 321.3,
        "track": 1,
        "daynight": "D",
        "scan": 1,
        "version": "6.3",
        "satellite": "Aqua",
        "type": "0",
        "bright_t31": 300.8,
        "confidence": "62"
    },
    {
        "latitude": 13.2877,
        "longitude": -59.6349,
        "acq_date": "2019-11-19",
        "acq_time": "1717",
        "frp": 8.4,
        "instrument": "MODIS",
        "brightness": 315.6,
        "track": 1.1,
        "daynight": "D",
        "scan": 1.1,
        "version": "6.3",
        "satellite": "Aqua",
        "type": "0",
        "bright_t31": 297.8,
        "confidence": "46"
    }
]
