[
    {
        "latitude": 18.7046,
        "longitude": -64.2793,
        "acq_date": "2018-05-02",
        "acq_time": "1450",
        "confidence": "56",
        "scan": 1.1,
        "instrument": "MODIS",
        "type": "3",
        "brightness": 313.9,
        "bright_t31": 302.5,
        "satellite": "Terra",
        "version": "6.2",
        "daynight": "D",
        "track": 1.1,
        "frp": 10.4
    },
    {
        "latitude": 18.4956,
        "longitude": -64.3373,
        "acq_date": "2018-06-03",
        "acq_time": "1450",
        "confidence": "41",
        "scan": 1.1,
        "instrument": "MODIS",
        "type": "3",
        "brightness": 311.1,
        "bright_t31": 299.5,
        "satellite": "Terra",
        "version": "6.2",
        "daynight": "D",
        "track": 1.1,
        "frp": 6.9
    },
    {
        "latitude": 18.496,
        "longitude": -64.3364,
        "acq_date": "2018-08-15",
        "acq_time": "1444",
        "confidence": "45",
        "scan": 1.3,
        "instrument": "MODIS",
        "type": "3",
        "brightness": 310.9,
        "bright_t31": 297.6,
        "satellite": "Terra",
        "version": "6.2",
        "daynight": "D",
        "track": 1.1,
        "frp": 9.3
    }
]
