[
    {
        "latitude": 12.1332,
        "longitude": -68.9356,
        "acq_date": "2015-01-23",
        "acq_time": "1509",
        "scan": 1,
        "satellite": "Terra",
        "instrument": "MODIS",
        "track": 1,
        "daynight": "D",
        "confidence": "0",
        "version": "6.2",
        "bright_t31": 302.8,
        "type": "0",
        "brightness": 318.1,
        "frp": 7.1
    },
    {
        "latitude": 12.1358,
        "longitude": -68.9331,
        "acq_date": "2015-02-11",
        "acq_time": "0615",
        "scan": 1,
        "satellite": "Aqua",
        "instrument": "MODIS",
        "track": 1,
        "daynight": "N",
        "confidence": "63",
        "version": "6.2",
        "bright_t31": 293.2,
        "type": "0",
        "brightness": 308.8,
        "frp": 7.2
    },
    {
        "latitude": 12.1334,
        "longitude": -68.9355,
        "acq_date": "2015-08-17",
        "acq_time": "0556",
        "scan": 1.8,
        "satellite": "Aqua",
        "instrument": "MODIS",
        "track": 1.3,
        "daynight": "N",
        "confidence": "42",
        "version": "6.2",
        "bright_t31": 289.7,
        "type": "0",
        "brightness": 306.1,
        "frp": 14
    },
    {
        "latitude": 12.0418,
        "longitude": -68.7908,
        "acq_date": "2015-09-13",
        "acq_time": "1504",
        "scan": 1.1,
        "satellite": "Terra",
        "instrument": "MODIS",
        "track": 1.1,
        "daynight": "D",
        "confidence": "55",
        "version": "6.2",
        "bright_t31": 300.3,
        "type": "3",
        "brightness": 313.4,
        "frp": 9.4
    },
    {
        "latitude": 12.0473,
        "longitude": -68.7556,
        "acq_date": "2015-10-22",
        "acq_time": "1510",
        "scan": 1,
        "satellite": "Terra",
        "instrument": "MODIS",
        "track": 1,
        "daynight": "D",
        "confidence": "57",
        "version": "6.2",
        "bright_t31": 303.6,
        "type": "3",
        "brightness": 316.5,
        "frp": 9.5
    },
    {
        "latitude": 12.1339,
        "longitude": -68.9374,
        "acq_date": "2015-11-09",
        "acq_time": "0243",
        "scan": 1.5,
        "satellite": "Terra",
        "instrument": "MODIS",
        "track": 1.2,
        "daynight": "N",
        "confidence": "85",
        "version": "6.2",
        "bright_t31": 293.9,
        "type": "0",
        "brightness": 314.4,
        "frp": 17.9
    },
    {
        "latitude": 12.1341,
        "longitude": -68.9274,
        "acq_date": "2015-12-09",
        "acq_time": "0255",
        "scan": 1,
        "satellite": "Terra",
        "instrument": "MODIS",
        "track": 1,
        "daynight": "N",
        "confidence": "49",
        "version": "6.2",
        "bright_t31": 295.7,
        "type": "0",
        "brightness": 306.9,
        "frp": 5.5
    },
    {
        "latitude": 12.1728,
        "longitude": -68.9762,
        "acq_date": "2016-03-04",
        "acq_time": "0646",
        "scan": 2.4,
        "satellite": "Aqua",
        "instrument": "MODIS",
        "track": 1.5,
        "daynight": "N",
        "confidence": "50",
        "version": "6.2",
        "bright_t31": 293.7,
        "type": "0",
        "brightness": 307,
        "frp": 22.7
    },
    {
        "latitude": 12.1642,
        "longitude": -68.9846,
        "acq_date": "2016-03-04",
        "acq_time": "0646",
        "scan": 2.4,
        "satellite": "Aqua",
        "instrument": "MODIS",
        "track": 1.5,
        "daynight": "N",
        "confidence": "69",
        "version": "6.2",
        "bright_t31": 294.1,
        "type": "0",
        "brightness": 310.1,
        "frp": 29.8
    },
    {
        "latitude": 12.1309,
        "longitude": -68.9314,
        "acq_date": "2017-04-09",
        "acq_time": "0300",
        "scan": 1,
        "satellite": "Terra",
        "instrument": "MODIS",
        "track": 1,
        "daynight": "N",
        "confidence": "43",
        "version": "6.2",
        "bright_t31": 296.2,
        "type": "0",
        "brightness": 306.3,
        "frp": 4.6
    },
    {
        "latitude": 12.3224,
        "longitude": -69.0725,
        "acq_date": "2017-11-28",
        "acq_time": "1812",
        "scan": 1.1,
        "satellite": "Aqua",
        "instrument": "MODIS",
        "track": 1,
        "daynight": "D",
        "confidence": "73",
        "version": "6.2",
        "bright_t31": 303.4,
        "type": "0",
        "brightness": 320.9,
        "frp": 9.8
    },
    {
        "latitude": 12.321,
        "longitude": -69.0826,
        "acq_date": "2017-11-28",
        "acq_time": "1812",
        "scan": 1.1,
        "satellite": "Aqua",
        "instrument": "MODIS",
        "track": 1,
        "daynight": "D",
        "confidence": "60",
        "version": "6.2",
        "bright_t31": 302.4,
        "type": "0",
        "brightness": 317.8,
        "frp": 6.5
    }
]
