[
    {
        "latitude": 15.4667,
        "longitude": -61.4417,
        "acq_date": "2015-05-17",
        "acq_time": "0243",
        "version": "6.2",
        "type": "0",
        "bright_t31": 293.4,
        "satellite": "Terra",
        "track": 1.2,
        "brightness": 305.6,
        "frp": 11.5,
        "confidence": "34",
        "scan": 1.5,
        "instrument": "MODIS",
        "daynight": "N"
    },
    {
        "latitude": 15.4597,
        "longitude": -61.4378,
        "acq_date": "2015-07-04",
        "acq_time": "1457",
        "version": "6.2",
        "type": "0",
        "bright_t31": 300.3,
        "satellite": "Terra",
        "track": 1.1,
        "brightness": 313,
        "frp": 10.1,
        "confidence": "42",
        "scan": 1.2,
        "instrument": "MODIS",
        "daynight": "D"
    },
    {
        "latitude": 15.3056,
        "longitude": -61.3823,
        "acq_date": "2016-08-30",
        "acq_time": "1502",
        "version": "6.2",
        "type": "0",
        "bright_t31": 299.9,
        "satellite": "Terra",
        "track": 1.2,
        "brightness": 311.6,
        "frp": 13.1,
        "confidence": "0",
        "scan": 1.5,
        "instrument": "MODIS",
        "daynight": "D"
    },
    {
        "latitude": 15.3049,
        "longitude": -61.3824,
        "acq_date": "2017-07-11",
        "acq_time": "1444",
        "version": "6.2",
        "type": "0",
        "bright_t31": 300.2,
        "satellite": "Terra",
        "track": 1,
        "brightness": 314.3,
        "frp": 9.6,
        "confidence": "0",
        "scan": 1,
        "instrument": "MODIS",
        "daynight": "D"
    },
    {
        "latitude": 15.561,
        "longitude": -61.3546,
        "acq_date": "2017-11-22",
        "acq_time": "1711",
        "version": "6.2",
        "type": "0",
        "bright_t31": 296.4,
        "satellite": "Aqua",
        "track": 1.3,
        "brightness": 313,
        "frp": 13.9,
        "confidence": "56",
        "scan": 1.7,
        "instrument": "MODIS",
        "daynight": "D"
    },
    {
        "latitude": 15.5723,
        "longitude": -61.4102,
        "acq_date": "2017-11-27",
        "acq_time": "1730",
        "version": "6.2",
        "type": "0",
        "bright_t31": 300,
        "satellite": "Aqua",
        "track": 1,
        "brightness": 311.9,
        "frp": 4.7,
        "confidence": "51",
        "scan": 1,
        "instrument": "MODIS",
        "daynight": "D"
    },
    {
        "latitude": 15.3462,
        "longitude": -61.3834,
        "acq_date": "2019-02-16",
        "acq_time": "1437",
        "version": "6.3",
        "type": "0",
        "bright_t31": 299,
        "satellite": "Terra",
        "track": 1,
        "brightness": 310.1,
        "frp": 5.9,
        "confidence": "16",
        "scan": 1.1,
        "instrument": "MODIS",
        "daynight": "D"
    },
    {
        "latitude": 15.4372,
        "longitude": -61.4269,
        "acq_date": "2019-03-09",
        "acq_time": "1456",
        "version": "6.3",
        "type": "0",
        "bright_t31": 297.5,
        "satellite": "Terra",
        "track": 1.1,
        "brightness": 316.3,
        "frp": 14.5,
        "confidence": "49",
        "scan": 1.2,
        "instrument": "MODIS",
        "daynight": "D"
    },
    {
        "latitude": 15.3351,
        "longitude": -61.3835,
        "acq_date": "2019-03-17",
        "acq_time": "1712",
        "version": "6.3",
        "type": "2",
        "bright_t31": 299.4,
        "satellite": "Aqua",
        "track": 1.3,
        "brightness": 312.6,
        "frp": 18.4,
        "confidence": "0",
        "scan": 1.7,
        "instrument": "MODIS",
        "daynight": "D"
    },
    {
        "latitude": 15.4607,
        "longitude": -61.4387,
        "acq_date": "2019-03-22",
        "acq_time": "1730",
        "version": "6.3",
        "type": "0",
        "bright_t31": 304.1,
        "satellite": "Aqua",
        "track": 1,
        "brightness": 336.3,
        "frp": 28.6,
        "confidence": "62",
        "scan": 1,
        "instrument": "MODIS",
        "daynight": "D"
    },
    {
        "latitude": 15.4696,
        "longitude": -61.4402,
        "acq_date": "2019-03-22",
        "acq_time": "1730",
        "version": "6.3",
        "type": "0",
        "bright_t31": 302,
        "satellite": "Aqua",
        "track": 1,
        "brightness": 322.8,
        "frp": 13,
        "confidence": "39",
        "scan": 1,
        "instrument": "MODIS",
        "daynight": "D"
    }
]
