[
    {
        "latitude": 12.4556,
        "longitude": -61.4654,
        "acq_date": "2018-04-27",
        "acq_time": "1433",
        "bright_t31": 298.6,
        "confidence": "47",
        "satellite": "Terra",
        "daynight": "D",
        "version": "6.2",
        "scan": 1.2,
        "track": 1.1,
        "brightness": 314.5,
        "type": "3",
        "instrument": "MODIS",
        "frp": 11.1
    },
    {
        "latitude": 12.1508,
        "longitude": -61.6287,
        "acq_date": "2019-01-17",
        "acq_time": "1729",
        "bright_t31": 299.2,
        "confidence": "46",
        "satellite": "Aqua",
        "daynight": "D",
        "version": "6.3",
        "scan": 1.1,
        "track": 1,
        "brightness": 312.4,
        "type": "0",
        "instrument": "MODIS",
        "frp": 6.4
    }
]
