[
    {
        "latitude": 16.0207,
        "longitude": -61.7348,
        "acq_date": "2015-01-25",
        "acq_time": "1456",
        "bright_t31": 301.1,
        "daynight": "D",
        "type": "0",
        "frp": 9.2,
        "confidence": "45",
        "satellite": "Terra",
        "instrument": "MODIS",
        "track": 1.1,
        "version": "6.2",
        "brightness": 313.8,
        "scan": 1.2
    },
    {
        "latitude": 16.2211,
        "longitude": -61.4885,
        "acq_date": "2015-01-29",
        "acq_time": "1737",
        "bright_t31": 300.5,
        "daynight": "D",
        "type": "0",
        "frp": 3.9,
        "confidence": "47",
        "satellite": "Aqua",
        "instrument": "MODIS",
        "track": 1,
        "version": "6.2",
        "brightness": 311.6,
        "scan": 1
    },
    {
        "latitude": 16.2784,
        "longitude": -61.2551,
        "acq_date": "2015-03-13",
        "acq_time": "1719",
        "bright_t31": 300.1,
        "daynight": "D",
        "type": "0",
        "frp": 13.8,
        "confidence": "62",
        "satellite": "Aqua",
        "instrument": "MODIS",
        "track": 1.1,
        "version": "6.2",
        "brightness": 320.4,
        "scan": 1.3
    },
    {
        "latitude": 16.2765,
        "longitude": -61.2668,
        "acq_date": "2015-03-13",
        "acq_time": "1719",
        "bright_t31": 301.7,
        "daynight": "D",
        "type": "0",
        "frp": 9.3,
        "confidence": "67",
        "satellite": "Aqua",
        "instrument": "MODIS",
        "track": 1.1,
        "version": "6.2",
        "brightness": 317.3,
        "scan": 1.3
    },
    {
        "latitude": 16.2554,
        "longitude": -61.2478,
        "acq_date": "2015-05-03",
        "acq_time": "1750",
        "bright_t31": 298.8,
        "daynight": "D",
        "type": "3",
        "frp": 11.9,
        "confidence": "33",
        "satellite": "Aqua",
        "instrument": "MODIS",
        "track": 1.2,
        "version": "6.2",
        "brightness": 311.2,
        "scan": 1.6
    },
    {
        "latitude": 16.3973,
        "longitude": -61.4464,
        "acq_date": "2015-05-04",
        "acq_time": "1655",
        "bright_t31": 297.7,
        "daynight": "D",
        "type": "0",
        "frp": 33.9,
        "confidence": "46",
        "satellite": "Aqua",
        "instrument": "MODIS",
        "track": 1.8,
        "version": "6.2",
        "brightness": 314.3,
        "scan": 3.6
    },
    {
        "latitude": 16.2315,
        "longitude": -61.6782,
        "acq_date": "2015-05-15",
        "acq_time": "1508",
        "bright_t31": 296.3,
        "daynight": "D",
        "type": "0",
        "frp": 31.3,
        "confidence": "68",
        "satellite": "Terra",
        "instrument": "MODIS",
        "track": 1.3,
        "version": "6.2",
        "brightness": 320.5,
        "scan": 1.8
    },
    {
        "latitude": 16.2285,
        "longitude": -61.6612,
        "acq_date": "2015-05-15",
        "acq_time": "1508",
        "bright_t31": 297.5,
        "daynight": "D",
        "type": "0",
        "frp": 24.8,
        "confidence": "61",
        "satellite": "Terra",
        "instrument": "MODIS",
        "track": 1.3,
        "version": "6.2",
        "brightness": 318.3,
        "scan": 1.8
    },
    {
        "latitude": 16.2867,
        "longitude": -61.499,
        "acq_date": "2015-06-04",
        "acq_time": "1444",
        "bright_t31": 300.8,
        "daynight": "D",
        "type": "0",
        "frp": 21.2,
        "confidence": "84",
        "satellite": "Terra",
        "instrument": "MODIS",
        "track": 1,
        "version": "6.2",
        "brightness": 331.7,
        "scan": 1
    },
    {
        "latitude": 16.3033,
        "longitude": -61.6827,
        "acq_date": "2015-06-06",
        "acq_time": "1737",
        "bright_t31": 304.5,
        "daynight": "D",
        "type": "0",
        "frp": 24.3,
        "confidence": "87",
        "satellite": "Aqua",
        "instrument": "MODIS",
        "track": 1,
        "version": "6.2",
        "brightness": 335,
        "scan": 1
    },
    {
        "latitude": 16.302,
        "longitude": -61.6923,
        "acq_date": "2015-06-06",
        "acq_time": "1737",
        "bright_t31": 304.7,
        "daynight": "D",
        "type": "0",
        "frp": 11.4,
        "confidence": "52",
        "satellite": "Aqua",
        "instrument": "MODIS",
        "track": 1,
        "version": "6.2",
        "brightness": 324.8,
        "scan": 1
    },
    {
        "latitude": 16.3364,
        "longitude": -61.7378,
        "acq_date": "2015-06-09",
        "acq_time": "1502",
        "bright_t31": 297.7,
        "daynight": "D",
        "type": "0",
        "frp": 23.2,
        "confidence": "68",
        "satellite": "Terra",
        "instrument": "MODIS",
        "track": 1.2,
        "version": "6.2",
        "brightness": 323.9,
        "scan": 1.4
    },
    {
        "latitude": 16.3342,
        "longitude": -61.7246,
        "acq_date": "2015-06-09",
        "acq_time": "1502",
        "bright_t31": 296.5,
        "daynight": "D",
        "type": "0",
        "frp": 30.2,
        "confidence": "68",
        "satellite": "Terra",
        "instrument": "MODIS",
        "track": 1.2,
        "version": "6.2",
        "brightness": 327.6,
        "scan": 1.4
    },
    {
        "latitude": 16.3066,
        "longitude": -61.6889,
        "acq_date": "2015-06-09",
        "acq_time": "1502",
        "bright_t31": 299.8,
        "daynight": "D",
        "type": "0",
        "frp": 50.7,
        "confidence": "88",
        "satellite": "Terra",
        "instrument": "MODIS",
        "track": 1.2,
        "version": "6.2",
        "brightness": 336.7,
        "scan": 1.4
    },
    {
        "latitude": 16.3044,
        "longitude": -61.6755,
        "acq_date": "2015-06-09",
        "acq_time": "1502",
        "bright_t31": 299.8,
        "daynight": "D",
        "type": "0",
        "frp": 29.7,
        "confidence": "81",
        "satellite": "Terra",
        "instrument": "MODIS",
        "track": 1.2,
        "version": "6.2",
        "brightness": 328.2,
        "scan": 1.4
    },
    {
        "latitude": 16.2441,
        "longitude": -61.6808,
        "acq_date": "2015-06-11",
        "acq_time": "1450",
        "bright_t31": 297,
        "daynight": "D",
        "type": "0",
        "frp": 7.1,
        "confidence": "46",
        "satellite": "Terra",
        "instrument": "MODIS",
        "track": 1,
        "version": "6.2",
        "brightness": 315.6,
        "scan": 1
    },
    {
        "latitude": 16.2987,
        "longitude": -61.336,
        "acq_date": "2015-06-30",
        "acq_time": "1521",
        "bright_t31": 294.4,
        "daynight": "D",
        "type": "0",
        "frp": 91.1,
        "confidence": "78",
        "satellite": "Terra",
        "instrument": "MODIS",
        "track": 1.7,
        "version": "6.2",
        "brightness": 325,
        "scan": 3.4
    },
    {
        "latitude": 16.3028,
        "longitude": -61.3403,
        "acq_date": "2015-06-30",
        "acq_time": "1521",
        "bright_t31": 294.3,
        "daynight": "D",
        "type": "0",
        "frp": 112.6,
        "confidence": "81",
        "satellite": "Terra",
        "instrument": "MODIS",
        "track": 1.7,
        "version": "6.2",
        "brightness": 328.4,
        "scan": 3.4
    },
    {
        "latitude": 16.4179,
        "longitude": -61.4186,
        "acq_date": "2016-03-06",
        "acq_time": "1724",
        "bright_t31": 302.3,
        "daynight": "D",
        "type": "0",
        "frp": 11.7,
        "confidence": "64",
        "satellite": "Aqua",
        "instrument": "MODIS",
        "track": 1,
        "version": "6.2",
        "brightness": 324,
        "scan": 1.1
    },
    {
        "latitude": 15.9363,
        "longitude": -61.2768,
        "acq_date": "2017-02-12",
        "acq_time": "1730",
        "bright_t31": 300.4,
        "daynight": "D",
        "type": "0",
        "frp": 7.6,
        "confidence": "62",
        "satellite": "Aqua",
        "instrument": "MODIS",
        "track": 1,
        "version": "6.2",
        "brightness": 314.9,
        "scan": 1
    },
    {
        "latitude": 16.4249,
        "longitude": -61.4171,
        "acq_date": "2017-03-03",
        "acq_time": "1455",
        "bright_t31": 298.6,
        "daynight": "D",
        "type": "0",
        "frp": 10.7,
        "confidence": "51",
        "satellite": "Terra",
        "instrument": "MODIS",
        "track": 1.1,
        "version": "6.2",
        "brightness": 317.5,
        "scan": 1.2
    },
    {
        "latitude": 15.9922,
        "longitude": -61.2794,
        "acq_date": "2017-07-13",
        "acq_time": "1736",
        "bright_t31": 295.8,
        "daynight": "D",
        "type": "0",
        "frp": 9.4,
        "confidence": "58",
        "satellite": "Aqua",
        "instrument": "MODIS",
        "track": 1,
        "version": "6.2",
        "brightness": 317.1,
        "scan": 1
    },
    {
        "latitude": 16.424,
        "longitude": -61.4337,
        "acq_date": "2018-04-04",
        "acq_time": "1731",
        "bright_t31": 301.4,
        "daynight": "D",
        "type": "0",
        "frp": 10.8,
        "confidence": "77",
        "satellite": "Aqua",
        "instrument": "MODIS",
        "track": 1,
        "version": "6.2",
        "brightness": 324.3,
        "scan": 1
    },
    {
        "latitude": 16.2402,
        "longitude": -61.5615,
        "acq_date": "2018-05-27",
        "acq_time": "1445",
        "bright_t31": 301.9,
        "daynight": "D",
        "type": "0",
        "frp": 9,
        "confidence": "0",
        "satellite": "Terra",
        "instrument": "MODIS",
        "track": 1,
        "version": "6.2",
        "brightness": 320.5,
        "scan": 1
    },
    {
        "latitude": 15.9311,
        "longitude": -61.3268,
        "acq_date": "2018-06-07",
        "acq_time": "1730",
        "bright_t31": 295.9,
        "daynight": "D",
        "type": "0",
        "frp": 8.7,
        "confidence": "0",
        "satellite": "Aqua",
        "instrument": "MODIS",
        "track": 1,
        "version": "6.2",
        "brightness": 318.8,
        "scan": 1
    },
    {
        "latitude": 16.293,
        "longitude": -61.3154,
        "acq_date": "2019-03-16",
        "acq_time": "1502",
        "bright_t31": 294.6,
        "daynight": "D",
        "type": "0",
        "frp": 41.5,
        "confidence": "83",
        "satellite": "Terra",
        "instrument": "MODIS",
        "track": 1.2,
        "version": "6.3",
        "brightness": 330.5,
        "scan": 1.5
    },
    {
        "latitude": 16.2907,
        "longitude": -61.3018,
        "acq_date": "2019-03-16",
        "acq_time": "1502",
        "bright_t31": 294.7,
        "daynight": "D",
        "type": "0",
        "frp": 17.6,
        "confidence": "65",
        "satellite": "Terra",
        "instrument": "MODIS",
        "track": 1.2,
        "version": "6.3",
        "brightness": 317.9,
        "scan": 1.5
    },
    {
        "latitude": 16.4044,
        "longitude": -61.4501,
        "acq_date": "2019-03-24",
        "acq_time": "1718",
        "bright_t31": 304,
        "daynight": "D",
        "type": "0",
        "frp": 112.7,
        "confidence": "99",
        "satellite": "Aqua",
        "instrument": "MODIS",
        "track": 1.1,
        "version": "6.3",
        "brightness": 359.5,
        "scan": 1.3
    },
    {
        "latitude": 16.2408,
        "longitude": -61.5597,
        "acq_date": "2019-08-29",
        "acq_time": "1730",
        "bright_t31": 299.9,
        "daynight": "D",
        "type": "2",
        "frp": 6.1,
        "confidence": "0",
        "satellite": "Aqua",
        "instrument": "MODIS",
        "track": 1,
        "version": "6.3",
        "brightness": 317.1,
        "scan": 1
    }
]
