[
    {
        "latitude": 14.4885,
        "longitude": -60.9779,
        "acq_date": "2015-02-19",
        "acq_time": "0236",
        "daynight": "N",
        "frp": 7.4,
        "satellite": "Terra",
        "confidence": "27",
        "bright_t31": 292.6,
        "scan": 1.2,
        "version": "6.2",
        "type": "0",
        "instrument": "MODIS",
        "track": 1.1,
        "brightness": 305.3
    },
    {
        "latitude": 14.7843,
        "longitude": -61.0081,
        "acq_date": "2015-06-02",
        "acq_time": "1457",
        "daynight": "D",
        "frp": 15.6,
        "satellite": "Terra",
        "confidence": "37",
        "bright_t31": 299.8,
        "scan": 1.3,
        "version": "6.2",
        "type": "0",
        "instrument": "MODIS",
        "track": 1.1,
        "brightness": 319.4
    },
    {
        "latitude": 14.7869,
        "longitude": -61.0138,
        "acq_date": "2015-06-02",
        "acq_time": "1457",
        "daynight": "D",
        "frp": 16.4,
        "satellite": "Terra",
        "confidence": "53",
        "bright_t31": 299.1,
        "scan": 1.3,
        "version": "6.2",
        "type": "0",
        "instrument": "MODIS",
        "track": 1.1,
        "brightness": 319.8
    },
    {
        "latitude": 14.4804,
        "longitude": -60.9798,
        "acq_date": "2015-06-06",
        "acq_time": "0219",
        "daynight": "N",
        "frp": 0,
        "satellite": "Terra",
        "confidence": "98",
        "bright_t31": 294.4,
        "scan": 1.1,
        "version": "6.2",
        "type": "3",
        "instrument": "MODIS",
        "track": 1,
        "brightness": 328.7
    },
    {
        "latitude": 14.4897,
        "longitude": -60.9812,
        "acq_date": "2015-06-06",
        "acq_time": "0219",
        "daynight": "N",
        "frp": 17.5,
        "satellite": "Terra",
        "confidence": "98",
        "bright_t31": 293.5,
        "scan": 1.1,
        "version": "6.2",
        "type": "0",
        "instrument": "MODIS",
        "track": 1,
        "brightness": 319.3
    },
    {
        "latitude": 14.4889,
        "longitude": -60.9784,
        "acq_date": "2015-08-07",
        "acq_time": "0231",
        "daynight": "N",
        "frp": 6.7,
        "satellite": "Terra",
        "confidence": "49",
        "bright_t31": 292.8,
        "scan": 1.1,
        "version": "6.2",
        "type": "0",
        "instrument": "MODIS",
        "track": 1,
        "brightness": 306.9
    },
    {
        "latitude": 14.4876,
        "longitude": -60.9881,
        "acq_date": "2015-08-07",
        "acq_time": "0231",
        "daynight": "N",
        "frp": 7.3,
        "satellite": "Terra",
        "confidence": "55",
        "bright_t31": 292.5,
        "scan": 1.1,
        "version": "6.2",
        "type": "0",
        "instrument": "MODIS",
        "track": 1,
        "brightness": 307.5
    },
    {
        "latitude": 14.6106,
        "longitude": -61.0572,
        "acq_date": "2016-08-04",
        "acq_time": "1729",
        "daynight": "D",
        "frp": 6.7,
        "satellite": "Aqua",
        "confidence": "20",
        "bright_t31": 291.8,
        "scan": 1,
        "version": "6.2",
        "type": "0",
        "instrument": "MODIS",
        "track": 1,
        "brightness": 310.9
    },
    {
        "latitude": 14.6088,
        "longitude": -61.0702,
        "acq_date": "2016-08-12",
        "acq_time": "1515",
        "daynight": "D",
        "frp": 31.9,
        "satellite": "Terra",
        "confidence": "0",
        "bright_t31": 291.8,
        "scan": 2.9,
        "version": "6.2",
        "type": "0",
        "instrument": "MODIS",
        "track": 1.6,
        "brightness": 310.1
    },
    {
        "latitude": 14.4942,
        "longitude": -60.8743,
        "acq_date": "2017-02-08",
        "acq_time": "1450",
        "daynight": "D",
        "frp": 7,
        "satellite": "Terra",
        "confidence": "54",
        "bright_t31": 298.5,
        "scan": 1.1,
        "version": "6.2",
        "type": "0",
        "instrument": "MODIS",
        "track": 1,
        "brightness": 312.5
    },
    {
        "latitude": 14.4926,
        "longitude": -60.8641,
        "acq_date": "2017-02-08",
        "acq_time": "1450",
        "daynight": "D",
        "frp": 11,
        "satellite": "Terra",
        "confidence": "67",
        "bright_t31": 299.1,
        "scan": 1.1,
        "version": "6.2",
        "type": "0",
        "instrument": "MODIS",
        "track": 1.1,
        "brightness": 316.9
    },
    {
        "latitude": 14.6113,
        "longitude": -61.0837,
        "acq_date": "2017-09-09",
        "acq_time": "1509",
        "daynight": "D",
        "frp": 18.8,
        "satellite": "Terra",
        "confidence": "0",
        "bright_t31": 295.2,
        "scan": 2.2,
        "version": "6.2",
        "type": "0",
        "instrument": "MODIS",
        "track": 1.4,
        "brightness": 312.6
    },
    {
        "latitude": 14.4802,
        "longitude": -60.9847,
        "acq_date": "2018-03-31",
        "acq_time": "0237",
        "daynight": "N",
        "frp": 30.3,
        "satellite": "Terra",
        "confidence": "100",
        "bright_t31": 293.5,
        "scan": 1.2,
        "version": "6.2",
        "type": "3",
        "instrument": "MODIS",
        "track": 1.1,
        "brightness": 326.7
    },
    {
        "latitude": 14.4899,
        "longitude": -60.9861,
        "acq_date": "2018-03-31",
        "acq_time": "0237",
        "daynight": "N",
        "frp": 10,
        "satellite": "Terra",
        "confidence": "60",
        "bright_t31": 292.4,
        "scan": 1.2,
        "version": "6.2",
        "type": "0",
        "instrument": "MODIS",
        "track": 1.1,
        "brightness": 308.3
    },
    {
        "latitude": 14.4924,
        "longitude": -60.9766,
        "acq_date": "2018-03-31",
        "acq_time": "0526",
        "daynight": "N",
        "frp": 21.7,
        "satellite": "Aqua",
        "confidence": "65",
        "bright_t31": 291.5,
        "scan": 1.9,
        "version": "6.2",
        "type": "0",
        "instrument": "MODIS",
        "track": 1.3,
        "brightness": 309.1
    },
    {
        "latitude": 14.5545,
        "longitude": -60.9795,
        "acq_date": "2019-02-27",
        "acq_time": "1724",
        "daynight": "D",
        "frp": 5,
        "satellite": "Aqua",
        "confidence": "28",
        "bright_t31": 298.5,
        "scan": 1.1,
        "version": "6.3",
        "type": "0",
        "instrument": "MODIS",
        "track": 1,
        "brightness": 313.1
    },
    {
        "latitude": 14.6093,
        "longitude": -61.0576,
        "acq_date": "2019-08-24",
        "acq_time": "1711",
        "daynight": "D",
        "frp": 15.8,
        "satellite": "Aqua",
        "confidence": "0",
        "bright_t31": 298.5,
        "scan": 1.7,
        "version": "6.3",
        "type": "2",
        "instrument": "MODIS",
        "track": 1.3,
        "brightness": 314.8
    }
]
