[
    {
        "latitude": 16.7552,
        "longitude": -62.1624,
        "acq_date": "2015-05-15",
        "acq_time": "1508",
        "version": "6.2",
        "satellite": "Terra",
        "instrument": "MODIS",
        "scan": 1.7,
        "track": 1.3,
        "type": "0",
        "daynight": "D",
        "brightness": 314.5,
        "bright_t31": 300.3,
        "frp": 16.1,
        "confidence": "0"
    },
    {
        "latitude": 16.7521,
        "longitude": -62.1624,
        "acq_date": "2015-08-20",
        "acq_time": "1718",
        "version": "6.2",
        "satellite": "Aqua",
        "instrument": "MODIS",
        "scan": 1.4,
        "track": 1.2,
        "type": "0",
        "daynight": "D",
        "brightness": 317.3,
        "bright_t31": 299.4,
        "frp": 14.5,
        "confidence": "0"
    },
    {
        "latitude": 16.7469,
        "longitude": -62.1604,
        "acq_date": "2016-01-09",
        "acq_time": "1730",
        "version": "6.2",
        "satellite": "Aqua",
        "instrument": "MODIS",
        "scan": 1,
        "track": 1,
        "type": "0",
        "daynight": "D",
        "brightness": 315.3,
        "bright_t31": 301.6,
        "frp": 9.8,
        "confidence": "24"
    },
    {
        "latitude": 16.7566,
        "longitude": -62.1572,
        "acq_date": "2016-02-03",
        "acq_time": "1724",
        "version": "6.2",
        "satellite": "Aqua",
        "instrument": "MODIS",
        "scan": 1.2,
        "track": 1.1,
        "type": "0",
        "daynight": "D",
        "brightness": 315,
        "bright_t31": 302.8,
        "frp": 10.4,
        "confidence": "0"
    },
    {
        "latitude": 16.7461,
        "longitude": -62.1592,
        "acq_date": "2016-03-07",
        "acq_time": "1501",
        "version": "6.2",
        "satellite": "Terra",
        "instrument": "MODIS",
        "scan": 1.3,
        "track": 1.1,
        "type": "0",
        "daynight": "D",
        "brightness": 315.5,
        "bright_t31": 303,
        "frp": 12.1,
        "confidence": "0"
    },
    {
        "latitude": 16.7596,
        "longitude": -62.1565,
        "acq_date": "2016-09-15",
        "acq_time": "1502",
        "version": "6.2",
        "satellite": "Terra",
        "instrument": "MODIS",
        "scan": 1.3,
        "track": 1.1,
        "type": "0",
        "daynight": "D",
        "brightness": 315.7,
        "bright_t31": 300.8,
        "frp": 13.1,
        "confidence": "0"
    },
    {
        "latitude": 16.7565,
        "longitude": -62.1585,
        "acq_date": "2016-10-30",
        "acq_time": "1736",
        "version": "6.2",
        "satellite": "Aqua",
        "instrument": "MODIS",
        "scan": 1,
        "track": 1,
        "type": "0",
        "daynight": "D",
        "brightness": 316.8,
        "bright_t31": 302.8,
        "frp": 8.7,
        "confidence": "0"
    },
    {
        "latitude": 16.739,
        "longitude": -62.1586,
        "acq_date": "2017-03-27",
        "acq_time": "1712",
        "version": "6.2",
        "satellite": "Aqua",
        "instrument": "MODIS",
        "scan": 1.8,
        "track": 1.3,
        "type": "0",
        "daynight": "D",
        "brightness": 314.9,
        "bright_t31": 297.1,
        "frp": 20.9,
        "confidence": "0"
    },
    {
        "latitude": 16.7483,
        "longitude": -62.1595,
        "acq_date": "2017-04-02",
        "acq_time": "1508",
        "version": "6.2",
        "satellite": "Terra",
        "instrument": "MODIS",
        "scan": 1.6,
        "track": 1.3,
        "type": "0",
        "daynight": "D",
        "brightness": 317.2,
        "bright_t31": 303.6,
        "frp": 20,
        "confidence": "0"
    },
    {
        "latitude": 16.7519,
        "longitude": -62.163,
        "acq_date": "2017-04-12",
        "acq_time": "1712",
        "version": "6.2",
        "satellite": "Aqua",
        "instrument": "MODIS",
        "scan": 1.8,
        "track": 1.3,
        "type": "0",
        "daynight": "D",
        "brightness": 316.8,
        "bright_t31": 301.1,
        "frp": 24,
        "confidence": "0"
    },
    {
        "latitude": 16.7445,
        "longitude": -62.1594,
        "acq_date": "2017-08-14",
        "acq_time": "1736",
        "version": "6.2",
        "satellite": "Aqua",
        "instrument": "MODIS",
        "scan": 1,
        "track": 1,
        "type": "0",
        "daynight": "D",
        "brightness": 315.6,
        "bright_t31": 298.1,
        "frp": 7.6,
        "confidence": "0"
    },
    {
        "latitude": 16.7589,
        "longitude": -62.1561,
        "acq_date": "2018-10-11",
        "acq_time": "1438",
        "version": "6.2",
        "satellite": "Terra",
        "instrument": "MODIS",
        "scan": 1.2,
        "track": 1.1,
        "type": "0",
        "daynight": "D",
        "brightness": 316.3,
        "bright_t31": 298.9,
        "frp": 11.7,
        "confidence": "0"
    },
    {
        "latitude": 16.7566,
        "longitude": -62.1588,
        "acq_date": "2019-03-22",
        "acq_time": "1731",
        "version": "6.3",
        "satellite": "Aqua",
        "instrument": "MODIS",
        "scan": 1,
        "track": 1,
        "type": "1",
        "daynight": "D",
        "brightness": 317.9,
        "bright_t31": 304.8,
        "frp": 9.9,
        "confidence": "0"
    },
    {
        "latitude": 16.7512,
        "longitude": -62.1594,
        "acq_date": "2019-07-01",
        "acq_time": "1748",
        "version": "6.3",
        "satellite": "Aqua",
        "instrument": "MODIS",
        "scan": 1.4,
        "track": 1.2,
        "type": "1",
        "daynight": "D",
        "brightness": 318.9,
        "bright_t31": 303.6,
        "frp": 13.9,
        "confidence": "0"
    },
    {
        "latitude": 16.7567,
        "longitude": -62.1582,
        "acq_date": "2019-09-12",
        "acq_time": "1742",
        "version": "6.3",
        "satellite": "Aqua",
        "instrument": "MODIS",
        "scan": 1.1,
        "track": 1.1,
        "type": "1",
        "daynight": "D",
        "brightness": 319.4,
        "bright_t31": 302.3,
        "frp": 10.2,
        "confidence": "0"
    }
]
