[
    {
        "latitude": 17.3988,
        "longitude": -62.8079,
        "acq_date": "2015-02-25",
        "acq_time": "1719",
        "daynight": "D",
        "frp": 12.4,
        "scan": 1.5,
        "track": 1.2,
        "version": "6.2",
        "brightness": 310.4,
        "bright_t31": 298,
        "satellite": "Aqua",
        "instrument": "MODIS",
        "type": "0",
        "confidence": "21"
    },
    {
        "latitude": 17.3383,
        "longitude": -62.8147,
        "acq_date": "2015-03-19",
        "acq_time": "1514",
        "daynight": "D",
        "frp": 30,
        "scan": 1.9,
        "track": 1.3,
        "version": "6.2",
        "brightness": 316.5,
        "bright_t31": 299.1,
        "satellite": "Terra",
        "instrument": "MODIS",
        "type": "0",
        "confidence": "0"
    },
    {
        "latitude": 17.4056,
        "longitude": -62.8166,
        "acq_date": "2015-03-20",
        "acq_time": "1725",
        "daynight": "D",
        "frp": 14.2,
        "scan": 1.2,
        "track": 1.1,
        "version": "6.2",
        "brightness": 320.2,
        "bright_t31": 304.3,
        "satellite": "Aqua",
        "instrument": "MODIS",
        "type": "0",
        "confidence": "53"
    },
    {
        "latitude": 17.4038,
        "longitude": -62.8279,
        "acq_date": "2015-03-20",
        "acq_time": "1725",
        "daynight": "D",
        "frp": 36.2,
        "scan": 1.2,
        "track": 1.1,
        "version": "6.2",
        "brightness": 334,
        "bright_t31": 303.6,
        "satellite": "Aqua",
        "instrument": "MODIS",
        "type": "0",
        "confidence": "81"
    },
    {
        "latitude": 17.3037,
        "longitude": -62.7232,
        "acq_date": "2015-03-22",
        "acq_time": "1713",
        "daynight": "D",
        "frp": 24.3,
        "scan": 2,
        "track": 1.4,
        "version": "6.2",
        "brightness": 314.1,
        "bright_t31": 300.7,
        "satellite": "Aqua",
        "instrument": "MODIS",
        "type": "0",
        "confidence": "17"
    },
    {
        "latitude": 17.3085,
        "longitude": -62.7669,
        "acq_date": "2015-03-30",
        "acq_time": "1802",
        "daynight": "D",
        "frp": 31.7,
        "scan": 2.1,
        "track": 1.4,
        "version": "6.2",
        "brightness": 318.3,
        "bright_t31": 295.4,
        "satellite": "Aqua",
        "instrument": "MODIS",
        "type": "0",
        "confidence": "0"
    },
    {
        "latitude": 17.3067,
        "longitude": -62.7227,
        "acq_date": "2015-04-07",
        "acq_time": "1713",
        "daynight": "D",
        "frp": 22.9,
        "scan": 2,
        "track": 1.4,
        "version": "6.2",
        "brightness": 313,
        "bright_t31": 298.3,
        "satellite": "Aqua",
        "instrument": "MODIS",
        "type": "0",
        "confidence": "0"
    },
    {
        "latitude": 17.3929,
        "longitude": -62.8335,
        "acq_date": "2015-04-26",
        "acq_time": "1744",
        "daynight": "D",
        "frp": 10.3,
        "scan": 1.1,
        "track": 1,
        "version": "6.2",
        "brightness": 321.2,
        "bright_t31": 303.9,
        "satellite": "Aqua",
        "instrument": "MODIS",
        "type": "0",
        "confidence": "23"
    },
    {
        "latitude": 17.3412,
        "longitude": -62.8229,
        "acq_date": "2015-05-22",
        "acq_time": "1514",
        "daynight": "D",
        "frp": 21.3,
        "scan": 1.9,
        "track": 1.3,
        "version": "6.2",
        "brightness": 313.7,
        "bright_t31": 296.4,
        "satellite": "Terra",
        "instrument": "MODIS",
        "type": "0",
        "confidence": "0"
    },
    {
        "latitude": 17.3518,
        "longitude": -62.7395,
        "acq_date": "2015-06-06",
        "acq_time": "1737",
        "daynight": "D",
        "frp": 55.6,
        "scan": 1,
        "track": 1,
        "version": "6.2",
        "brightness": 351.4,
        "bright_t31": 303.7,
        "satellite": "Aqua",
        "instrument": "MODIS",
        "type": "0",
        "confidence": "96"
    },
    {
        "latitude": 17.3831,
        "longitude": -62.7642,
        "acq_date": "2015-06-11",
        "acq_time": "1450",
        "daynight": "D",
        "frp": 11.6,
        "scan": 1,
        "track": 1,
        "version": "6.2",
        "brightness": 320.8,
        "bright_t31": 295.7,
        "satellite": "Terra",
        "instrument": "MODIS",
        "type": "0",
        "confidence": "27"
    },
    {
        "latitude": 17.3043,
        "longitude": -62.7165,
        "acq_date": "2015-08-05",
        "acq_time": "1801",
        "daynight": "D",
        "frp": 32.4,
        "scan": 2.1,
        "track": 1.4,
        "version": "6.2",
        "brightness": 320.4,
        "bright_t31": 302,
        "satellite": "Aqua",
        "instrument": "MODIS",
        "type": "0",
        "confidence": "0"
    },
    {
        "latitude": 17.3373,
        "longitude": -62.8225,
        "acq_date": "2015-08-14",
        "acq_time": "1755",
        "daynight": "D",
        "frp": 23.1,
        "scan": 1.6,
        "track": 1.2,
        "version": "6.2",
        "brightness": 319.9,
        "bright_t31": 304.7,
        "satellite": "Aqua",
        "instrument": "MODIS",
        "type": "0",
        "confidence": "0"
    },
    {
        "latitude": 17.2277,
        "longitude": -62.6408,
        "acq_date": "2015-08-23",
        "acq_time": "1444",
        "daynight": "D",
        "frp": 10.9,
        "scan": 1.1,
        "track": 1,
        "version": "6.2",
        "brightness": 317,
        "bright_t31": 300.9,
        "satellite": "Terra",
        "instrument": "MODIS",
        "type": "3",
        "confidence": "59"
    },
    {
        "latitude": 17.3016,
        "longitude": -62.7199,
        "acq_date": "2015-08-29",
        "acq_time": "1712",
        "daynight": "D",
        "frp": 17.9,
        "scan": 2,
        "track": 1.4,
        "version": "6.2",
        "brightness": 314,
        "bright_t31": 296.8,
        "satellite": "Aqua",
        "instrument": "MODIS",
        "type": "0",
        "confidence": "0"
    },
    {
        "latitude": 17.3019,
        "longitude": -62.7175,
        "acq_date": "2015-09-02",
        "acq_time": "1520",
        "daynight": "D",
        "frp": 23.4,
        "scan": 2.5,
        "track": 1.5,
        "version": "6.2",
        "brightness": 311.3,
        "bright_t31": 296.9,
        "satellite": "Terra",
        "instrument": "MODIS",
        "type": "0",
        "confidence": "0"
    },
    {
        "latitude": 17.3127,
        "longitude": -62.7062,
        "acq_date": "2015-09-27",
        "acq_time": "1514",
        "daynight": "D",
        "frp": 21.6,
        "scan": 1.9,
        "track": 1.3,
        "version": "6.2",
        "brightness": 312.9,
        "bright_t31": 297.5,
        "satellite": "Terra",
        "instrument": "MODIS",
        "type": "0",
        "confidence": "0"
    },
    {
        "latitude": 17.4084,
        "longitude": -62.8108,
        "acq_date": "2016-04-03",
        "acq_time": "1443",
        "daynight": "D",
        "frp": 8.9,
        "scan": 1.1,
        "track": 1.1,
        "version": "6.2",
        "brightness": 317.3,
        "bright_t31": 301.4,
        "satellite": "Terra",
        "instrument": "MODIS",
        "type": "0",
        "confidence": "43"
    },
    {
        "latitude": 17.3072,
        "longitude": -62.7267,
        "acq_date": "2016-05-15",
        "acq_time": "1520",
        "daynight": "D",
        "frp": 26.6,
        "scan": 2.5,
        "track": 1.5,
        "version": "6.2",
        "brightness": 310.7,
        "bright_t31": 296.2,
        "satellite": "Terra",
        "instrument": "MODIS",
        "type": "0",
        "confidence": "0"
    },
    {
        "latitude": 17.3121,
        "longitude": -62.7264,
        "acq_date": "2016-06-12",
        "acq_time": "1712",
        "daynight": "D",
        "frp": 23.3,
        "scan": 2,
        "track": 1.4,
        "version": "6.2",
        "brightness": 315.3,
        "bright_t31": 300.3,
        "satellite": "Aqua",
        "instrument": "MODIS",
        "type": "0",
        "confidence": "0"
    },
    {
        "latitude": 17.317,
        "longitude": -62.719,
        "acq_date": "2016-07-18",
        "acq_time": "1521",
        "daynight": "D",
        "frp": 25.8,
        "scan": 2.5,
        "track": 1.5,
        "version": "6.2",
        "brightness": 311.1,
        "bright_t31": 297.7,
        "satellite": "Terra",
        "instrument": "MODIS",
        "type": "0",
        "confidence": "0"
    },
    {
        "latitude": 17.3568,
        "longitude": -62.8311,
        "acq_date": "2017-03-06",
        "acq_time": "0601",
        "daynight": "N",
        "frp": 25.7,
        "scan": 1,
        "track": 1,
        "version": "6.2",
        "brightness": 327,
        "bright_t31": 290.2,
        "satellite": "Aqua",
        "instrument": "MODIS",
        "type": "0",
        "confidence": "100"
    },
    {
        "latitude": 17.3554,
        "longitude": -62.8218,
        "acq_date": "2017-03-06",
        "acq_time": "0601",
        "daynight": "N",
        "frp": 30.1,
        "scan": 1,
        "track": 1,
        "version": "6.2",
        "brightness": 330.1,
        "bright_t31": 292.5,
        "satellite": "Aqua",
        "instrument": "MODIS",
        "type": "0",
        "confidence": "100"
    },
    {
        "latitude": 17.3919,
        "longitude": -62.8471,
        "acq_date": "2017-03-18",
        "acq_time": "1719",
        "daynight": "D",
        "frp": 22.3,
        "scan": 1.5,
        "track": 1.2,
        "version": "6.2",
        "brightness": 318.4,
        "bright_t31": 298.6,
        "satellite": "Aqua",
        "instrument": "MODIS",
        "type": "0",
        "confidence": "0"
    },
    {
        "latitude": 17.3969,
        "longitude": -62.7884,
        "acq_date": "2017-04-06",
        "acq_time": "1749",
        "daynight": "D",
        "frp": 20.9,
        "scan": 1.3,
        "track": 1.1,
        "version": "6.2",
        "brightness": 325.5,
        "bright_t31": 306.5,
        "satellite": "Aqua",
        "instrument": "MODIS",
        "type": "0",
        "confidence": "48"
    },
    {
        "latitude": 17.3017,
        "longitude": -62.7296,
        "acq_date": "2017-09-03",
        "acq_time": "1712",
        "daynight": "D",
        "frp": 19.2,
        "scan": 2,
        "track": 1.4,
        "version": "6.2",
        "brightness": 312.9,
        "bright_t31": 297.1,
        "satellite": "Aqua",
        "instrument": "MODIS",
        "type": "0",
        "confidence": "0"
    },
    {
        "latitude": 17.4002,
        "longitude": -62.8123,
        "acq_date": "2018-02-26",
        "acq_time": "1713",
        "daynight": "D",
        "frp": 17.6,
        "scan": 2,
        "track": 1.4,
        "version": "6.2",
        "brightness": 310.7,
        "bright_t31": 295.5,
        "satellite": "Aqua",
        "instrument": "MODIS",
        "type": "0",
        "confidence": "37"
    },
    {
        "latitude": 17.3942,
        "longitude": -62.8433,
        "acq_date": "2018-03-12",
        "acq_time": "1725",
        "daynight": "D",
        "frp": 17.1,
        "scan": 1.2,
        "track": 1.1,
        "version": "6.2",
        "brightness": 323.1,
        "bright_t31": 303.5,
        "satellite": "Aqua",
        "instrument": "MODIS",
        "type": "0",
        "confidence": "55"
    },
    {
        "latitude": 17.4014,
        "longitude": -62.8047,
        "acq_date": "2018-03-13",
        "acq_time": "1501",
        "daynight": "D",
        "frp": 13.3,
        "scan": 1.2,
        "track": 1.1,
        "version": "6.2",
        "brightness": 320,
        "bright_t31": 302.8,
        "satellite": "Terra",
        "instrument": "MODIS",
        "type": "0",
        "confidence": "34"
    },
    {
        "latitude": 17.3997,
        "longitude": -62.7939,
        "acq_date": "2018-03-13",
        "acq_time": "1501",
        "daynight": "D",
        "frp": 12.8,
        "scan": 1.2,
        "track": 1.1,
        "version": "6.2",
        "brightness": 319.3,
        "bright_t31": 301.9,
        "satellite": "Terra",
        "instrument": "MODIS",
        "type": "0",
        "confidence": "36"
    },
    {
        "latitude": 17.313,
        "longitude": -62.7214,
        "acq_date": "2018-03-15",
        "acq_time": "1449",
        "daynight": "D",
        "frp": 25.9,
        "scan": 1,
        "track": 1,
        "version": "6.2",
        "brightness": 335.1,
        "bright_t31": 309,
        "satellite": "Terra",
        "instrument": "MODIS",
        "type": "0",
        "confidence": "82"
    },
    {
        "latitude": 17.3455,
        "longitude": -62.8288,
        "acq_date": "2018-03-19",
        "acq_time": "1731",
        "daynight": "D",
        "frp": 11,
        "scan": 1.1,
        "track": 1,
        "version": "6.2",
        "brightness": 317.3,
        "bright_t31": 296.6,
        "satellite": "Aqua",
        "instrument": "MODIS",
        "type": "0",
        "confidence": "50"
    },
    {
        "latitude": 17.3603,
        "longitude": -62.8319,
        "acq_date": "2018-03-20",
        "acq_time": "1814",
        "daynight": "D",
        "frp": 56.8,
        "scan": 3.6,
        "track": 1.8,
        "version": "6.2",
        "brightness": 313.7,
        "bright_t31": 296.6,
        "satellite": "Aqua",
        "instrument": "MODIS",
        "type": "0",
        "confidence": "0"
    },
    {
        "latitude": 17.3501,
        "longitude": -62.7488,
        "acq_date": "2018-04-01",
        "acq_time": "1701",
        "daynight": "D",
        "frp": 44.6,
        "scan": 3.4,
        "track": 1.7,
        "version": "6.2",
        "brightness": 312.4,
        "bright_t31": 296.1,
        "satellite": "Aqua",
        "instrument": "MODIS",
        "type": "0",
        "confidence": "41"
    },
    {
        "latitude": 17.3523,
        "longitude": -62.7418,
        "acq_date": "2018-04-27",
        "acq_time": "1737",
        "daynight": "D",
        "frp": 12.6,
        "scan": 1,
        "track": 1,
        "version": "6.2",
        "brightness": 321,
        "bright_t31": 302.7,
        "satellite": "Aqua",
        "instrument": "MODIS",
        "type": "0",
        "confidence": "73"
    },
    {
        "latitude": 17.3108,
        "longitude": -62.711,
        "acq_date": "2019-03-17",
        "acq_time": "1712",
        "daynight": "D",
        "frp": 26.3,
        "scan": 2,
        "track": 1.4,
        "version": "6.3",
        "brightness": 316.5,
        "bright_t31": 301.9,
        "satellite": "Aqua",
        "instrument": "MODIS",
        "type": "0",
        "confidence": "0"
    },
    {
        "latitude": 17.354,
        "longitude": -62.7357,
        "acq_date": "2019-03-25",
        "acq_time": "1801",
        "daynight": "D",
        "frp": 29.2,
        "scan": 2.1,
        "track": 1.4,
        "version": "6.3",
        "brightness": 318.3,
        "bright_t31": 298.4,
        "satellite": "Aqua",
        "instrument": "MODIS",
        "type": "0",
        "confidence": "33"
    },
    {
        "latitude": 17.3078,
        "longitude": -62.777,
        "acq_date": "2019-04-14",
        "acq_time": "1737",
        "daynight": "D",
        "frp": 48.1,
        "scan": 1,
        "track": 1,
        "version": "6.3",
        "brightness": 345.3,
        "bright_t31": 304.7,
        "satellite": "Aqua",
        "instrument": "MODIS",
        "type": "0",
        "confidence": "0"
    },
    {
        "latitude": 17.2931,
        "longitude": -62.7348,
        "acq_date": "2019-06-06",
        "acq_time": "1449",
        "daynight": "D",
        "frp": 8.7,
        "scan": 1,
        "track": 1,
        "version": "6.3",
        "brightness": 315.8,
        "bright_t31": 299,
        "satellite": "Terra",
        "instrument": "MODIS",
        "type": "3",
        "confidence": "61"
    },
    {
        "latitude": 17.3936,
        "longitude": -62.794,
        "acq_date": "2019-06-28",
        "acq_time": "1718",
        "daynight": "D",
        "frp": 24.1,
        "scan": 1.5,
        "track": 1.2,
        "version": "6.3",
        "brightness": 320.7,
        "bright_t31": 297.6,
        "satellite": "Aqua",
        "instrument": "MODIS",
        "type": "0",
        "confidence": "59"
    },
    {
        "latitude": 17.3062,
        "longitude": -62.7258,
        "acq_date": "2019-11-19",
        "acq_time": "1718",
        "daynight": "D",
        "frp": 12.6,
        "scan": 1.5,
        "track": 1.2,
        "version": "6.3",
        "brightness": 310.8,
        "bright_t31": 296.6,
        "satellite": "Aqua",
        "instrument": "MODIS",
        "type": "0",
        "confidence": "31"
    }
]
