[
    {
        "latitude": 18.0301,
        "longitude": -63.0514,
        "acq_date": "2015-05-03",
        "acq_time": "0231",
        "confidence": "100",
        "brightness": 322.5,
        "version": "6.2",
        "instrument": "MODIS",
        "satellite": "Terra",
        "frp": 17.8,
        "bright_t31": 296.9,
        "type": "3",
        "track": 1,
        "scan": 1,
        "daynight": "N"
    },
    {
        "latitude": 18.0317,
        "longitude": -63.0604,
        "acq_date": "2018-08-08",
        "acq_time": "0226",
        "confidence": "33",
        "brightness": 305.7,
        "version": "6.2",
        "instrument": "MODIS",
        "satellite": "Terra",
        "frp": 6.7,
        "bright_t31": 294.2,
        "type": "0",
        "track": 1,
        "scan": 1,
        "daynight": "N"
    }
]
