[
    {
        "latitude": 21.8446,
        "longitude": -71.8968,
        "acq_date": "2015-09-16",
        "acq_time": "1532",
        "brightness": 335.8,
        "frp": 29.1,
        "satellite": "Terra",
        "version": "6.2",
        "confidence": "66",
        "instrument": "MODIS",
        "scan": 1,
        "track": 1,
        "bright_t31": 298.5,
        "daynight": "D",
        "type": "0"
    },
    {
        "latitude": 21.7794,
        "longitude": -71.7079,
        "acq_date": "2016-09-22",
        "acq_time": "1814",
        "brightness": 317.5,
        "frp": 6.1,
        "satellite": "Aqua",
        "version": "6.2",
        "confidence": "40",
        "instrument": "MODIS",
        "scan": 1.1,
        "track": 1,
        "bright_t31": 296.7,
        "daynight": "D",
        "type": "0"
    },
    {
        "latitude": 21.3296,
        "longitude": -71.2079,
        "acq_date": "2017-06-10",
        "acq_time": "1833",
        "brightness": 310.9,
        "frp": 18.8,
        "satellite": "Aqua",
        "version": "6.2",
        "confidence": "35",
        "instrument": "MODIS",
        "scan": 2.1,
        "track": 1.4,
        "bright_t31": 299.8,
        "daynight": "D",
        "type": "3"
    },
    {
        "latitude": 21.3238,
        "longitude": -71.2068,
        "acq_date": "2017-08-13",
        "acq_time": "1833",
        "brightness": 310.5,
        "frp": 17.4,
        "satellite": "Aqua",
        "version": "6.2",
        "confidence": "39",
        "instrument": "MODIS",
        "scan": 2.1,
        "track": 1.4,
        "bright_t31": 297.1,
        "daynight": "D",
        "type": "3"
    },
    {
        "latitude": 21.3295,
        "longitude": -71.2028,
        "acq_date": "2017-08-29",
        "acq_time": "1833",
        "brightness": 311.7,
        "frp": 19.6,
        "satellite": "Aqua",
        "version": "6.2",
        "confidence": "50",
        "instrument": "MODIS",
        "scan": 2.1,
        "track": 1.4,
        "bright_t31": 296.8,
        "daynight": "D",
        "type": "3"
    },
    {
        "latitude": 21.8318,
        "longitude": -71.8915,
        "acq_date": "2018-03-24",
        "acq_time": "1751",
        "brightness": 314.4,
        "frp": 14.3,
        "satellite": "Aqua",
        "version": "6.2",
        "confidence": "44",
        "instrument": "MODIS",
        "scan": 1.6,
        "track": 1.2,
        "bright_t31": 298.2,
        "daynight": "D",
        "type": "0"
    },
    {
        "latitude": 21.8162,
        "longitude": -72.2938,
        "acq_date": "2018-04-11",
        "acq_time": "0644",
        "brightness": 327.5,
        "frp": 27.4,
        "satellite": "Aqua",
        "version": "6.2",
        "confidence": "100",
        "instrument": "MODIS",
        "scan": 1,
        "track": 1,
        "bright_t31": 292.8,
        "daynight": "N",
        "type": "0"
    },
    {
        "latitude": 21.8216,
        "longitude": -72.2936,
        "acq_date": "2018-07-25",
        "acq_time": "0637",
        "brightness": 318.6,
        "frp": 14,
        "satellite": "Aqua",
        "version": "6.2",
        "confidence": "96",
        "instrument": "MODIS",
        "scan": 1,
        "track": 1,
        "bright_t31": 294.5,
        "daynight": "N",
        "type": "0"
    },
    {
        "latitude": 21.8192,
        "longitude": -72.2943,
        "acq_date": "2018-07-26",
        "acq_time": "0258",
        "brightness": 310.9,
        "frp": 8.2,
        "satellite": "Terra",
        "version": "6.2",
        "confidence": "73",
        "instrument": "MODIS",
        "scan": 1.1,
        "track": 1,
        "bright_t31": 295.7,
        "daynight": "N",
        "type": "0"
    },
    {
        "latitude": 21.8176,
        "longitude": -72.3047,
        "acq_date": "2018-07-26",
        "acq_time": "0258",
        "brightness": 305.7,
        "frp": 4.2,
        "satellite": "Terra",
        "version": "6.2",
        "confidence": "36",
        "instrument": "MODIS",
        "scan": 1.1,
        "track": 1,
        "bright_t31": 295.4,
        "daynight": "N",
        "type": "0"
    },
    {
        "latitude": 21.3302,
        "longitude": -71.2087,
        "acq_date": "2019-05-15",
        "acq_time": "1833",
        "brightness": 312.5,
        "frp": 20.8,
        "satellite": "Aqua",
        "version": "6.3",
        "confidence": "51",
        "instrument": "MODIS",
        "scan": 2.1,
        "track": 1.4,
        "bright_t31": 298.9,
        "daynight": "D",
        "type": "3"
    },
    {
        "latitude": 21.3286,
        "longitude": -71.214,
        "acq_date": "2019-07-02",
        "acq_time": "1833",
        "brightness": 310.7,
        "frp": 18.3,
        "satellite": "Aqua",
        "version": "6.3",
        "confidence": "41",
        "instrument": "MODIS",
        "scan": 2.1,
        "track": 1.4,
        "bright_t31": 298.5,
        "daynight": "D",
        "type": "3"
    }
]
