[
    {
        "latitude": 16.729,
        "longitude": -169.5284,
        "acq_date": "2015-02-20",
        "acq_time": "0031",
        "scan": 1.3,
        "version": "6.2",
        "satellite": "Aqua",
        "instrument": "MODIS",
        "track": 1.1,
        "type": "3",
        "bright_t31": 300.4,
        "confidence": "43",
        "brightness": 310.8,
        "frp": 10,
        "daynight": "D"
    },
    {
        "latitude": 16.731,
        "longitude": -169.5282,
        "acq_date": "2015-04-30",
        "acq_time": "0050",
        "scan": 1.1,
        "version": "6.2",
        "satellite": "Aqua",
        "instrument": "MODIS",
        "track": 1,
        "type": "3",
        "bright_t31": 299.3,
        "confidence": "58",
        "brightness": 313.3,
        "frp": 8.8,
        "daynight": "D"
    },
    {
        "latitude": 16.7273,
        "longitude": -169.5326,
        "acq_date": "2015-05-06",
        "acq_time": "2150",
        "scan": 1.1,
        "version": "6.2",
        "satellite": "Terra",
        "instrument": "MODIS",
        "track": 1,
        "type": "3",
        "bright_t31": 300.2,
        "confidence": "48",
        "brightness": 311.3,
        "frp": 7.5,
        "daynight": "D"
    },
    {
        "latitude": 28.2036,
        "longitude": -177.384,
        "acq_date": "2015-06-03",
        "acq_time": "0041",
        "scan": 2,
        "version": "6.2",
        "satellite": "Aqua",
        "instrument": "MODIS",
        "track": 1.4,
        "type": "3",
        "bright_t31": 296.1,
        "confidence": "36",
        "brightness": 310.5,
        "frp": 22.3,
        "daynight": "D"
    },
    {
        "latitude": 19.277,
        "longitude": 166.6413,
        "acq_date": "2015-06-17",
        "acq_time": "0229",
        "scan": 1.2,
        "version": "6.2",
        "satellite": "Aqua",
        "instrument": "MODIS",
        "track": 1.1,
        "type": "3",
        "bright_t31": 304.4,
        "confidence": "37",
        "brightness": 315.5,
        "frp": 12.2,
        "daynight": "D"
    },
    {
        "latitude": 28.2012,
        "longitude": -177.3851,
        "acq_date": "2015-07-10",
        "acq_time": "2231",
        "scan": 1.1,
        "version": "6.2",
        "satellite": "Terra",
        "instrument": "MODIS",
        "track": 1,
        "type": "3",
        "bright_t31": 302.3,
        "confidence": "60",
        "brightness": 314.2,
        "frp": 10.6,
        "daynight": "D"
    },
    {
        "latitude": 16.7245,
        "longitude": -169.5395,
        "acq_date": "2015-07-23",
        "acq_time": "0025",
        "scan": 1.6,
        "version": "6.2",
        "satellite": "Aqua",
        "instrument": "MODIS",
        "track": 1.2,
        "type": "3",
        "bright_t31": 298.3,
        "confidence": "56",
        "brightness": 312.8,
        "frp": 14.7,
        "daynight": "D"
    },
    {
        "latitude": 16.7296,
        "longitude": -169.5297,
        "acq_date": "2015-07-26",
        "acq_time": "0055",
        "scan": 1.2,
        "version": "6.2",
        "satellite": "Aqua",
        "instrument": "MODIS",
        "track": 1.1,
        "type": "3",
        "bright_t31": 298.5,
        "confidence": "56",
        "brightness": 312.8,
        "frp": 9.5,
        "daynight": "D"
    },
    {
        "latitude": 16.7274,
        "longitude": -169.5319,
        "acq_date": "2015-09-02",
        "acq_time": "2157",
        "scan": 1,
        "version": "6.2",
        "satellite": "Terra",
        "instrument": "MODIS",
        "track": 1,
        "type": "3",
        "bright_t31": 298.6,
        "confidence": "56",
        "brightness": 313.9,
        "frp": 7.4,
        "daynight": "D"
    },
    {
        "latitude": 16.7293,
        "longitude": -169.5343,
        "acq_date": "2015-09-21",
        "acq_time": "0049",
        "scan": 1.1,
        "version": "6.2",
        "satellite": "Aqua",
        "instrument": "MODIS",
        "track": 1,
        "type": "3",
        "bright_t31": 296,
        "confidence": "41",
        "brightness": 310.6,
        "frp": 6.3,
        "daynight": "D"
    },
    {
        "latitude": 16.7277,
        "longitude": -169.5347,
        "acq_date": "2016-05-24",
        "acq_time": "2150",
        "scan": 1.1,
        "version": "6.2",
        "satellite": "Terra",
        "instrument": "MODIS",
        "track": 1,
        "type": "3",
        "bright_t31": 301.4,
        "confidence": "59",
        "brightness": 313.8,
        "frp": 9.5,
        "daynight": "D"
    },
    {
        "latitude": 16.7294,
        "longitude": -169.5336,
        "acq_date": "2016-05-25",
        "acq_time": "0055",
        "scan": 1.2,
        "version": "6.2",
        "satellite": "Aqua",
        "instrument": "MODIS",
        "track": 1.1,
        "type": "3",
        "bright_t31": 299.2,
        "confidence": "40",
        "brightness": 310.9,
        "frp": 8.7,
        "daynight": "D"
    },
    {
        "latitude": 19.2787,
        "longitude": 166.6405,
        "acq_date": "2016-06-11",
        "acq_time": "2316",
        "scan": 1.6,
        "version": "6.2",
        "satellite": "Terra",
        "instrument": "MODIS",
        "track": 1.2,
        "type": "3",
        "bright_t31": 296.9,
        "confidence": "19",
        "brightness": 310.5,
        "frp": 10.7,
        "daynight": "D"
    },
    {
        "latitude": -0.3785,
        "longitude": -160.0119,
        "acq_date": "2017-04-23",
        "acq_time": "0020",
        "scan": 1,
        "version": "6.2",
        "satellite": "Aqua",
        "instrument": "MODIS",
        "track": 1,
        "type": "3",
        "bright_t31": 300.7,
        "confidence": "51",
        "brightness": 315.3,
        "frp": 10.3,
        "daynight": "D"
    },
    {
        "latitude": 16.7319,
        "longitude": -169.5257,
        "acq_date": "2017-04-25",
        "acq_time": "2150",
        "scan": 1.1,
        "version": "6.2",
        "satellite": "Terra",
        "instrument": "MODIS",
        "track": 1.1,
        "type": "3",
        "bright_t31": 299.7,
        "confidence": "45",
        "brightness": 312.5,
        "frp": 8.5,
        "daynight": "D"
    },
    {
        "latitude": 28.2011,
        "longitude": -177.3764,
        "acq_date": "2017-06-13",
        "acq_time": "2230",
        "scan": 1.1,
        "version": "6.2",
        "satellite": "Terra",
        "instrument": "MODIS",
        "track": 1,
        "type": "3",
        "bright_t31": 298.7,
        "confidence": "55",
        "brightness": 312.6,
        "frp": 9.7,
        "daynight": "D"
    },
    {
        "latitude": 19.2757,
        "longitude": 166.6438,
        "acq_date": "2017-06-29",
        "acq_time": "0234",
        "scan": 1.5,
        "version": "6.2",
        "satellite": "Aqua",
        "instrument": "MODIS",
        "track": 1.2,
        "type": "3",
        "bright_t31": 297.6,
        "confidence": "48",
        "brightness": 312.9,
        "frp": 13.3,
        "daynight": "D"
    },
    {
        "latitude": 16.7308,
        "longitude": -169.5315,
        "acq_date": "2017-07-14",
        "acq_time": "2150",
        "scan": 1.1,
        "version": "6.2",
        "satellite": "Terra",
        "instrument": "MODIS",
        "track": 1.1,
        "type": "3",
        "bright_t31": 301,
        "confidence": "49",
        "brightness": 313,
        "frp": 8.6,
        "daynight": "D"
    },
    {
        "latitude": 16.7262,
        "longitude": -169.5411,
        "acq_date": "2017-09-01",
        "acq_time": "0055",
        "scan": 1.2,
        "version": "6.2",
        "satellite": "Aqua",
        "instrument": "MODIS",
        "track": 1.1,
        "type": "3",
        "bright_t31": 300.1,
        "confidence": "46",
        "brightness": 312.7,
        "frp": 9.4,
        "daynight": "D"
    },
    {
        "latitude": 16.7321,
        "longitude": -169.5259,
        "acq_date": "2017-10-02",
        "acq_time": "2150",
        "scan": 1.1,
        "version": "6.2",
        "satellite": "Terra",
        "instrument": "MODIS",
        "track": 1,
        "type": "3",
        "bright_t31": 299.8,
        "confidence": "50",
        "brightness": 313.2,
        "frp": 8.6,
        "daynight": "D"
    },
    {
        "latitude": 0.1927,
        "longitude": -176.4791,
        "acq_date": "2018-03-06",
        "acq_time": "0128",
        "scan": 1.1,
        "version": "6.2",
        "satellite": "Aqua",
        "instrument": "MODIS",
        "track": 1,
        "type": "3",
        "bright_t31": 303.6,
        "confidence": "67",
        "brightness": 317,
        "frp": 13,
        "daynight": "D"
    },
    {
        "latitude": 16.7304,
        "longitude": -169.5299,
        "acq_date": "2018-04-05",
        "acq_time": "2144",
        "scan": 1.3,
        "version": "6.2",
        "satellite": "Terra",
        "instrument": "MODIS",
        "track": 1.1,
        "type": "3",
        "bright_t31": 295.7,
        "confidence": "36",
        "brightness": 310.3,
        "frp": 10.3,
        "daynight": "D"
    },
    {
        "latitude": 28.1986,
        "longitude": -177.3866,
        "acq_date": "2018-06-10",
        "acq_time": "0136",
        "scan": 2.2,
        "version": "6.2",
        "satellite": "Aqua",
        "instrument": "MODIS",
        "track": 1.4,
        "type": "3",
        "bright_t31": 295.6,
        "confidence": "38",
        "brightness": 310.6,
        "frp": 25.2,
        "daynight": "D"
    },
    {
        "latitude": 28.2002,
        "longitude": -177.3815,
        "acq_date": "2018-06-10",
        "acq_time": "0136",
        "scan": 2.2,
        "version": "6.2",
        "satellite": "Aqua",
        "instrument": "MODIS",
        "track": 1.4,
        "type": "3",
        "bright_t31": 295.7,
        "confidence": "36",
        "brightness": 311.6,
        "frp": 25.3,
        "daynight": "D"
    },
    {
        "latitude": 16.7295,
        "longitude": -169.5283,
        "acq_date": "2018-07-11",
        "acq_time": "0049",
        "scan": 1.1,
        "version": "6.2",
        "satellite": "Aqua",
        "instrument": "MODIS",
        "track": 1,
        "type": "3",
        "bright_t31": 299.2,
        "confidence": "56",
        "brightness": 312.8,
        "frp": 7.7,
        "daynight": "D"
    },
    {
        "latitude": 16.7272,
        "longitude": -169.5347,
        "acq_date": "2018-08-17",
        "acq_time": "0108",
        "scan": 2,
        "version": "6.2",
        "satellite": "Aqua",
        "instrument": "MODIS",
        "track": 1.4,
        "type": "3",
        "bright_t31": 300.7,
        "confidence": "42",
        "brightness": 310.8,
        "frp": 18.2,
        "daynight": "D"
    },
    {
        "latitude": 16.7267,
        "longitude": -169.534,
        "acq_date": "2018-08-28",
        "acq_time": "0050",
        "scan": 1.1,
        "version": "6.2",
        "satellite": "Aqua",
        "instrument": "MODIS",
        "track": 1,
        "type": "3",
        "bright_t31": 300,
        "confidence": "62",
        "brightness": 314.8,
        "frp": 9.4,
        "daynight": "D"
    },
    {
        "latitude": 16.7271,
        "longitude": -169.5357,
        "acq_date": "2018-09-10",
        "acq_time": "2157",
        "scan": 1,
        "version": "6.2",
        "satellite": "Terra",
        "instrument": "MODIS",
        "track": 1,
        "type": "3",
        "bright_t31": 298.9,
        "confidence": "64",
        "brightness": 315.5,
        "frp": 8.4,
        "daynight": "D"
    },
    {
        "latitude": 16.7289,
        "longitude": -169.5296,
        "acq_date": "2018-09-11",
        "acq_time": "0102",
        "scan": 1.6,
        "version": "6.2",
        "satellite": "Aqua",
        "instrument": "MODIS",
        "track": 1.2,
        "type": "3",
        "bright_t31": 295.6,
        "confidence": "47",
        "brightness": 311.3,
        "frp": 12.4,
        "daynight": "D"
    },
    {
        "latitude": 16.7284,
        "longitude": -169.5305,
        "acq_date": "2018-09-20",
        "acq_time": "0055",
        "scan": 1.2,
        "version": "6.2",
        "satellite": "Aqua",
        "instrument": "MODIS",
        "track": 1.1,
        "type": "3",
        "bright_t31": 298.6,
        "confidence": "56",
        "brightness": 312.9,
        "frp": 10.4,
        "daynight": "D"
    },
    {
        "latitude": 16.7307,
        "longitude": -169.5254,
        "acq_date": "2018-10-05",
        "acq_time": "2151",
        "scan": 1.1,
        "version": "6.2",
        "satellite": "Terra",
        "instrument": "MODIS",
        "track": 1,
        "type": "3",
        "bright_t31": 299.1,
        "confidence": "49",
        "brightness": 311.8,
        "frp": 7.7,
        "daynight": "D"
    },
    {
        "latitude": 0.1936,
        "longitude": -176.4782,
        "acq_date": "2018-11-24",
        "acq_time": "0134",
        "scan": 1.3,
        "version": "6.2",
        "satellite": "Aqua",
        "instrument": "MODIS",
        "track": 1.1,
        "type": "3",
        "bright_t31": 302.5,
        "confidence": "59",
        "brightness": 313.6,
        "frp": 12.1,
        "daynight": "D"
    },
    {
        "latitude": 0.196,
        "longitude": -176.4767,
        "acq_date": "2018-12-04",
        "acq_time": "2219",
        "scan": 1,
        "version": "6.2",
        "satellite": "Terra",
        "instrument": "MODIS",
        "track": 1,
        "type": "3",
        "bright_t31": 305.9,
        "confidence": "70",
        "brightness": 318.5,
        "frp": 11.7,
        "daynight": "D"
    },
    {
        "latitude": 19.2782,
        "longitude": 166.6379,
        "acq_date": "2019-03-26",
        "acq_time": "0217",
        "scan": 1,
        "version": "6.3",
        "satellite": "Aqua",
        "instrument": "MODIS",
        "track": 1,
        "type": "3",
        "bright_t31": 302.1,
        "confidence": "63",
        "brightness": 317.1,
        "frp": 9.7,
        "daynight": "D"
    },
    {
        "latitude": 16.7279,
        "longitude": -169.5341,
        "acq_date": "2019-05-25",
        "acq_time": "0101",
        "scan": 1.5,
        "version": "6.3",
        "satellite": "Aqua",
        "instrument": "MODIS",
        "track": 1.2,
        "type": "3",
        "bright_t31": 298,
        "confidence": "41",
        "brightness": 310.7,
        "frp": 12.1,
        "daynight": "D"
    },
    {
        "latitude": 19.2806,
        "longitude": 166.6351,
        "acq_date": "2019-06-02",
        "acq_time": "0152",
        "scan": 2.1,
        "version": "6.3",
        "satellite": "Aqua",
        "instrument": "MODIS",
        "track": 1.4,
        "type": "3",
        "bright_t31": 296.1,
        "confidence": "33",
        "brightness": 310.4,
        "frp": 17.7,
        "daynight": "D"
    },
    {
        "latitude": 16.727,
        "longitude": -169.5406,
        "acq_date": "2019-06-26",
        "acq_time": "0101",
        "scan": 1.5,
        "version": "6.3",
        "satellite": "Aqua",
        "instrument": "MODIS",
        "track": 1.2,
        "type": "3",
        "bright_t31": 293.5,
        "confidence": "41",
        "brightness": 310.6,
        "frp": 12.9,
        "daynight": "D"
    },
    {
        "latitude": 16.7255,
        "longitude": -169.5438,
        "acq_date": "2019-07-02",
        "acq_time": "0024",
        "scan": 1.6,
        "version": "6.3",
        "satellite": "Aqua",
        "instrument": "MODIS",
        "track": 1.3,
        "type": "3",
        "bright_t31": 296.9,
        "confidence": "34",
        "brightness": 311.3,
        "frp": 10.9,
        "daynight": "D"
    },
    {
        "latitude": 16.7276,
        "longitude": -169.5341,
        "acq_date": "2019-07-02",
        "acq_time": "0024",
        "scan": 1.6,
        "version": "6.3",
        "satellite": "Aqua",
        "instrument": "MODIS",
        "track": 1.2,
        "type": "3",
        "bright_t31": 298.1,
        "confidence": "60",
        "brightness": 313.9,
        "frp": 16,
        "daynight": "D"
    },
    {
        "latitude": 16.7233,
        "longitude": -169.5433,
        "acq_date": "2019-07-05",
        "acq_time": "0055",
        "scan": 1.2,
        "version": "6.3",
        "satellite": "Aqua",
        "instrument": "MODIS",
        "track": 1.1,
        "type": "3",
        "bright_t31": 298.1,
        "confidence": "53",
        "brightness": 312.3,
        "frp": 9.5,
        "daynight": "D"
    },
    {
        "latitude": 28.2046,
        "longitude": -177.3819,
        "acq_date": "2019-07-16",
        "acq_time": "0040",
        "scan": 2.1,
        "version": "6.3",
        "satellite": "Aqua",
        "instrument": "MODIS",
        "track": 1.4,
        "type": "3",
        "bright_t31": 295,
        "confidence": "36",
        "brightness": 310.3,
        "frp": 19.6,
        "daynight": "D"
    },
    {
        "latitude": 19.2783,
        "longitude": 166.6398,
        "acq_date": "2019-07-21",
        "acq_time": "0234",
        "scan": 1.5,
        "version": "6.3",
        "satellite": "Aqua",
        "instrument": "MODIS",
        "track": 1.2,
        "type": "3",
        "bright_t31": 297.1,
        "confidence": "38",
        "brightness": 311.3,
        "frp": 10.7,
        "daynight": "D"
    },
    {
        "latitude": 28.2032,
        "longitude": -177.3727,
        "acq_date": "2019-08-06",
        "acq_time": "2230",
        "scan": 1.1,
        "version": "6.3",
        "satellite": "Terra",
        "instrument": "MODIS",
        "track": 1,
        "type": "3",
        "bright_t31": 299.6,
        "confidence": "50",
        "brightness": 311.7,
        "frp": 8,
        "daynight": "D"
    },
    {
        "latitude": 16.7315,
        "longitude": -169.5275,
        "acq_date": "2019-08-21",
        "acq_time": "2149",
        "scan": 1.1,
        "version": "6.3",
        "satellite": "Terra",
        "instrument": "MODIS",
        "track": 1.1,
        "type": "3",
        "bright_t31": 301.4,
        "confidence": "61",
        "brightness": 314.5,
        "frp": 9.6,
        "daynight": "D"
    },
    {
        "latitude": 16.7266,
        "longitude": -169.5394,
        "acq_date": "2019-08-29",
        "acq_time": "0101",
        "scan": 1.5,
        "version": "6.3",
        "satellite": "Aqua",
        "instrument": "MODIS",
        "track": 1.2,
        "type": "3",
        "bright_t31": 300.5,
        "confidence": "55",
        "brightness": 312.7,
        "frp": 13.3,
        "daynight": "D"
    },
    {
        "latitude": -0.3779,
        "longitude": -160.0116,
        "acq_date": "2019-09-11",
        "acq_time": "0025",
        "scan": 1.2,
        "version": "6.3",
        "satellite": "Aqua",
        "instrument": "MODIS",
        "track": 1.1,
        "type": "3",
        "bright_t31": 302.5,
        "confidence": "52",
        "brightness": 312.6,
        "frp": 10.1,
        "daynight": "D"
    },
    {
        "latitude": 16.727,
        "longitude": -169.5371,
        "acq_date": "2019-09-29",
        "acq_time": "2155",
        "scan": 1,
        "version": "6.3",
        "satellite": "Terra",
        "instrument": "MODIS",
        "track": 1,
        "type": "3",
        "bright_t31": 301.5,
        "confidence": "58",
        "brightness": 313.5,
        "frp": 7.1,
        "daynight": "D"
    }
]
