[
    {
        "latitude": 17.7165,
        "longitude": -64.6952,
        "acq_date": "2015-03-25",
        "acq_time": "0225",
        "daynight": "N",
        "brightness": 308.3,
        "satellite": "Terra",
        "bright_t31": 293.8,
        "instrument": "MODIS",
        "version": "6.2",
        "frp": 10.3,
        "scan": 1.3,
        "confidence": "60",
        "track": 1.1,
        "type": "0"
    },
    {
        "latitude": 17.705,
        "longitude": -64.8288,
        "acq_date": "2015-04-26",
        "acq_time": "1744",
        "daynight": "D",
        "brightness": 331.1,
        "satellite": "Aqua",
        "bright_t31": 302.4,
        "instrument": "MODIS",
        "version": "6.2",
        "frp": 20.3,
        "scan": 1,
        "confidence": "63",
        "track": 1,
        "type": "0"
    },
    {
        "latitude": 17.7037,
        "longitude": -64.8381,
        "acq_date": "2015-04-26",
        "acq_time": "1744",
        "daynight": "D",
        "brightness": 335.4,
        "satellite": "Aqua",
        "bright_t31": 304.1,
        "instrument": "MODIS",
        "version": "6.2",
        "frp": 26.7,
        "scan": 1,
        "confidence": "66",
        "track": 1,
        "type": "0"
    },
    {
        "latitude": 17.7144,
        "longitude": -64.8025,
        "acq_date": "2015-04-29",
        "acq_time": "1815",
        "daynight": "D",
        "brightness": 317,
        "satellite": "Aqua",
        "bright_t31": 301,
        "instrument": "MODIS",
        "version": "6.2",
        "frp": 22.3,
        "scan": 2.6,
        "confidence": "36",
        "track": 1.5,
        "type": "0"
    },
    {
        "latitude": 17.7074,
        "longitude": -64.8096,
        "acq_date": "2015-04-29",
        "acq_time": "1815",
        "daynight": "D",
        "brightness": 323.8,
        "satellite": "Aqua",
        "bright_t31": 300.6,
        "instrument": "MODIS",
        "version": "6.2",
        "frp": 49.3,
        "scan": 2.6,
        "confidence": "57",
        "track": 1.5,
        "type": "0"
    },
    {
        "latitude": 18.3377,
        "longitude": -64.9706,
        "acq_date": "2015-06-02",
        "acq_time": "1456",
        "daynight": "D",
        "brightness": 313.6,
        "satellite": "Terra",
        "bright_t31": 297.9,
        "instrument": "MODIS",
        "version": "6.2",
        "frp": 7.7,
        "scan": 1,
        "confidence": "49",
        "track": 1,
        "type": "3"
    },
    {
        "latitude": 17.7019,
        "longitude": -64.7828,
        "acq_date": "2015-09-10",
        "acq_time": "0220",
        "daynight": "N",
        "brightness": 326.6,
        "satellite": "Terra",
        "bright_t31": 295.1,
        "instrument": "MODIS",
        "version": "6.2",
        "frp": 43.4,
        "scan": 1.6,
        "confidence": "100",
        "track": 1.3,
        "type": "3"
    },
    {
        "latitude": 18.3356,
        "longitude": -64.9671,
        "acq_date": "2015-09-28",
        "acq_time": "1725",
        "daynight": "D",
        "brightness": 314.7,
        "satellite": "Aqua",
        "bright_t31": 299.4,
        "instrument": "MODIS",
        "version": "6.2",
        "frp": 12.6,
        "scan": 1.6,
        "confidence": "46",
        "track": 1.3,
        "type": "3"
    },
    {
        "latitude": 17.7374,
        "longitude": -64.7895,
        "acq_date": "2015-10-17",
        "acq_time": "1449",
        "daynight": "D",
        "brightness": 316,
        "satellite": "Terra",
        "bright_t31": 297.1,
        "instrument": "MODIS",
        "version": "6.2",
        "frp": 6.2,
        "scan": 1.2,
        "confidence": "31",
        "track": 1.1,
        "type": "0"
    },
    {
        "latitude": 17.7334,
        "longitude": -64.7856,
        "acq_date": "2015-10-17",
        "acq_time": "1449",
        "daynight": "D",
        "brightness": 317.9,
        "satellite": "Terra",
        "bright_t31": 297,
        "instrument": "MODIS",
        "version": "6.2",
        "frp": 7,
        "scan": 1.2,
        "confidence": "52",
        "track": 1.1,
        "type": "0"
    },
    {
        "latitude": 17.7272,
        "longitude": -64.6663,
        "acq_date": "2018-06-08",
        "acq_time": "0257",
        "daynight": "N",
        "brightness": 310.6,
        "satellite": "Terra",
        "bright_t31": 280.2,
        "instrument": "MODIS",
        "version": "6.2",
        "frp": 19.3,
        "scan": 1.6,
        "confidence": "71",
        "track": 1.2,
        "type": "0"
    },
    {
        "latitude": 18.3354,
        "longitude": -64.6699,
        "acq_date": "2018-08-15",
        "acq_time": "1750",
        "daynight": "D",
        "brightness": 313.9,
        "satellite": "Aqua",
        "bright_t31": 301,
        "instrument": "MODIS",
        "version": "6.2",
        "frp": 8.1,
        "scan": 1.1,
        "confidence": "39",
        "track": 1,
        "type": "3"
    },
    {
        "latitude": 18.3401,
        "longitude": -64.6659,
        "acq_date": "2019-05-21",
        "acq_time": "1449",
        "daynight": "D",
        "brightness": 311.1,
        "satellite": "Terra",
        "bright_t31": 297.5,
        "instrument": "MODIS",
        "version": "6.3",
        "frp": 7.3,
        "scan": 1.2,
        "confidence": "31",
        "track": 1.1,
        "type": "3"
    }
]
