,Dates,Temperature_av,Wind_speed,Precipitation,Pressure,Heat_index
0,2015-01-01,19,23,0.0,1009,27
1,2015-01-02,17,21,0.0,1009,25
2,2015-01-03,16,13,0.0,1013,27
3,2015-01-04,19,17,0.0,1010,32
4,2015-01-05,26,18,0.0,1006,37
5,2015-01-06,22,22,0.0,1007,31
6,2015-01-07,20,19,0.0,1010,30
7,2015-01-08,17,20,0.0,1013,27
8,2015-01-09,16,19,0.0,1013,26
9,2015-01-10,17,21,0.0,1013,26
10,2015-01-11,19,13,0.0,1009,29
11,2015-01-12,19,19,0.0,1007,29
12,2015-01-13,19,22,0.0,1007,30
13,2015-01-14,18,19,0.0,1010,28
14,2015-01-15,19,23,0.0,1014,27
15,2015-01-16,19,22,0.0,1015,27
16,2015-01-17,21,8,0.0,1008,36
17,2015-01-18,21,15,0.0,1010,27
18,2015-01-19,19,13,0.0,1011,26
19,2015-01-20,15,11,0.0,1011,33
20,2015-01-21,23,23,0.0,1012,33
21,2015-01-22,22,24,0.0,1015,26
22,2015-01-23,21,24,0.0,1013,27
23,2015-01-24,17,24,0.0,1014,26
24,2015-01-25,20,16,0.0,1014,27
25,2015-01-26,20,14,0.0,1009,30
26,2015-01-27,26,13,0.0,1005,33
27,2015-01-28,27,21,0.0,1006,32
28,2015-01-29,20,22,0.0,1007,31
29,2015-01-30,26,10,0.0,1010,30
30,2015-01-31,24,17,0.0,1013,29
31,2015-02-01,24,11,0.0,1012,30
32,2015-02-02,26,9,0.0,1014,31
33,2015-02-03,24,11,0.0,1012,34
34,2015-02-04,23,15,0.0,1013,30
35,2015-02-05,20,17,0.0,1014,29
36,2015-02-06,20,23,0.0,1016,28
37,2015-02-07,22,17,0.0,1015,31
38,2015-02-08,23,13,0.0,1013,35
39,2015-02-09,21,16,0.0,1017,30
40,2015-02-10,21,21,0.0,1017,32
41,2015-02-11,24,11,0.0,1016,34
42,2015-02-12,24,15,0.0,1013,29
43,2015-02-13,22,18,0.0,1009,26
44,2015-02-14,19,25,0.0,1017,24
45,2015-02-15,17,16,0.0,1017,26
46,2015-02-16,21,13,0.0,1013,32
47,2015-02-17,24,9,0.0,1012,31
48,2015-02-18,23,19,0.0,1012,30
49,2015-02-19,20,22,0.0,1014,29
50,2015-02-20,21,21,0.0,1012,27
51,2015-02-21,18,23,0.0,1012,26
52,2015-02-22,18,24,0.0,1013,27
53,2015-02-23,18,15,0.0,1012,29
54,2015-02-24,26,21,0.0,1006,33
55,2015-02-25,21,16,0.0,1006,33
56,2015-02-26,22,15,0.0,1004,31
57,2015-02-27,21,27,0.0,1009,25
58,2015-02-28,20,12,0.0,1014,27
59,2015-03-01,21,22,0.1,1007,26
60,2015-03-02,20,16,0.0,1014,26
61,2015-03-03,19,15,0.0,1018,27
62,2015-03-04,21,13,0.0,1019,28
63,2015-03-05,22,9,0.0,1020,29
64,2015-03-06,22,12,0.0,1018,29
65,2015-03-07,21,13,0.0,1015,29
66,2015-03-08,23,23,0.0,1015,28
67,2015-03-09,21,21,0.0,1015,28
68,2015-03-10,20,9,0.0,1016,24
69,2015-03-11,20,16,0.0,1014,30
70,2015-03-12,21,15,0.0,1013,29
71,2015-03-13,21,14,0.0,1014,28
72,2015-03-14,20,16,0.0,1013,27
73,2015-03-15,20,17,0.0,1013,27
74,2015-03-16,18,16,0.0,1014,27
75,2015-03-17,19,17,0.0,1013,27
76,2015-03-18,19,16,0.0,1014,27
77,2015-03-19,19,17,0.0,1014,27
78,2015-03-20,18,5,0.0,1016,28
79,2015-03-21,20,29,0.0,1014,25
80,2015-03-22,18,18,0.0,1025,24
81,2015-03-23,14,15,0.0,1025,23
82,2015-03-24,17,24,0.0,1020,25
83,2015-03-25,18,10,0.0,1022,25
84,2015-03-26,20,10,0.0,1020,27
85,2015-03-27,20,13,0.0,1018,25
86,2015-03-28,16,19,0.0,1019,25
87,2015-03-29,17,10,0.0,1017,27
88,2015-03-30,19,14,0.0,1015,26
89,2015-03-31,18,17,0.0,1016,25
90,2015-04-01,17,12,0.0,1021,26
91,2015-04-02,18,5,0.0,1018,26
92,2015-04-03,20,11,0.0,1015,27
93,2015-04-04,19,18,0.0,1016,27
94,2015-04-05,21,13,0.0,1018,27
95,2015-04-06,19,20,0.0,1018,26
96,2015-04-07,18,30,0.0,1016,21
97,2015-04-08,17,11,0.0,1014,25
98,2015-04-09,19,16,0.0,1013,20
99,2015-04-10,21,20,0.0,1010,24
100,2015-04-11,18,24,0.0,1013,21
101,2015-04-12,17,25,0.0,1014,21
102,2015-04-13,16,10,0.1,1016,17
103,2015-04-14,18,14,0.0,1015,26
104,2015-04-15,18,13,0.0,1015,25
105,2015-04-16,18,14,0.0,1027,24
106,2015-04-17,17,17,0.0,1021,24
107,2015-04-18,15,8,0.0,1022,25
108,2015-04-19,19,10,0.0,1024,25
109,2015-04-20,19,6,0.0,1022,27
110,2015-04-21,19,8,0.0,1019,26
111,2015-04-22,18,10,0.0,1018,25
112,2015-04-23,18,15,0.0,1022,25
113,2015-04-24,15,17,0.0,1025,20
114,2015-04-25,15,16,0.0,1023,24
115,2015-04-26,16,13,0.0,1023,24
116,2015-04-27,17,14,0.0,1023,25
117,2015-04-28,17,14,0.0,1017,23
118,2015-04-29,18,10,0.0,1017,25
119,2015-04-30,22,22,0.0,1012,26
120,2015-05-01,18,11,0.0,1018,21
121,2015-05-02,15,15,0.0,1014,20
122,2015-05-03,16,30,0.0,1012,20
123,2015-05-04,14,20,0.0,1023,16
124,2015-05-05,12,12,0.0,1026,19
125,2015-05-06,13,6,0.0,1027,24
126,2015-05-07,14,8,0.0,1027,24
127,2015-05-08,13,11,0.0,1025,24
128,2015-05-09,14,12,0.0,1026,24
129,2015-05-10,15,5,0.0,1026,25
130,2015-05-11,16,7,0.0,1025,25
131,2015-05-12,16,13,0.0,1026,24
132,2015-05-13,17,16,0.0,1026,24
133,2015-05-14,16,9,0.0,1025,25
134,2015-05-15,20,23,0.0,1019,24
135,2015-05-16,23,45,0.0,1011,15
136,2015-05-17,16,33,0.0,1004,17
137,2015-05-18,15,13,0.0,1016,19
138,2015-05-19,13,15,0.0,1024,17
139,2015-05-20,12,19,0.0,1027,17
140,2015-05-21,13,13,0.0,1023,17
141,2015-05-22,15,2,0.0,1017,24
142,2015-05-23,13,12,0.0,1018,20
143,2015-05-24,14,5,0.0,1020,21
144,2015-05-25,14,11,0.0,1020,20
145,2015-05-26,13,13,0.0,1022,19
146,2015-05-27,13,15,0.0,1021,18
147,2015-05-28,11,11,0.0,1022,18
148,2015-05-29,12,8,0.0,1023,20
149,2015-05-30,13,4,0.0,1024,24
150,2015-05-31,13,6,0.0,1021,21
151,2015-06-01,15,21,0.0,1014,20
152,2015-06-02,16,26,0.0,1013,18
153,2015-06-03,18,23,0.0,1019,20
154,2015-06-04,16,11,0.0,1022,24
155,2015-06-05,15,5,0.0,1019,24
156,2015-06-06,15,15,0.0,1021,19
157,2015-06-07,13,7,0.0,1024,20
158,2015-06-08,13,10,0.0,1026,20
159,2015-06-09,15,15,0.0,1024,24
160,2015-06-10,16,11,0.0,1021,24
161,2015-06-11,18,10,0.0,1017,24
162,2015-06-12,17,21,0.0,1018,19
163,2015-06-13,13,13,0.0,1020,17
164,2015-06-14,12,13,0.0,1021,17
165,2015-06-15,13,12,0.0,1020,19
166,2015-06-16,14,20,0.0,1017,21
167,2015-06-17,17,24,0.0,1012,19
168,2015-06-18,17,13,0.0,1010,20
169,2015-06-19,16,18,0.0,1012,21
170,2015-06-20,17,25,0.0,1011,20
171,2015-06-21,16,38,0.0,1008,14
172,2015-06-22,12,22,0.0,1022,15
173,2015-06-23,9,3,0.0,1028,18
174,2015-06-24,10,9,0.0,1028,18
175,2015-06-25,12,10,0.0,1024,18
176,2015-06-26,13,9,0.0,1027,19
177,2015-06-27,13,12,0.0,1028,18
178,2015-06-28,13,14,0.0,1026,19
179,2015-06-29,13,6,0.0,1023,24
180,2015-06-30,14,13,0.0,1021,21
181,2015-07-01,16,8,0.0,1023,20
182,2015-07-02,17,15,0.0,1021,20
183,2015-07-03,15,10,0.0,1022,20
184,2015-07-04,15,15,0.0,1021,19
185,2015-07-05,13,11,0.0,1020,18
186,2015-07-06,13,15,0.0,1020,19
187,2015-07-07,16,16,0.0,1018,18
188,2015-07-08,13,18,0.0,1025,15
189,2015-07-09,8,4,0.0,1026,16
190,2015-07-10,12,12,0.0,1027,16
191,2015-07-11,10,8,0.0,1032,17
192,2015-07-12,10,7,0.0,1030,17
193,2015-07-13,12,12,0.0,1029,16
194,2015-07-14,12,13,0.0,1029,18
195,2015-07-15,12,17,0.0,1028,18
196,2015-07-16,12,18,0.0,1024,18
197,2015-07-17,14,18,0.0,1021,20
198,2015-07-18,15,8,0.0,1022,20
199,2015-07-19,15,22,0.0,1014,19
200,2015-07-20,17,30,0.0,1007,17
201,2015-07-21,12,11,0.0,1017,15
202,2015-07-22,11,18,0.0,1016,16
203,2015-07-23,13,19,0.0,1022,16
204,2015-07-24,9,13,0.0,1027,16
205,2015-07-25,12,12,0.0,1027,17
206,2015-07-26,10,5,0.0,1030,19
207,2015-07-27,12,15,0.0,1025,19
208,2015-07-28,16,27,0.0,1014,16
209,2015-07-29,12,13,0.0,1018,19
210,2015-07-30,16,21,0.0,1018,19
211,2015-07-31,17,10,0.0,1011,20
212,2015-08-01,12,15,0.0,1024,15
213,2015-08-02,11,10,0.0,1032,17
214,2015-08-03,12,6,0.0,1032,18
215,2015-08-04,12,10,0.0,1030,18
216,2015-08-05,13,14,0.0,1026,18
217,2015-08-06,14,13,0.0,1018,18
218,2015-08-07,14,9,0.0,1013,17
219,2015-08-08,11,27,0.0,1014,12
220,2015-08-09,10,8,0.0,1022,13
221,2015-08-10,13,22,0.0,1019,16
222,2015-08-11,13,13,0.0,1028,17
223,2015-08-12,13,10,0.0,1028,17
224,2015-08-13,13,5,0.0,1025,17
225,2015-08-14,15,6,0.0,1022,24
226,2015-08-15,18,7,0.0,1020,25
227,2015-08-16,18,10,0.0,1020,25
228,2015-08-17,16,13,0.0,1016,17
229,2015-08-18,16,19,0.0,1016,18
230,2015-08-19,14,17,0.0,1010,16
231,2015-08-20,14,24,0.0,1013,17
232,2015-08-21,11,19,0.0,1011,13
233,2015-08-22,12,15,0.0,1019,16
234,2015-08-23,12,8,0.0,1027,17
235,2015-08-24,13,11,0.0,1028,18
236,2015-08-25,13,12,0.0,1024,18
237,2015-08-26,14,9,0.0,1019,20
238,2015-08-27,17,14,0.0,1014,24
239,2015-08-28,15,17,0.0,1015,19
240,2015-08-29,15,23,0.0,1012,19
241,2015-08-30,13,12,0.0,1019,17
242,2015-08-31,12,24,0.0,1016,16
243,2015-09-01,13,18,0.0,1018,17
244,2015-09-02,13,13,0.0,1025,14
245,2015-09-03,10,2,0.0,1020,20
246,2015-09-04,11,18,0.0,1016,18
247,2015-09-05,12,16,0.0,1019,18
248,2015-09-06,12,13,0.0,1019,19
249,2015-09-07,11,6,0.0,1025,24
250,2015-09-08,15,6,0.0,1021,25
251,2015-09-09,17,23,0.0,1015,27
252,2015-09-10,18,21,0.0,1016,15
253,2015-09-11,15,33,0.0,1016,20
254,2015-09-12,16,32,0.0,1016,15
255,2015-09-13,9,21,0.0,1024,16
256,2015-09-14,10,16,0.0,1025,17
257,2015-09-15,10,10,0.0,1026,16
258,2015-09-16,10,8,0.0,1025,20
259,2015-09-17,13,21,0.0,1017,19
260,2015-09-18,13,25,0.0,1017,18
261,2015-09-19,13,17,0.0,1019,19
262,2015-09-20,13,19,0.0,1016,20
263,2015-09-21,12,10,0.0,1026,24
264,2015-09-22,15,9,0.0,1025,24
265,2015-09-23,16,6,0.0,1022,27
266,2015-09-24,20,18,0.0,1017,26
267,2015-09-25,15,16,0.0,1019,20
268,2015-09-26,13,16,0.0,1023,24
269,2015-09-27,15,10,0.0,1020,25
270,2015-09-28,14,15,0.0,1015,25
271,2015-09-29,14,15,0.0,1018,20
272,2015-09-30,15,12,0.0,1023,25
273,2015-10-01,20,16,0.0,1019,27
274,2015-10-02,20,10,0.0,1019,25
275,2015-10-03,19,16,0.0,1021,25
276,2015-10-04,18,20,0.0,1018,25
277,2015-10-05,15,26,0.0,1020,17
278,2015-10-06,14,11,0.0,1027,20
279,2015-10-07,18,9,0.0,1020,24
280,2015-10-08,21,12,0.0,1019,27
281,2015-10-09,23,12,0.0,1019,30
282,2015-10-10,23,12,0.0,1020,30
283,2015-10-11,24,3,0.0,1019,32
284,2015-10-12,23,15,0.0,1015,30
285,2015-10-13,19,17,0.0,1011,26
286,2015-10-14,16,14,0.0,1014,17
287,2015-10-15,15,15,0.0,1021,19
288,2015-10-16,15,14,0.0,1020,24
289,2015-10-17,19,15,0.0,1014,27
290,2015-10-18,16,19,0.0,1017,20
291,2015-10-19,16,12,0.0,1021,21
292,2015-10-20,19,3,0.0,1019,28
293,2015-10-21,22,14,0.0,1015,28
294,2015-10-22,19,17,0.0,1012,25
295,2015-10-23,18,18,0.0,1015,24
296,2015-10-24,18,19,0.0,1015,22
297,2015-10-25,19,15,0.0,1016,25
298,2015-10-26,20,5,0.0,1016,27
299,2015-10-27,21,8,0.0,1013,26
300,2015-10-28,20,13,0.0,1013,26
301,2015-10-29,19,14,0.0,1014,26
302,2015-10-30,20,16,0.0,1014,27
303,2015-10-31,19,15,0.0,1015,25
304,2015-11-01,18,12,0.0,1010,24
305,2015-11-02,17,18,0.0,1011,24
306,2015-11-03,18,16,0.0,1016,25
307,2015-11-04,18,14,0.0,1011,25
308,2015-11-05,17,13,0.0,1006,24
309,2015-11-06,19,15,0.0,1005,25
310,2015-11-07,18,15,0.0,1013,25
311,2015-11-08,19,19,0.0,1017,26
312,2015-11-09,22,6,0.0,1017,30
313,2015-11-10,22,17,0.0,1015,29
314,2015-11-11,22,15,0.0,1015,28
315,2015-11-12,25,9,0.0,1017,32
316,2015-11-13,28,9,0.0,1015,34
317,2015-11-14,28,17,0.0,1009,35
318,2015-11-15,23,17,0.0,1011,28
319,2015-11-16,23,13,0.0,1009,29
320,2015-11-17,21,23,0.0,1008,24
321,2015-11-18,17,23,0.0,1016,19
322,2015-11-19,16,20,0.0,1022,21
323,2015-11-20,20,9,0.0,1022,26
324,2015-11-21,25,13,0.0,1017,30
325,2015-11-22,25,25,0.0,1012,31
326,2015-11-23,21,13,0.0,1012,27
327,2015-11-24,21,23,0.0,1013,26
328,2015-11-25,20,18,0.0,1014,26
329,2015-11-26,22,8,0.0,1013,28
330,2015-11-27,24,15,0.0,1010,29
331,2015-11-28,22,18,0.0,1013,27
332,2015-11-29,20,22,0.0,1014,26
333,2015-11-30,19,19,0.0,1018,25
334,2015-12-01,16,13,0.0,1018,25
335,2015-12-02,20,12,0.0,1011,30
336,2015-12-03,20,24,0.0,1009,26
337,2015-12-04,18,27,0.0,1012,24
338,2015-12-05,15,20,0.0,1012,18
339,2015-12-06,15,25,0.0,1013,19
340,2015-12-07,16,26,0.0,1017,21
341,2015-12-08,14,19,0.0,1018,24
342,2015-12-09,16,22,0.0,1018,25
343,2015-12-10,15,21,0.0,1018,25
344,2015-12-11,19,14,0.0,1015,28
345,2015-12-12,18,26,0.0,1010,26
346,2015-12-13,17,20,0.0,1013,25
347,2015-12-14,16,19,0.0,1013,25
348,2015-12-15,16,18,0.0,1011,26
349,2015-12-16,17,27,0.0,1012,25
350,2015-12-17,19,24,0.0,1010,27
351,2015-12-18,19,7,0.0,1010,25
352,2015-12-19,18,18,0.0,1012,27
353,2015-12-20,19,19,0.0,1012,26
354,2015-12-21,21,23,0.0,1008,30
355,2015-12-22,25,24,0.0,1010,32
356,2015-12-23,26,15,0.0,1007,33
357,2015-12-24,20,31,0.0,1010,25
358,2015-12-25,15,19,0.0,1015,25
359,2015-12-26,18,14,0.0,1014,28
360,2015-12-27,22,13,0.0,1013,31
361,2015-12-28,24,14,0.0,1011,34
362,2015-12-29,21,21,0.0,1009,30
363,2015-12-30,19,18,0.0,1010,28
364,2015-12-31,19,17,0.0,1012,27
365,2016-01-01,18,17,0.0,1012,29
366,2016-01-02,25,15,0.0,1009,33
367,2016-01-03,25,13,0.0,1010,33
368,2016-01-04,21,19,0.0,1010,30
369,2016-01-05,22,13,0.0,1009,28
370,2016-01-06,18,17,0.0,1012,31
371,2016-01-07,27,2,0.0,1012,37
372,2016-01-08,25,20,0.0,1011,34
373,2016-01-09,21,17,0.0,1009,31
374,2016-01-10,21,16,0.0,1012,25
375,2016-01-11,18,18,0.0,1011,26
376,2016-01-12,20,23,0.0,1014,25
377,2016-01-13,17,14,0.0,1021,26
378,2016-01-14,20,14,0.0,1020,29
379,2016-01-15,24,8,0.0,1016,33
380,2016-01-16,27,20,0.0,1012,32
381,2016-01-17,22,20,0.0,1007,28
382,2016-01-18,20,14,0.0,1005,21
383,2016-01-19,15,11,0.0,1004,21
384,2016-01-20,16,17,0.0,1007,25
385,2016-01-21,18,16,0.0,1013,25
386,2016-01-22,19,16,0.0,1016,27
387,2016-01-23,22,22,0.0,1012,31
388,2016-01-24,23,16,0.0,1012,32
389,2016-01-25,26,11,0.0,1009,31
390,2016-01-26,22,17,0.0,1011,30
391,2016-01-27,23,15,0.0,1014,29
392,2016-01-28,22,15,0.0,1014,30
393,2016-01-29,23,14,0.0,1010,32
394,2016-01-30,27,17,0.0,1005,26
395,2016-01-31,22,34,0.0,1003,25
396,2016-02-01,14,23,0.0,1011,20
397,2016-02-02,15,20,0.0,1017,25
398,2016-02-03,20,13,0.0,1018,27
399,2016-02-04,22,2,0.0,1016,31
400,2016-02-05,22,19,0.0,1013,30
401,2016-02-06,22,20,0.0,1014,30
402,2016-02-07,24,7,0.0,1014,36
403,2016-02-08,27,3,0.0,1013,40
404,2016-02-09,26,19,0.0,1013,35
405,2016-02-10,26,18,0.0,1011,36
406,2016-02-11,25,16,0.0,1011,32
407,2016-02-12,20,26,0.0,1016,28
408,2016-02-13,20,21,0.0,1018,27
409,2016-02-14,20,16,0.0,1018,27
410,2016-02-15,21,19,0.0,1017,29
411,2016-02-16,25,6,0.0,1013,34
412,2016-02-17,28,21,0.0,1012,28
413,2016-02-18,20,20,0.0,1015,28
414,2016-02-19,20,22,0.0,1014,27
415,2016-02-20,21,15,0.0,1009,28
416,2016-02-21,18,17,0.0,1011,26
417,2016-02-22,18,19,0.0,1016,25
418,2016-02-23,15,20,0.0,1014,24
419,2016-02-24,14,25,0.0,1017,24
420,2016-02-25,16,13,0.0,1019,25
421,2016-02-26,21,9,0.0,1015,33
422,2016-02-27,28,21,0.0,1010,33
423,2016-02-28,21,14,0.0,1014,26
424,2016-02-29,17,18,0.0,1016,25
425,2016-03-01,17,24,0.0,1017,25
426,2016-03-02,17,18,0.0,1016,28
427,2016-03-03,18,21,0.0,1015,25
428,2016-03-04,17,23,0.0,1017,26
429,2016-03-05,20,16,0.0,1017,26
430,2016-03-06,20,13,0.0,1017,28
431,2016-03-07,21,7,0.0,1016,30
432,2016-03-08,22,12,0.0,1013,30
433,2016-03-09,21,10,0.0,1010,31
434,2016-03-10,20,22,0.0,1011,27
435,2016-03-11,18,24,0.0,1014,28
436,2016-03-12,22,17,0.0,1013,31
437,2016-03-13,24,7,0.0,1012,34
438,2016-03-14,29,14,0.0,1010,34
439,2016-03-15,25,17,0.0,1007,28
440,2016-03-16,20,23,0.0,1011,25
441,2016-03-17,18,15,0.0,1013,26
442,2016-03-18,19,11,0.0,1011,27
443,2016-03-19,22,11,0.0,1009,26
444,2016-03-20,21,12,0.0,1011,30
445,2016-03-21,23,18,0.0,1009,28
446,2016-03-22,23,17,0.0,1011,26
447,2016-03-23,20,21,0.0,1017,25
448,2016-03-24,19,17,0.0,1020,26
449,2016-03-25,21,5,0.0,1018,32
450,2016-03-26,21,12,0.0,1018,25
451,2016-03-27,19,23,0.0,1018,24
452,2016-03-28,17,13,0.0,1022,25
453,2016-03-29,18,10,0.0,1023,26
454,2016-03-30,19,9,0.0,1019,28
455,2016-03-31,18,19,0.0,1014,25
456,2016-04-01,17,13,0.0,1017,25
457,2016-04-02,17,8,0.0,1020,28
458,2016-04-03,20,6,0.0,1018,31
459,2016-04-04,20,20,0.0,1016,25
460,2016-04-05,17,19,0.0,1023,21
461,2016-04-06,14,13,0.0,1026,24
462,2016-04-07,16,10,0.0,1022,24
463,2016-04-08,19,3,0.0,1017,27
464,2016-04-09,20,17,0.0,1018,25
465,2016-04-10,19,22,0.0,1019,27
466,2016-04-11,21,22,0.0,1022,21
467,2016-04-12,20,11,0.0,1019,25
468,2016-04-13,18,15,0.0,1016,24
469,2016-04-14,18,14,0.0,1015,26
470,2016-04-15,18,13,0.0,1015,25
471,2016-04-16,19,11,0.0,1016,26
472,2016-04-17,17,13,0.0,1016,24
473,2016-04-18,18,12,0.0,1015,25
474,2016-04-19,17,13,0.0,1016,24
475,2016-04-20,17,15,0.0,1016,24
476,2016-04-21,17,10,0.0,1026,25
477,2016-04-22,18,12,0.0,1024,25
478,2016-04-23,20,9,0.0,1017,26
479,2016-04-24,20,13,0.0,1013,25
480,2016-04-25,21,12,0.0,1013,21
481,2016-04-26,19,30,0.0,1012,18
482,2016-04-27,15,7,0.0,1017,17
483,2016-04-28,15,29,0.0,1014,18
484,2016-04-29,17,25,0.0,1015,19
485,2016-04-30,15,11,0.0,1020,18
486,2016-05-01,14,9,0.0,1021,19
487,2016-05-02,15,12,0.0,1020,19
488,2016-05-03,16,6,0.0,1020,24
489,2016-05-04,16,11,0.0,1015,21
490,2016-05-05,16,5,0.0,1014,20
491,2016-05-06,15,12,0.0,1008,19
492,2016-05-07,14,25,0.0,1009,17
493,2016-05-08,12,11,0.0,1019,16
494,2016-05-09,13,7,0.0,1024,19
495,2016-05-10,15,1,0.0,1026,25
496,2016-05-11,17,8,0.0,1021,25
497,2016-05-12,16,14,0.0,1014,24
498,2016-05-13,16,17,0.0,1014,21
499,2016-05-14,17,14,0.0,1018,21
500,2016-05-15,15,19,0.0,1017,20
501,2016-05-16,14,6,0.0,1020,24
502,2016-05-17,15,9,0.0,1021,20
503,2016-05-18,17,6,0.0,1021,21
504,2016-05-19,16,10,0.0,1018,22
505,2016-05-20,16,12,0.0,1016,21
506,2016-05-21,16,13,0.0,1016,20
507,2016-05-22,15,17,0.0,1019,18
508,2016-05-23,15,18,0.0,1014,19
509,2016-05-24,16,18,0.0,1008,17
510,2016-05-25,14,14,0.0,1012,17
511,2016-05-26,15,14,0.0,1018,18
512,2016-05-27,15,9,0.0,1021,17
513,2016-05-28,14,12,3.5,1015,14
514,2016-05-29,13,4,0.0,1018,18
515,2016-05-30,12,9,0.0,1019,15
516,2016-05-31,14,7,0.0,1019,20
517,2016-06-01,15,12,0.0,1019,20
518,2016-06-02,14,16,0.0,1017,20
519,2016-06-03,16,17,0.0,1011,24
520,2016-06-04,17,16,0.0,1016,17
521,2016-06-05,12,2,0.0,1014,18
522,2016-06-06,11,18,0.0,1007,16
523,2016-06-07,12,33,0.0,1013,14
524,2016-06-08,11,21,0.0,1024,14
525,2016-06-09,9,13,0.0,1026,16
526,2016-06-10,13,9,0.7,1025,18
527,2016-06-11,16,21,0.0,1023,19
528,2016-06-12,16,26,0.0,1015,20
529,2016-06-13,14,15,0.0,1016,17
530,2016-06-14,13,14,0.0,1021,18
531,2016-06-15,13,6,0.0,1020,19
532,2016-06-16,16,12,0.0,1020,19
533,2016-06-17,13,11,0.0,1021,16
534,2016-06-18,11,14,0.0,1018,18
535,2016-06-19,13,21,0.0,1009,18
536,2016-06-20,15,15,0.0,1009,17
537,2016-06-21,14,12,0.0,1016,16
538,2016-06-22,12,21,0.0,1017,17
539,2016-06-23,13,6,0.0,1021,16
540,2016-06-24,10,12,0.0,1018,16
541,2016-06-25,12,19,0.0,1020,16
542,2016-06-26,10,11,0.0,1023,16
543,2016-06-27,11,18,0.0,1016,16
544,2016-06-28,12,27,0.0,1012,18
545,2016-06-29,13,19,0.0,1019,17
546,2016-06-30,11,8,0.0,1025,17
547,2016-07-01,11,3,0.0,1025,20
548,2016-07-02,12,3,0.0,1022,20
549,2016-07-03,12,23,0.0,1024,16
550,2016-07-04,10,18,0.0,1028,14
551,2016-07-05,11,16,0.0,1023,16
552,2016-07-06,11,8,0.0,1019,16
553,2016-07-07,11,16,0.0,1016,16
554,2016-07-08,15,21,0.0,1008,15
555,2016-07-09,9,32,0.0,1009,12
556,2016-07-10,11,22,0.0,1015,15
557,2016-07-11,12,20,0.0,1022,15
558,2016-07-12,9,8,0.0,1029,14
559,2016-07-13,8,12,0.0,1026,15
560,2016-07-14,11,27,0.0,1017,16
561,2016-07-15,15,22,0.0,1016,20
562,2016-07-16,16,31,0.0,1009,19
563,2016-07-17,16,26,0.0,1011,16
564,2016-07-18,12,17,0.0,1019,17
565,2016-07-19,12,14,0.0,1019,17
566,2016-07-20,12,18,0.0,1018,17
567,2016-07-21,12,14,0.0,1018,17
568,2016-07-22,12,17,0.0,1017,17
569,2016-07-23,13,16,0.0,1018,18
570,2016-07-24,13,13,0.0,1020,17
571,2016-07-25,13,20,0.0,1018,17
572,2016-07-26,13,14,0.0,1019,17
573,2016-07-27,12,19,0.0,1018,18
574,2016-07-28,14,0,0.0,1020,20
575,2016-07-29,15,32,0.0,1012,20
576,2016-07-30,16,23,0.0,1016,17
577,2016-07-31,15,32,0.0,1022,15
578,2016-08-01,9,6,0.0,1029,17
579,2016-08-02,11,10,0.0,1022,17
580,2016-08-03,13,15,0.0,1016,16
581,2016-08-04,12,6,0.0,1015,14
582,2016-08-05,11,8,0.0,1018,16
583,2016-08-06,13,22,0.0,1010,17
584,2016-08-07,12,24,0.0,1013,15
585,2016-08-08,11,22,0.0,1016,11
586,2016-08-09,10,13,0.0,1021,12
587,2016-08-10,12,10,0.0,1023,16
588,2016-08-11,12,21,0.0,1018,17
589,2016-08-12,11,6,0.0,1025,17
590,2016-08-13,12,2,0.0,1025,19
591,2016-08-14,13,7,0.0,1015,20
592,2016-08-15,14,17,0.0,1013,15
593,2016-08-16,13,15,0.0,1016,18
594,2016-08-17,12,27,0.0,1004,12
595,2016-08-18,10,17,0.0,1022,14
596,2016-08-19,10,13,0.0,1023,14
597,2016-08-20,12,15,0.0,1019,17
598,2016-08-21,11,19,0.0,1016,16
599,2016-08-22,10,17,0.0,1021,15
600,2016-08-23,9,9,0.0,1023,16
601,2016-08-24,10,10,0.0,1024,16
602,2016-08-25,12,13,0.0,1021,17
603,2016-08-26,16,21,0.0,1009,21
604,2016-08-27,12,26,0.0,1003,13
605,2016-08-28,12,20,0.0,1011,14
606,2016-08-29,12,11,0.0,1016,16
607,2016-08-30,11,7,0.0,1017,15
608,2016-08-31,12,15,0.0,1014,15
609,2016-09-01,12,6,0.0,1024,19
610,2016-09-02,11,12,0.0,1021,15
611,2016-09-03,12,4,0.0,1023,24
612,2016-09-04,14,8,0.0,1018,21
613,2016-09-05,14,12,0.0,1016,19
614,2016-09-06,14,15,0.0,1010,17
615,2016-09-07,13,28,0.0,1014,15
616,2016-09-08,13,8,0.0,1024,18
617,2016-09-09,12,8,0.0,1022,17
618,2016-09-10,14,10,0.0,1019,17
619,2016-09-11,12,14,0.0,1023,15
620,2016-09-12,11,18,0.0,1026,16
621,2016-09-13,11,17,0.0,1026,16
622,2016-09-14,12,3,0.0,1024,21
623,2016-09-15,12,23,0.0,1014,16
624,2016-09-16,11,11,0.0,1021,14
625,2016-09-17,11,4,0.0,1024,18
626,2016-09-18,11,21,0.0,1014,15
627,2016-09-19,11,17,0.0,1017,14
628,2016-09-20,12,7,0.0,1020,18
629,2016-09-21,14,9,0.0,1016,24
630,2016-09-22,12,19,0.0,1011,14
631,2016-09-23,11,22,0.0,1015,14
632,2016-09-24,10,13,0.0,1015,15
633,2016-09-25,11,12,0.0,1018,16
634,2016-09-26,11,15,0.0,1019,15
635,2016-09-27,13,30,0.0,1011,14
636,2016-09-28,10,13,0.0,1022,15
637,2016-09-29,11,4,0.0,1017,23
638,2016-09-30,13,22,0.0,1007,15
639,2016-10-01,15,41,0.0,1006,13
640,2016-10-02,12,26,0.0,1018,15
641,2016-10-03,12,21,0.0,1019,16
642,2016-10-04,14,17,0.0,1016,18
643,2016-10-05,12,17,0.0,1010,20
644,2016-10-06,16,22,0.0,1010,20
645,2016-10-07,15,17,0.0,1010,24
646,2016-10-08,17,29,0.0,1009,15
647,2016-10-09,13,26,0.0,1022,16
648,2016-10-10,10,12,0.0,1027,18
649,2016-10-11,11,11,0.0,1022,24
650,2016-10-12,17,8,0.0,1013,27
651,2016-10-13,16,14,0.0,1010,21
652,2016-10-14,15,23,0.0,1011,18
653,2016-10-15,13,31,0.0,1018,16
654,2016-10-16,10,15,0.0,1025,17
655,2016-10-17,11,18,0.0,1023,18
656,2016-10-18,11,18,0.0,1020,19
657,2016-10-19,10,18,0.0,1014,17
658,2016-10-20,12,19,0.0,1019,17
659,2016-10-21,10,8,0.0,1025,20
660,2016-10-22,13,3,0.0,1019,26
661,2016-10-23,17,17,0.0,1010,24
662,2016-10-24,13,19,0.0,1012,18
663,2016-10-25,11,13,0.0,1016,17
664,2016-10-26,11,15,0.0,1019,19
665,2016-10-27,12,20,0.0,1018,19
666,2016-10-28,12,19,0.0,1012,19
667,2016-10-29,14,28,0.0,1014,18
668,2016-10-30,11,16,0.0,1021,18
669,2016-10-31,12,23,0.0,1019,20
670,2016-11-01,13,15,0.0,1016,24
671,2016-11-02,16,16,0.0,1011,25
672,2016-11-03,14,21,0.0,1016,21
673,2016-11-04,15,18,0.0,1019,25
674,2016-11-05,18,4,0.0,1013,34
675,2016-11-06,19,27,0.0,1015,24
676,2016-11-07,13,21,0.0,1017,19
677,2016-11-08,12,20,0.0,1011,20
678,2016-11-09,12,22,0.0,1010,18
679,2016-11-10,10,23,0.0,1009,18
680,2016-11-11,12,19,0.0,1016,18
681,2016-11-12,11,22,0.0,1020,20
682,2016-11-13,14,12,0.0,1019,26
683,2016-11-14,21,6,0.0,1010,30
684,2016-11-15,24,21,0.0,1004,25
685,2016-11-16,19,15,0.0,1007,18
686,2016-11-17,13,17,0.0,1021,19
687,2016-11-18,13,10,0.0,1016,26
688,2016-11-19,15,22,0.0,1012,25
689,2016-11-20,15,28,0.0,1016,20
690,2016-11-21,13,21,0.0,1019,19
691,2016-11-22,14,17,0.0,1017,25
692,2016-11-23,18,16,0.0,1016,27
693,2016-11-24,20,15,0.0,1016,28
694,2016-11-25,21,8,0.0,1015,30
695,2016-11-26,22,10,0.0,1011,30
696,2016-11-27,18,22,0.0,1013,27
697,2016-11-28,17,18,0.0,1014,25
698,2016-11-29,15,23,0.0,1015,25
699,2016-11-30,17,25,0.0,1012,24
700,2016-12-01,15,22,0.0,1014,24
701,2016-12-02,15,18,0.0,1009,25
702,2016-12-03,14,20,0.0,1009,20
703,2016-12-04,15,20,0.0,1013,20
704,2016-12-05,13,26,0.0,1014,21
705,2016-12-06,14,22,0.0,1014,24
706,2016-12-07,15,26,0.0,1016,24
707,2016-12-08,16,9,0.0,1016,25
708,2016-12-09,20,15,0.0,1012,29
709,2016-12-10,21,16,0.0,1009,28
710,2016-12-11,15,21,0.0,1008,26
711,2016-12-12,18,20,0.0,1011,24
712,2016-12-13,16,18,0.0,1019,24
713,2016-12-14,18,9,0.0,1017,26
714,2016-12-15,20,18,0.0,1010,27
715,2016-12-16,19,20,0.0,1012,26
716,2016-12-17,16,17,0.0,1011,27
717,2016-12-18,17,26,0.0,1012,25
718,2016-12-19,15,19,0.0,1014,25
719,2016-12-20,19,13,0.0,1011,28
720,2016-12-21,24,7,0.0,1004,36
721,2016-12-22,19,23,0.0,1009,25
722,2016-12-23,18,23,0.0,1006,28
723,2016-12-24,18,27,0.0,1005,27
724,2016-12-25,20,20,0.0,1009,28
725,2016-12-26,20,22,0.0,1004,26
726,2016-12-27,17,33,0.0,1007,20
727,2016-12-28,14,24,0.0,1011,20
728,2016-12-29,13,17,0.0,1011,24
729,2016-12-30,14,24,0.0,1009,20
730,2016-12-31,14,18,0.0,1014,25
731,2017-01-01,22,12,0.0,1014,27
732,2017-01-02,26,6,0.0,1012,32
733,2017-01-03,28,11,0.0,1009,34
734,2017-01-04,27,18,0.0,1006,33
735,2017-01-05,21,19,0.0,1007,25
736,2017-01-06,18,23,0.0,1010,20
737,2017-01-07,19,23,0.0,1010,25
738,2017-01-08,22,23,0.0,1010,27
739,2017-01-09,24,16,0.0,1009,30
740,2017-01-10,26,21,0.0,1009,31
741,2017-01-11,24,17,0.0,1004,29
742,2017-01-12,19,28,0.0,1009,21
743,2017-01-13,19,20,0.0,1013,25
744,2017-01-14,25,13,0.0,1011,31
745,2017-01-15,24,22,0.0,1006,29
746,2017-01-16,20,30,0.0,1009,25
747,2017-01-17,21,14,0.0,1012,26
748,2017-01-18,23,5,0.0,1007,28
749,2017-01-19,19,23,0.0,1011,24
750,2017-01-20,20,21,0.0,1011,25
751,2017-01-21,22,23,0.0,1006,28
752,2017-01-22,19,27,0.0,1010,24
753,2017-01-23,18,24,0.0,1016,25
754,2017-01-24,22,14,0.0,1016,29
755,2017-01-25,27,9,0.0,1014,34
756,2017-01-26,29,8,0.0,1011,35
757,2017-01-27,27,24,0.0,1009,32
758,2017-01-28,26,14,0.0,1006,35
759,2017-01-29,22,12,0.0,1011,25
760,2017-01-30,18,19,0.0,1014,18
761,2017-01-31,18,13,0.0,1013,20
762,2017-02-01,22,14,0.0,1016,28
763,2017-02-02,24,12,0.0,1013,30
764,2017-02-03,25,16,0.0,1007,31
765,2017-02-04,22,17,0.0,1008,28
766,2017-02-05,22,15,0.0,1010,27
767,2017-02-06,24,10,0.0,1007,31
768,2017-02-07,23,22,0.0,1004,26
769,2017-02-08,19,20,0.0,1011,24
770,2017-02-09,15,26,0.0,1010,14
771,2017-02-10,18,21,0.0,1007,20
772,2017-02-11,22,22,0.0,1011,25
773,2017-02-12,23,21,0.0,1014,27
774,2017-02-13,26,3,0.0,1012,35
775,2017-02-14,25,12,0.0,1013,31
776,2017-02-15,25,9,0.0,1013,31
777,2017-02-16,24,10,0.0,1013,30
778,2017-02-17,24,14,0.0,1017,29
779,2017-02-18,26,12,0.0,1017,32
780,2017-02-19,28,16,0.0,1012,35
781,2017-02-20,21,15,0.0,1011,26
782,2017-02-21,17,23,0.0,1015,20
783,2017-02-22,18,11,0.0,1021,25
784,2017-02-23,22,5,0.0,1020,32
785,2017-02-24,27,12,0.0,1018,32
786,2017-02-25,29,4,0.0,1013,39
787,2017-02-26,23,13,0.0,1011,28
788,2017-02-27,23,14,0.0,1014,29
789,2017-02-28,25,4,0.0,1013,40
790,2017-03-01,27,10,0.0,1012,34
791,2017-03-02,26,6,0.0,1016,28
792,2017-03-03,27,19,0.0,1014,33
793,2017-03-04,27,13,0.0,1013,33
794,2017-03-05,27,9,0.0,1013,35
795,2017-03-06,26,15,0.0,1011,31
796,2017-03-07,25,17,0.0,1011,31
797,2017-03-08,26,14,0.0,1009,31
798,2017-03-09,24,17,0.0,1011,29
799,2017-03-10,23,18,0.0,1012,28
800,2017-03-11,22,15,0.0,1014,27
801,2017-03-12,23,15,0.0,1007,27
802,2017-03-13,20,22,0.0,1009,21
803,2017-03-14,19,30,0.0,1010,20
804,2017-03-15,19,17,0.0,1018,24
805,2017-03-16,20,2,0.0,1015,28
806,2017-03-17,19,18,0.0,1011,24
807,2017-03-18,18,19,0.0,1018,18
808,2017-03-19,17,17,0.0,1021,21
809,2017-03-20,19,11,0.0,1016,24
810,2017-03-21,19,32,0.0,1006,19
811,2017-03-22,19,22,0.0,1008,24
812,2017-03-23,19,21,0.0,1013,24
813,2017-03-24,20,16,0.0,1014,25
814,2017-03-25,20,13,0.0,1009,25
815,2017-03-26,18,29,0.0,1016,19
816,2017-03-27,17,14,0.0,1020,21
817,2017-03-28,17,19,0.0,1018,24
818,2017-03-29,18,15,0.0,1022,24
819,2017-03-30,20,8,0.0,1021,26
820,2017-03-31,21,11,0.0,1021,26
821,2017-04-01,22,13,0.0,1021,27
822,2017-04-02,23,4,0.0,1020,31
823,2017-04-03,23,10,0.0,1021,28
824,2017-04-04,22,5,0.0,1021,31
825,2017-04-05,21,9,0.0,1014,28
826,2017-04-06,18,17,0.0,1012,25
827,2017-04-07,16,6,0.0,1022,24
828,2017-04-08,16,8,0.0,1025,24
829,2017-04-09,19,8,0.0,1024,25
830,2017-04-10,21,3,0.0,1019,28
831,2017-04-11,20,14,0.0,1015,25
832,2017-04-12,17,13,0.0,1020,25
833,2017-04-13,19,7,0.0,1021,27
834,2017-04-14,21,8,0.0,1016,27
835,2017-04-15,20,9,0.0,1013,27
836,2017-04-16,20,10,0.0,1012,25
837,2017-04-17,17,11,0.0,1013,20
838,2017-04-18,17,11,0.0,1011,21
839,2017-04-19,17,7,0.0,1018,26
840,2017-04-20,20,3,0.0,1019,28
841,2017-04-21,21,7,0.0,1018,27
842,2017-04-22,22,10,0.0,1018,27
843,2017-04-23,20,12,0.0,1018,26
844,2017-04-24,19,11,0.0,1020,25
845,2017-04-25,17,8,0.0,1024,24
846,2017-04-26,18,6,0.0,1025,25
847,2017-04-27,19,8,0.0,1024,25
848,2017-04-28,18,8,0.0,1023,25
849,2017-04-29,19,4,0.0,1021,27
850,2017-04-30,17,13,0.0,1021,25
851,2017-05-01,17,7,0.0,1024,25
852,2017-05-02,19,8,0.0,1022,25
853,2017-05-03,20,13,0.0,1018,26
854,2017-05-04,18,15,0.0,1017,25
855,2017-05-05,18,11,0.0,1022,25
856,2017-05-06,18,3,0.0,1025,26
857,2017-05-07,19,9,0.0,1021,27
858,2017-05-08,19,12,0.0,1018,26
859,2017-05-09,17,12,0.0,1020,19
860,2017-05-10,14,12,0.0,1021,21
861,2017-05-11,15,8,0.0,1020,24
862,2017-05-12,14,1,0.0,1019,24
863,2017-05-13,16,5,0.0,1019,24
864,2017-05-14,18,21,0.0,1009,24
865,2017-05-15,17,18,0.0,1008,17
866,2017-05-16,17,10,0.0,1015,20
867,2017-05-17,15,12,0.0,1020,20
868,2017-05-18,17,14,0.0,1017,24
869,2017-05-19,17,21,0.0,1012,21
870,2017-05-20,14,6,0.0,1012,14
871,2017-05-21,13,20,0.0,1009,15
872,2017-05-22,14,9,0.0,1019,17
873,2017-05-23,15,6,0.0,1021,18
874,2017-05-24,15,10,0.0,1021,19
875,2017-05-25,15,10,0.0,1019,20
876,2017-05-26,15,12,0.0,1020,18
877,2017-05-27,13,9,0.0,1024,18
878,2017-05-28,13,5,0.0,1025,20
879,2017-05-29,14,6,0.0,1023,24
880,2017-05-30,16,9,0.0,1021,24
881,2017-05-31,17,9,0.0,1020,25
882,2017-06-01,16,9,0.0,1021,25
883,2017-06-02,16,11,0.0,1023,25
884,2017-06-03,16,6,0.0,1025,25
885,2017-06-04,16,6,0.0,1026,25
886,2017-06-05,16,6,0.0,1024,24
887,2017-06-06,16,12,0.0,1021,23
888,2017-06-07,15,8,0.0,1025,24
889,2017-06-08,15,12,0.0,1028,23
890,2017-06-09,16,10,0.0,1027,22
891,2017-06-10,16,12,0.0,1025,21
892,2017-06-11,17,13,0.0,1022,22
893,2017-06-12,17,10,0.0,1019,23
894,2017-06-13,17,9,0.0,1015,24
895,2017-06-14,15,7,0.0,1018,20
896,2017-06-15,14,6,0.0,1023,19
897,2017-06-16,14,4,0.0,1025,24
898,2017-06-17,14,8,0.0,1027,24
899,2017-06-18,14,5,0.0,1024,24
900,2017-06-19,15,7,0.0,1020,24
901,2017-06-20,15,11,0.0,1016,21
902,2017-06-21,15,21,0.0,1014,18
903,2017-06-22,14,17,0.0,1009,15
904,2017-06-23,14,21,0.0,1019,18
905,2017-06-24,13,13,0.0,1024,17
906,2017-06-25,11,10,0.0,1026,16
907,2017-06-26,11,11,0.0,1026,16
908,2017-06-27,12,7,0.0,1027,17
909,2017-06-28,12,9,0.0,1031,18
910,2017-06-29,12,12,0.0,1027,18
911,2017-06-30,13,26,0.0,1014,17
912,2017-07-01,12,26,0.0,1013,11
913,2017-07-02,11,14,0.0,1021,14
914,2017-07-03,12,14,0.0,1021,15
915,2017-07-04,12,5,0.0,1022,15
916,2017-07-05,12,27,0.0,1018,13
917,2017-07-06,12,8,0.0,1022,15
918,2017-07-07,14,17,0.0,1018,16
919,2017-07-08,12,8,0.0,1025,16
920,2017-07-09,12,4,0.0,1024,16
921,2017-07-10,13,21,0.0,1016,17
922,2017-07-11,16,23,0.0,1010,18
923,2017-07-12,17,31,0.0,1018,18
924,2017-07-13,16,13,0.0,1024,17
925,2017-07-14,15,10,0.0,1023,18
926,2017-07-15,17,29,0.0,1016,18
927,2017-07-16,15,15,0.0,1019,17
928,2017-07-17,14,7,0.0,1020,18
929,2017-07-18,16,24,0.0,1015,24
930,2017-07-19,15,27,0.0,1013,16
931,2017-07-20,15,33,0.0,1011,17
932,2017-07-21,16,33,0.0,1014,17
933,2017-07-22,15,17,0.0,1018,17
934,2017-07-23,15,24,0.0,1016,17
935,2017-07-24,15,19,0.0,1018,17
936,2017-07-25,16,22,0.0,1019,18
937,2017-07-26,16,23,0.0,1017,18
938,2017-07-27,17,33,0.0,1012,20
939,2017-07-28,15,40,0.0,1009,16
940,2017-07-29,13,24,0.0,1017,15
941,2017-07-30,13,5,0.0,1023,17
942,2017-07-31,13,38,0.0,1014,13
943,2017-08-01,12,17,0.0,1029,15
944,2017-08-02,11,2,0.0,1031,17
945,2017-08-03,12,32,1.5,1021,16
946,2017-08-04,12,11,0.0,1022,14
947,2017-08-05,15,13,0.0,1021,17
948,2017-08-06,14,18,0.0,1018,17
949,2017-08-07,16,19,0.0,1015,19
950,2017-08-08,14,26,0.0,1005,16
951,2017-08-09,12,35,0.0,1009,13
952,2017-08-10,12,11,0.0,1020,14
953,2017-08-11,14,31,0.0,1012,17
954,2017-08-12,16,33,0.3,1006,17
955,2017-08-13,16,30,0.0,1008,18
956,2017-08-14,15,37,0.0,1009,16
957,2017-08-15,14,30,0.0,1017,15
958,2017-08-16,13,31,0.0,1019,15
959,2017-08-17,13,21,0.0,1019,16
960,2017-08-18,14,16,0.0,1014,18
961,2017-08-19,14,24,0.0,1016,16
962,2017-08-20,13,14,0.0,1024,15
963,2017-08-21,13,11,0.0,1020,16
964,2017-08-22,14,12,0.0,1021,17
965,2017-08-23,14,11,0.0,1026,18
966,2017-08-24,15,14,0.0,1023,20
967,2017-08-25,16,15,0.0,1020,20
968,2017-08-26,16,15,0.0,1022,20
969,2017-08-27,18,14,0.0,1019,25
970,2017-08-28,18,8,0.0,1019,24
971,2017-08-29,17,10,0.0,1015,20
972,2017-08-30,16,18,0.0,1016,18
973,2017-08-31,15,17,0.0,1017,16
974,2017-09-01,13,30,0.0,1016,15
975,2017-09-02,12,16,0.0,1025,15
976,2017-09-03,13,15,0.0,1028,16
977,2017-09-04,13,11,0.0,1028,16
978,2017-09-05,15,2,0.0,1023,21
979,2017-09-06,18,1,0.0,1019,25
980,2017-09-07,18,10,0.0,1019,21
981,2017-09-08,18,8,0.0,1017,25
982,2017-09-09,17,15,0.0,1016,20
983,2017-09-10,16,12,0.0,1016,19
984,2017-09-11,16,18,0.0,1015,18
985,2017-09-12,15,22,0.0,1023,17
986,2017-09-13,14,6,0.0,1026,21
987,2017-09-14,17,10,0.0,1019,24
988,2017-09-15,19,2,0.0,1014,26
989,2017-09-16,18,13,0.0,1018,24
990,2017-09-17,17,14,0.0,1022,20
991,2017-09-18,18,9,0.0,1020,25
992,2017-09-19,18,17,0.0,1015,19
993,2017-09-20,18,19,0.0,1013,19
994,2017-09-21,18,34,0.0,1005,18
995,2017-09-22,16,49,0.0,1004,17
996,2017-09-23,14,21,0.0,1012,16
997,2017-09-24,12,16,0.0,1005,13
998,2017-09-25,13,17,0.0,1004,15
999,2017-09-26,13,23,0.0,1013,16
1000,2017-09-27,12,13,0.0,1019,14
1001,2017-09-28,13,5,0.0,1017,15
1002,2017-09-29,14,17,0.0,1025,17
1003,2017-09-30,15,10,0.0,1027,19
1004,2017-10-01,18,4,0.0,1019,25
1005,2017-10-02,17,20,0.0,1014,21
1006,2017-10-03,15,22,0.0,1019,19
1007,2017-10-04,13,21,0.0,1024,18
1008,2017-10-05,15,11,0.0,1023,19
1009,2017-10-06,14,18,0.0,1016,15
1010,2017-10-07,13,20,0.0,1013,15
1011,2017-10-08,14,13,0.0,1016,17
1012,2017-10-09,14,18,0.0,1011,19
1013,2017-10-10,15,30,0.0,1010,17
1014,2017-10-11,14,12,0.0,1020,18
1015,2017-10-12,17,14,0.0,1018,24
1016,2017-10-13,21,12,0.0,1011,27
1017,2017-10-14,20,18,0.0,1010,25
1018,2017-10-15,18,14,0.0,1008,24
1019,2017-10-16,17,45,0.0,1003,18
1020,2017-10-17,16,30,0.0,1009,18
1021,2017-10-18,15,21,0.0,1020,17
1022,2017-10-19,17,12,0.0,1024,24
1023,2017-10-20,22,12,0.0,1021,26
1024,2017-10-21,23,27,0.0,1016,26
1025,2017-10-22,22,7,0.0,1011,27
1026,2017-10-23,18,18,0.0,1015,21
1027,2017-10-24,17,17,0.0,1017,20
1028,2017-10-25,18,21,0.0,1017,21
1029,2017-10-26,16,39,0.0,1012,16
1030,2017-10-27,15,22,0.0,1016,17
1031,2017-10-28,16,26,0.0,1014,17
1032,2017-10-29,16,19,0.0,1020,18
1033,2017-10-30,18,13,0.0,1019,25
1034,2017-10-31,20,22,0.0,1018,26
1035,2017-11-01,22,10,0.0,1017,28
1036,2017-11-02,20,12,0.0,1014,26
1037,2017-11-03,19,13,0.0,1013,26
1038,2017-11-04,22,9,0.0,1014,28
1039,2017-11-05,23,13,0.0,1015,27
1040,2017-11-06,24,14,0.0,1013,28
1041,2017-11-07,26,8,0.0,1009,32
1042,2017-11-08,27,8,0.0,1007,32
1043,2017-11-09,25,12,0.0,1008,29
1044,2017-11-10,25,16,0.0,1011,30
1045,2017-11-11,27,12,0.0,1008,32
1046,2017-11-12,26,18,0.0,1007,30
1047,2017-11-13,23,23,0.0,1010,27
1048,2017-11-14,21,15,0.0,1015,26
1049,2017-11-15,23,13,0.0,1013,28
1050,2017-11-16,26,16,0.0,1004,32
1051,2017-11-17,20,22,0.0,1005,24
1052,2017-11-18,19,21,0.0,1008,25
1053,2017-11-19,19,19,0.0,1013,25
1054,2017-11-20,18,18,0.0,1013,24
1055,2017-11-21,20,13,0.0,1017,25
1056,2017-11-22,21,10,0.0,1017,26
1057,2017-11-23,23,7,0.0,1014,29
1058,2017-11-24,24,17,0.0,1009,29
1059,2017-11-25,23,14,0.0,1011,28
1060,2017-11-26,24,9,0.0,1006,30
1061,2017-11-27,22,21,0.0,1002,26
1062,2017-11-28,19,24,0.0,1009,24
1063,2017-11-29,17,21,0.0,1014,21
1064,2017-11-30,18,19,0.0,1016,24
1065,2017-12-01,20,8,0.0,1017,26
1066,2017-12-02,26,7,0.0,1015,33
1067,2017-12-03,27,15,0.0,1012,32
1068,2017-12-04,21,4,0.0,1010,25
1069,2017-12-05,22,23,0.0,1011,26
1070,2017-12-06,21,14,0.0,1014,26
1071,2017-12-07,22,11,0.0,1016,26
1072,2017-12-08,26,8,0.0,1013,31
1073,2017-12-09,29,4,0.0,1012,31
1074,2017-12-10,29,6,0.0,1011,34
1075,2017-12-11,28,19,0.0,1006,32
1076,2017-12-12,23,27,0.0,1010,27
1077,2017-12-13,20,22,0.0,1016,25
1078,2017-12-14,21,18,0.0,1015,26
1079,2017-12-15,23,22,0.0,1009,28
1080,2017-12-16,22,23,0.0,1006,25
1081,2017-12-17,17,34,0.0,1003,19
1082,2017-12-18,16,36,0.0,1006,18
1083,2017-12-19,18,16,0.0,1016,24
1084,2017-12-20,22,6,0.0,1016,30
1085,2017-12-21,27,13,0.0,1011,32
1086,2017-12-22,26,18,0.0,1007,29
1087,2017-12-23,24,9,0.0,1011,30
1088,2017-12-24,26,8,0.0,1010,32
1089,2017-12-25,26,19,0.0,1007,30
1090,2017-12-26,21,20,0.0,1010,26
1091,2017-12-27,20,25,0.0,1011,25
1092,2017-12-28,21,21,0.0,1012,26
1093,2017-12-29,23,15,0.0,1014,27
1094,2017-12-30,26,10,0.0,1011,32
1095,2017-12-31,26,20,0.0,1010,30
1096,2018-01-01,26,9,0.0,1011,33
1097,2018-01-02,28,13,0.0,1010,34
1098,2018-01-03,26,19,0.0,1010,29
1099,2018-01-04,25,19,0.0,1011,29
1100,2018-01-05,21,27,0.0,1011,26
1101,2018-01-06,20,10,0.0,1017,26
1102,2018-01-07,24,14,0.0,1015,29
1103,2018-01-08,25,11,0.0,1015,29
1104,2018-01-09,26,9,0.0,1009,33
1105,2018-01-10,23,28,0.0,1006,26
1106,2018-01-11,19,26,0.0,1011,24
1107,2018-01-12,20,19,0.0,1014,26
1108,2018-01-13,28,14,0.0,1012,33
1109,2018-01-14,29,22,0.0,1012,33
1110,2018-01-15,21,32,0.0,1012,21
1111,2018-01-16,25,18,0.0,1004,30
1112,2018-01-17,22,9,0.0,1005,26
1113,2018-01-18,23,9,0.0,1013,27
1114,2018-01-19,23,13,0.0,1013,27
1115,2018-01-20,27,11,0.0,1008,35
1116,2018-01-21,28,20,0.0,1009,34
1117,2018-01-22,27,10,0.0,1010,32
1118,2018-01-23,28,10,0.0,1007,34
1119,2018-01-24,26,18,0.0,1005,31
1120,2018-01-25,24,22,0.0,1005,29
1121,2018-01-26,25,19,0.0,1003,30
1122,2018-01-27,22,23,0.0,1004,27
1123,2018-01-28,22,18,0.0,1010,26
1124,2018-01-29,22,22,0.0,1013,26
1125,2018-01-30,22,23,0.0,1014,26
1126,2018-01-31,23,13,0.0,1011,27
1127,2018-02-01,24,11,0.0,1008,28
1128,2018-02-02,25,6,0.0,1007,28
1129,2018-02-03,25,19,0.0,1006,29
1130,2018-02-04,22,18,0.0,1013,26
1131,2018-02-05,23,16,0.0,1013,28
1132,2018-02-06,23,26,0.0,1011,27
1133,2018-02-07,22,19,0.0,1013,25
1134,2018-02-08,23,10,0.0,1011,29
1135,2018-02-09,22,31,0.0,1013,25
1136,2018-02-10,22,14,0.0,1014,28
1137,2018-02-11,24,23,0.0,1011,29
1138,2018-02-12,24,21,0.0,1010,28
1139,2018-02-13,21,23,0.0,1014,25
1140,2018-02-14,23,18,0.0,1015,28
1141,2018-02-15,28,17,0.0,1012,33
1142,2018-02-16,26,17,0.0,1006,28
1143,2018-02-17,22,14,0.0,1005,26
1144,2018-02-18,22,18,0.0,1005,26
1145,2018-02-19,22,27,0.0,1008,27
1146,2018-02-20,22,19,0.0,1012,26
1147,2018-02-21,21,10,0.0,1008,27
1148,2018-02-22,23,19,0.0,1007,27
1149,2018-02-23,22,22,0.0,1012,27
1150,2018-02-24,23,18,0.0,1014,27
1151,2018-02-25,25,14,2.3,1006,30
1152,2018-02-26,20,26,0.0,1008,24
1153,2018-02-27,19,15,0.0,1017,24
1154,2018-02-28,22,12,0.0,1016,26
1155,2018-03-01,24,23,0.0,1010,28
1156,2018-03-02,22,26,0.0,1013,26
1157,2018-03-03,22,12,0.0,1015,26
1158,2018-03-04,24,14,0.0,1015,28
1159,2018-03-05,27,14,0.0,1013,32
1160,2018-03-06,27,15,0.0,1013,32
1161,2018-03-07,23,19,0.0,1013,28
1162,2018-03-08,22,18,0.0,1012,28
1163,2018-03-09,23,25,0.0,1016,27
1164,2018-03-10,23,22,0.0,1020,28
1165,2018-03-11,24,18,0.0,1022,29
1166,2018-03-12,26,13,0.0,1020,31
1167,2018-03-13,29,3,0.0,1015,36
1168,2018-03-14,25,15,0.0,1012,29
1169,2018-03-15,21,19,0.0,1013,25
1170,2018-03-16,20,19,0.0,1014,25
1171,2018-03-17,19,26,0.0,1018,24
1172,2018-03-18,19,11,0.0,1022,25
1173,2018-03-19,24,12,0.0,1020,28
1174,2018-03-20,26,19,0.0,1015,29
1175,2018-03-21,28,4,0.0,1008,34
1176,2018-03-22,23,16,0.0,1010,26
1177,2018-03-23,23,12,0.0,1014,27
1178,2018-03-24,22,21,0.0,1016,26
1179,2018-03-25,23,22,0.0,1012,25
1180,2018-03-26,22,24,0.0,1007,25
1181,2018-03-27,19,17,0.0,1015,25
1182,2018-03-28,19,18,0.0,1019,25
1183,2018-03-29,21,15,0.0,1018,26
1184,2018-03-30,24,15,0.0,1010,30
1185,2018-03-31,21,18,0.0,1014,26
1186,2018-04-01,21,13,0.0,1019,25
1187,2018-04-02,23,11,0.0,1016,29
1188,2018-04-03,25,13,0.0,1013,32
1189,2018-04-04,23,17,0.0,1015,28
1190,2018-04-05,22,5,0.0,1015,30
1191,2018-04-06,22,9,0.0,1013,29
1192,2018-04-07,20,21,0.0,1014,25
1193,2018-04-08,19,13,0.0,1014,25
1194,2018-04-09,19,18,0.0,1016,25
1195,2018-04-10,16,19,0.0,1019,20
1196,2018-04-11,17,14,0.0,1020,24
1197,2018-04-12,17,19,0.0,1018,20
1198,2018-04-13,17,14,0.0,1022,24
1199,2018-04-14,18,10,0.0,1022,25
1200,2018-04-15,20,4,0.0,1018,26
1201,2018-04-16,23,15,0.0,1014,27
1202,2018-04-17,20,15,0.0,1017,25
1203,2018-04-18,18,16,0.0,1017,24
1204,2018-04-19,16,13,0.0,1014,20
1205,2018-04-20,17,15,0.0,1014,24
1206,2018-04-21,20,14,0.0,1013,26
1207,2018-04-22,19,27,0.0,1010,25
1208,2018-04-23,18,18,0.0,1017,24
1209,2018-04-24,17,10,0.0,1019,24
1210,2018-04-25,18,6,0.0,1018,25
1211,2018-04-26,20,11,0.0,1014,25
1212,2018-04-27,20,13,0.0,1019,25
1213,2018-04-28,21,6,0.0,1022,27
1214,2018-04-29,24,14,0.0,1019,28
1215,2018-04-30,22,17,0.0,1013,26
1216,2018-05-01,16,16,0.0,1017,19
1217,2018-05-02,15,26,0.0,1019,18
1218,2018-05-03,15,13,0.0,1024,19
1219,2018-05-04,15,4,0.0,1024,23
1220,2018-05-05,19,16,0.0,1019,25
1221,2018-05-06,19,24,0.0,1019,19
1222,2018-05-07,16,1,0.0,1022,24
1223,2018-05-08,16,13,0.0,1021,24
1224,2018-05-09,18,15,0.0,1024,24
1225,2018-05-10,19,19,0.0,1023,25
1226,2018-05-11,22,8,0.0,1021,28
1227,2018-05-12,23,10,0.0,1020,29
1228,2018-05-13,21,10,0.0,1025,26
1229,2018-05-14,21,14,0.0,1027,26
1230,2018-05-15,20,9,0.0,1028,26
1231,2018-05-16,20,5,0.0,1028,25
1232,2018-05-17,19,10,0.0,1029,24
1233,2018-05-18,18,11,0.0,1027,24
1234,2018-05-19,18,6,0.0,1026,23
1235,2018-05-20,18,5,0.0,1026,24
1236,2018-05-21,18,11,0.0,1025,24
1237,2018-05-22,20,7,0.0,1021,26
1238,2018-05-23,20,9,0.0,1017,24
1239,2018-05-24,22,25,0.0,1005,25
1240,2018-05-25,16,37,0.0,1000,17
1241,2018-05-26,16,27,0.0,1010,17
1242,2018-05-27,17,29,0.0,1015,20
1243,2018-05-28,15,9,0.0,1024,18
1244,2018-05-29,15,6,0.0,1025,21
1245,2018-05-30,16,15,0.0,1017,21
1246,2018-05-31,16,18,0.0,1013,17
1247,2018-06-01,14,5,0.0,1021,17
1248,2018-06-02,15,7,0.0,1022,20
1249,2018-06-03,16,6,0.0,1018,24
1250,2018-06-04,19,16,0.0,1011,21
1251,2018-06-05,17,23,0.0,1001,18
1252,2018-06-06,15,21,0.0,1010,16
1253,2018-06-07,13,4,0.0,1013,15
1254,2018-06-08,13,12,0.0,1017,16
1255,2018-06-09,16,32,0.0,1013,19
1256,2018-06-10,16,34,0.0,1016,17
1257,2018-06-11,15,12,0.0,1023,17
1258,2018-06-12,16,16,0.0,1021,18
1259,2018-06-13,14,5,0.0,1024,17
1260,2018-06-14,15,5,0.0,1025,19
1261,2018-06-15,16,8,0.0,1026,20
1262,2018-06-16,17,18,0.0,1023,21
1263,2018-06-17,18,24,0.0,1015,24
1264,2018-06-18,15,32,0.0,1017,16
1265,2018-06-19,15,13,0.0,1025,18
1266,2018-06-20,16,5,0.0,1027,19
1267,2018-06-21,16,9,0.0,1027,18
1268,2018-06-22,16,3,0.0,1028,20
1269,2018-06-23,16,3,0.0,1029,24
1270,2018-06-24,16,11,0.0,1029,20
1271,2018-06-25,16,14,0.0,1026,19
1272,2018-06-26,17,20,0.0,1021,19
1273,2018-06-27,16,13,0.0,1019,16
1274,2018-06-28,14,10,0.0,1024,16
1275,2018-06-29,12,5,0.0,1025,16
1276,2018-06-30,14,14,0.0,1021,18
1277,2018-07-01,17,21,0.0,1014,24
1278,2018-07-02,18,34,0.0,1004,18
1279,2018-07-03,15,27,0.0,1012,16
1280,2018-07-04,14,30,0.0,1010,15
1281,2018-07-05,12,15,0.0,1023,15
1282,2018-07-06,12,6,0.0,1028,18
1283,2018-07-07,13,14,0.0,1028,17
1284,2018-07-08,14,9,0.0,1023,19
1285,2018-07-09,14,3,0.0,1021,24
1286,2018-07-10,15,11,0.0,1019,21
1287,2018-07-11,14,10,0.0,1019,20
1288,2018-07-12,15,20,0.0,1015,19
1289,2018-07-13,15,15,0.0,1017,18
1290,2018-07-14,13,22,0.0,1012,16
1291,2018-07-15,14,17,0.0,1017,15
1292,2018-07-16,15,28,0.0,1013,16
1293,2018-07-17,14,18,0.0,1017,16
1294,2018-07-18,15,17,0.0,1018,17
1295,2018-07-19,13,1,0.0,1022,19
1296,2018-07-20,14,21,0.0,1013,18
1297,2018-07-21,16,20,0.0,1005,17
1298,2018-07-22,15,37,0.0,1004,16
1299,2018-07-23,15,23,0.0,1014,16
1300,2018-07-24,15,8,0.0,1016,18
1301,2018-07-25,14,30,0.0,1003,17
1302,2018-07-26,15,9,0.0,1016,19
1303,2018-07-27,14,15,0.0,1019,16
1304,2018-07-28,13,5,0.0,1023,17
1305,2018-07-29,14,15,0.0,1018,16
1306,2018-07-30,14,8,0.0,1019,17
1307,2018-07-31,13,14,0.0,1017,17
1308,2018-08-01,12,33,0.0,1004,13
1309,2018-08-02,12,25,0.0,1018,15
1310,2018-08-03,14,33,0.0,1013,15
1311,2018-08-04,12,32,0.0,1014,13
1312,2018-08-05,11,14,0.0,1025,13
1313,2018-08-06,12,10,0.0,1025,14
1314,2018-08-07,14,15,0.0,1020,17
1315,2018-08-08,14,22,0.0,1013,16
1316,2018-08-09,12,31,0.0,1011,13
1317,2018-08-10,10,14,0.0,1027,14
1318,2018-08-11,11,4,0.0,1029,20
1319,2018-08-12,13,15,0.0,1023,19
1320,2018-08-13,16,22,0.0,1015,21
1321,2018-08-14,15,17,0.0,1019,17
1322,2018-08-15,13,12,0.0,1023,17
1323,2018-08-16,13,16,0.0,1020,17
1324,2018-08-17,13,8,0.0,1022,17
1325,2018-08-18,12,12,0.0,1025,17
1326,2018-08-19,16,3,0.0,1022,26
1327,2018-08-20,19,10,0.0,1014,24
1328,2018-08-21,14,24,0.0,1013,16
1329,2018-08-22,12,15,0.0,1025,15
1330,2018-08-23,13,4,0.0,1028,24
1331,2018-08-24,13,5,0.0,1025,24
1332,2018-08-25,14,7,0.0,1020,21
1333,2018-08-26,15,10,0.0,1016,24
1334,2018-08-27,14,21,0.0,1014,18
1335,2018-08-28,13,29,0.0,1003,13
1336,2018-08-29,11,30,0.0,998,12
1337,2018-08-30,13,18,0.0,1016,16
1338,2018-08-31,12,10,0.0,1021,15
1339,2018-09-01,13,7,0.0,1023,18
1340,2018-09-02,13,7,0.0,1020,18
1341,2018-09-03,14,17,0.0,1018,19
1342,2018-09-04,14,25,0.0,1016,17
1343,2018-09-05,12,19,0.0,1019,14
1344,2018-09-06,12,9,0.0,1020,15
1345,2018-09-07,14,21,0.0,1018,17
1346,2018-09-08,15,19,0.0,1019,18
1347,2018-09-09,15,14,0.0,1017,21
1348,2018-09-10,15,29,0.0,1017,19
1349,2018-09-11,12,16,0.0,1026,16
1350,2018-09-12,12,12,0.0,1022,16
1351,2018-09-13,13,20,0.0,1016,16
1352,2018-09-14,13,19,0.0,1024,16
1353,2018-09-15,12,8,0.0,1026,19
1354,2018-09-16,13,21,0.0,1017,17
1355,2018-09-17,12,22,0.0,1023,16
1356,2018-09-18,13,10,0.0,1027,18
1357,2018-09-19,14,6,0.0,1026,24
1358,2018-09-20,17,8,0.0,1020,25
1359,2018-09-21,18,9,0.0,1019,25
1360,2018-09-22,18,9,0.0,1017,26
1361,2018-09-23,19,9,0.0,1018,25
1362,2018-09-24,17,12,0.0,1019,21
1363,2018-09-25,16,14,0.0,1021,20
1364,2018-09-26,15,14,0.0,1021,20
1365,2018-09-27,15,9,0.0,1022,21
1366,2018-09-28,16,19,0.0,1019,24
1367,2018-09-29,16,19,0.0,1010,16
1368,2018-09-30,17,16,0.0,1009,21
1369,2018-10-01,16,9,0.0,1019,19
1370,2018-10-02,16,15,0.0,1020,21
1371,2018-10-03,16,19,0.0,1018,18
1372,2018-10-04,17,12,0.0,1014,21
1373,2018-10-05,17,16,0.0,1014,21
1374,2018-10-06,17,5,0.0,1018,21
1375,2018-10-07,18,6,0.0,1017,25
1376,2018-10-08,19,6,0.0,1017,26
1377,2018-10-09,21,13,0.0,1015,26
1378,2018-10-10,20,6,0.0,1011,26
1379,2018-10-11,18,16,0.0,1010,25
1380,2018-10-12,17,13,0.0,1011,18
1381,2018-10-13,16,21,0.0,1006,19
1382,2018-10-14,15,30,0.0,1011,16
1383,2018-10-15,16,12,0.0,1020,20
1384,2018-10-16,18,4,0.0,1018,28
1385,2018-10-17,21,19,0.0,1006,26
1386,2018-10-18,14,24,0.0,1009,15
1387,2018-10-19,14,14,0.0,1021,18
1388,2018-10-20,15,18,0.0,1017,18
1389,2018-10-21,16,22,0.0,1016,19
1390,2018-10-22,15,14,0.0,1020,18
1391,2018-10-23,15,13,0.0,1016,20
1392,2018-10-24,16,11,0.0,1012,19
1393,2018-10-25,20,18,0.0,1015,26
1394,2018-10-26,20,6,0.0,1015,29
1395,2018-10-27,20,13,0.0,1018,26
1396,2018-10-28,20,8,0.0,1016,28
1397,2018-10-29,19,18,0.0,1013,25
1398,2018-10-30,19,12,0.0,1014,25
1399,2018-10-31,19,10,0.0,1009,25
1400,2018-11-01,17,20,0.0,1014,19
1401,2018-11-02,18,9,0.0,1018,24
1402,2018-11-03,19,19,0.0,1015,25
1403,2018-11-04,16,20,0.0,1013,20
1404,2018-11-05,15,24,0.0,1015,17
1405,2018-11-06,14,15,0.0,1020,18
1406,2018-11-07,15,9,0.0,1019,24
1407,2018-11-08,19,14,0.0,1013,26
1408,2018-11-09,24,12,0.0,1009,29
1409,2018-11-10,21,12,0.0,1009,26
1410,2018-11-11,18,22,0.0,1012,24
1411,2018-11-12,17,15,0.0,1015,24
1412,2018-11-13,19,15,0.0,1016,25
1413,2018-11-14,22,6,0.0,1016,32
1414,2018-11-15,26,18,0.0,1014,30
1415,2018-11-16,26,9,0.0,1011,33
1416,2018-11-17,22,16,0.0,1011,25
1417,2018-11-18,18,18,0.0,1013,21
1418,2018-11-19,16,20,0.0,1019,20
1419,2018-11-20,16,17,0.0,1019,20
1420,2018-11-21,19,4,0.0,1013,26
1421,2018-11-22,21,18,0.0,1003,25
1422,2018-11-23,18,22,0.0,1011,24
1423,2018-11-24,17,16,0.0,1015,24
1424,2018-11-25,16,19,0.0,1012,20
1425,2018-11-26,16,8,0.0,1018,23
1426,2018-11-27,19,13,0.0,1014,24
1427,2018-11-28,19,19,0.0,1013,25
1428,2018-11-29,20,20,0.0,1014,25
1429,2018-11-30,17,22,0.0,1013,24
1430,2018-12-01,17,17,0.0,1015,21
1431,2018-12-02,21,17,0.0,1012,27
1432,2018-12-03,25,13,0.0,1007,32
1433,2018-12-04,19,19,0.0,1011,20
1434,2018-12-05,19,14,0.0,1011,25
1435,2018-12-06,18,17,0.0,1014,20
1436,2018-12-07,18,22,0.0,1017,24
1437,2018-12-08,21,23,0.0,1014,26
1438,2018-12-09,22,19,0.0,1013,28
1439,2018-12-10,21,22,0.0,1009,26
1440,2018-12-11,18,23,0.0,1013,20
1441,2018-12-12,21,17,0.0,1016,25
1442,2018-12-13,24,10,0.0,1014,29
1443,2018-12-14,28,10,0.0,1007,33
1444,2018-12-15,23,23,0.0,1001,27
1445,2018-12-16,22,37,0.0,1004,25
1446,2018-12-17,20,25,0.0,1013,25
1447,2018-12-18,20,21,0.0,1017,25
1448,2018-12-19,21,21,0.0,1018,25
1449,2018-12-20,24,15,0.0,1017,28
1450,2018-12-21,26,10,0.0,1014,31
1451,2018-12-22,29,13,0.0,1011,33
1452,2018-12-23,25,17,0.0,1011,28
1453,2018-12-24,24,14,0.0,1013,29
1454,2018-12-25,24,21,0.0,1011,29
1455,2018-12-26,22,17,0.0,1012,26
1456,2018-12-27,20,19,0.0,1010,25
1457,2018-12-28,20,22,0.0,1011,25
1458,2018-12-29,20,24,0.0,1012,25
1459,2018-12-30,21,22,0.0,1012,26
1460,2018-12-31,22,25,0.0,1011,27
1461,2019-01-01,26,14,0.0,1008,29
1462,2019-01-02,20,18,0.1,1009,20
1463,2019-01-03,20,28,0.0,1015,20
1464,2019-01-04,20,20,0.0,1021,24
1465,2019-01-05,25,12,0.0,1020,26
1466,2019-01-06,29,9,0.0,1014,31
1467,2019-01-07,27,20,0.0,1014,28
1468,2019-01-08,25,13,0.0,1016,27
1469,2019-01-09,25,14,0.0,1012,28
1470,2019-01-10,22,22,0.0,1012,25
1471,2019-01-11,22,16,0.0,1016,25
1472,2019-01-12,27,19,0.0,1013,28
1473,2019-01-13,24,28,0.0,1013,26
1474,2019-01-14,24,20,0.0,1013,26
1475,2019-01-15,23,17,0.0,1011,26
1476,2019-01-16,22,23,0.0,1011,25
1477,2019-01-17,22,21,0.0,1013,25
1478,2019-01-18,25,11,0.0,1017,27
1479,2019-01-19,30,10,0.0,1015,32
1480,2019-01-20,32,15,0.0,1011,34
1481,2019-01-21,26,23,0.0,1009,27
1482,2019-01-22,24,14,0.0,1006,26
1483,2019-01-23,18,36,0.3,1006,18
1484,2019-01-24,19,24,0.1,1014,19
1485,2019-01-25,21,16,0.0,1015,24
1486,2019-01-26,25,15,0.0,1017,26
1487,2019-01-27,27,13,0.0,1016,28
1488,2019-01-28,30,12,0.0,1010,32
1489,2019-01-29,25,21,0.0,1010,26
1490,2019-01-30,25,13,0.0,1014,26
1491,2019-01-31,28,14,0.0,1013,29
1492,2019-02-01,30,15,0.0,1009,32
1493,2019-02-02,23,28,0.0,1014,25
1494,2019-02-03,23,16,0.0,1020,25
1495,2019-02-04,24,15,0.0,1018,26
1496,2019-02-05,28,11,0.0,1011,29
1497,2019-02-06,29,15,0.1,1007,31
1498,2019-02-07,30,19,0.0,1012,32
1499,2019-02-08,29,28,0.0,1018,29
1500,2019-02-09,30,19,0.1,1016,31
1501,2019-02-10,29,18,0.0,1011,31
1502,2019-02-11,22,23,0.0,1014,25
1503,2019-02-12,23,13,0.0,1016,25
1504,2019-02-13,26,9,0.0,1014,27
1505,2019-02-14,25,15,0.0,1013,26
1506,2019-02-15,24,16,0.0,1016,26
1507,2019-02-16,25,18,0.0,1017,27
1508,2019-02-17,25,13,0.0,1016,26
1509,2019-02-18,25,11,0.0,1014,27
1510,2019-02-19,27,13,0.0,1012,28
1511,2019-02-20,25,14,0.0,1010,27
1512,2019-02-21,22,14,0.2,1013,25
1513,2019-02-22,23,13,0.0,1014,25
1514,2019-02-23,23,12,0.0,1016,26
1515,2019-02-24,25,18,0.0,1018,27
1516,2019-02-25,28,14,0.0,1018,30
1517,2019-02-26,29,11,0.0,1013,32
1518,2019-02-27,27,17,0.0,1011,29
1519,2019-02-28,23,20,0.0,1010,26
1520,2019-03-01,21,23,0.0,1016,24
1521,2019-03-02,23,11,0.0,1020,25
1522,2019-03-03,29,11,0.0,1018,29
1523,2019-03-04,35,10,0.0,1016,35
1524,2019-03-05,28,24,0.0,1021,28
1525,2019-03-06,26,19,0.0,1016,28
1526,2019-03-07,23,8,2.2,1012,25
1527,2019-03-08,26,8,0.2,1014,29
1528,2019-03-09,24,4,3.0,1017,25
1529,2019-03-10,26,6,0.0,1018,30
1530,2019-03-11,28,10,0.0,1019,29
1531,2019-03-12,28,8,0.0,1015,30
1532,2019-03-13,25,15,0.0,1017,26
1533,2019-03-14,27,10,0.0,1017,28
1534,2019-03-15,27,13,0.0,1011,29
1535,2019-03-16,27,10,0.0,1014,29
1536,2019-03-17,28,13,0.0,1014,30
1537,2019-03-18,31,10,0.0,1011,33
1538,2019-03-19,29,15,0.0,1010,32
1539,2019-03-20,28,10,0.0,1010,31
1540,2019-03-21,28,10,0.0,1009,30
1541,2019-03-22,26,15,0.0,1012,29
1542,2019-03-23,23,16,0.0,1017,25
1543,2019-03-24,22,10,0.0,1018,24
1544,2019-03-25,22,19,0.0,1020,22
1545,2019-03-26,28,15,0.0,1017,27
1546,2019-03-27,28,16,0.0,1015,28
1547,2019-03-28,23,15,0.0,1018,25
1548,2019-03-29,22,22,0.0,1023,24
1549,2019-03-30,24,19,0.0,1021,25
1550,2019-03-31,29,18,0.0,1015,29
1551,2019-04-01,26,16,0.2,1013,29
1552,2019-04-02,25,8,0.0,1017,27
1553,2019-04-03,26,12,0.1,1015,28
1554,2019-04-04,20,28,0.5,1017,21
1555,2019-04-05,20,11,0.0,1024,21
1556,2019-04-06,22,10,0.0,1021,24
1557,2019-04-07,23,10,0.0,1021,25
1558,2019-04-08,24,16,0.0,1019,25
1559,2019-04-09,28,17,0.0,1015,28
1560,2019-04-10,26,12,0.0,1013,27
1561,2019-04-11,22,13,0.0,1016,25
1562,2019-04-12,23,12,0.0,1018,25
1563,2019-04-13,24,18,0.0,1013,28
1564,2019-04-14,21,23,0.6,1011,25
1565,2019-04-15,20,22,0.7,1012,24
1566,2019-04-16,19,24,0.3,1014,20
1567,2019-04-17,20,5,0.0,1022,22
1568,2019-04-18,21,14,0.0,1014,24
1569,2019-04-19,14,28,1.6,1018,14
1570,2019-04-20,15,14,0.0,1026,16
1571,2019-04-21,19,7,0.0,1027,21
1572,2019-04-22,22,9,0.0,1023,24
1573,2019-04-23,23,7,0.0,1024,25
1574,2019-04-24,24,13,0.0,1026,25
1575,2019-04-25,24,14,0.0,1025,25
1576,2019-04-26,24,19,0.0,1025,25
1577,2019-04-27,24,14,0.0,1024,25
1578,2019-04-28,25,15,0.0,1019,25
1579,2019-04-29,19,24,0.4,1017,19
1580,2019-04-30,17,17,0.0,1022,18
1581,2019-05-01,16,13,0.0,1021,16
1582,2019-05-02,16,14,0.0,1022,17
1583,2019-05-03,21,20,0.0,1017,22
1584,2019-05-04,21,20,0.1,1017,24
1585,2019-05-05,20,22,0.0,1017,23
1586,2019-05-06,18,25,0.1,1022,19
1587,2019-05-07,18,7,0.0,1027,19
1588,2019-05-08,19,15,0.0,1029,21
1589,2019-05-09,18,13,0.0,1033,19
1590,2019-05-10,20,15,0.0,1033,21
1591,2019-05-11,20,10,0.0,1029,22
1592,2019-05-12,20,10,0.0,1023,24
1593,2019-05-13,18,8,0.0,1024,20
1594,2019-05-14,21,9,0.0,1022,24
1595,2019-05-15,23,18,0.0,1019,25
1596,2019-05-16,16,30,4.7,1020,16
1597,2019-05-17,14,15,0.0,1026,15
1598,2019-05-18,14,5,0.0,1024,16
1599,2019-05-19,16,15,0.0,1019,17
1600,2019-05-20,18,19,0.0,1017,19
1601,2019-05-21,18,6,0.1,1023,19
1602,2019-05-22,18,6,0.0,1022,20
1603,2019-05-23,18,7,0.0,1024,19
1604,2019-05-24,18,9,0.0,1024,19
1605,2019-05-25,18,8,0.0,1025,19
1606,2019-05-26,18,14,0.0,1025,19
1607,2019-05-27,18,21,0.0,1025,18
1608,2019-05-28,19,21,0.0,1023,21
1609,2019-05-29,19,22,0.0,1024,20
1610,2019-05-30,20,27,0.0,1023,21
1611,2019-05-31,22,13,0.0,1024,24
1612,2019-06-01,21,14,0.0,1029,22
1613,2019-06-02,19,16,0.0,1031,21
1614,2019-06-03,19,18,0.0,1030,20
1615,2019-06-04,18,22,0.0,1028,20
1616,2019-06-05,20,26,0.0,1022,20
1617,2019-06-06,21,34,0.0,1013,22
1618,2019-06-07,17,31,1.1,1012,18
1619,2019-06-08,15,36,0.8,1008,17
1620,2019-06-09,14,33,0.9,1013,14
1621,2019-06-10,16,47,3.5,1002,17
1622,2019-06-11,15,28,1.2,1012,16
1623,2019-06-12,15,16,0.4,1022,16
1624,2019-06-13,16,7,3.1,1023,16
1625,2019-06-14,16,15,0.7,1023,17
1626,2019-06-15,16,5,0.0,1026,17
1627,2019-06-16,16,12,0.1,1026,16
1628,2019-06-17,14,11,0.0,1029,15
1629,2019-06-18,13,6,0.0,1027,14
1630,2019-06-19,14,10,0.0,1023,15
1631,2019-06-20,15,15,0.0,1020,15
1632,2019-06-21,18,13,0.0,1013,19
1633,2019-06-22,18,23,2.0,1010,18
1634,2019-06-23,18,20,1.0,1010,18
1635,2019-06-24,17,12,0.1,1020,17
1636,2019-06-25,17,21,0.0,1021,18
1637,2019-06-26,18,34,1.2,1009,20
1638,2019-06-27,15,35,2.7,1010,16
1639,2019-06-28,13,6,0.1,1024,14
1640,2019-06-29,14,20,0.1,1025,15
1641,2019-06-30,16,26,0.7,1019,17
1642,2019-07-01,16,4,0.2,1020,17
1643,2019-07-02,16,5,0.0,1021,18
1644,2019-07-03,17,24,0.0,1018,18
1645,2019-07-04,15,19,11.4,1008,15
1646,2019-07-05,14,21,0.8,1017,14
1647,2019-07-06,15,16,0.5,1022,16
1648,2019-07-07,15,19,0.1,1024,16
1649,2019-07-08,15,9,0.0,1024,16
1650,2019-07-09,16,10,0.0,1025,16
1651,2019-07-10,16,11,0.0,1026,17
1652,2019-07-11,16,7,0.0,1029,16
1653,2019-07-12,15,10,0.0,1032,16
1654,2019-07-13,15,19,0.0,1034,16
1655,2019-07-14,15,21,0.0,1032,16
1656,2019-07-15,16,19,0.0,1030,17
1657,2019-07-16,16,10,0.0,1028,17
1658,2019-07-17,16,13,0.0,1023,17
1659,2019-07-18,16,9,0.3,1019,17
1660,2019-07-19,17,24,0.7,1009,17
1661,2019-07-20,15,27,0.3,1019,16
1662,2019-07-21,16,31,0.5,1018,17
1663,2019-07-22,15,16,0.1,1021,16
1664,2019-07-23,15,8,0.0,1025,16
1665,2019-07-24,16,15,0.0,1024,17
1666,2019-07-25,16,12,0.0,1025,16
1667,2019-07-26,15,13,0.0,1021,15
1668,2019-07-27,16,6,0.0,1019,17
1669,2019-07-28,15,14,0.0,1025,16
1670,2019-07-29,16,11,0.0,1027,17
1671,2019-07-30,17,9,0.0,1026,18
1672,2019-07-31,17,9,0.0,1030,18
1673,2019-08-01,16,22,0.0,1031,17
1674,2019-08-02,18,22,0.0,1024,19
1675,2019-08-03,18,17,0.3,1019,19
1676,2019-08-04,17,11,0.2,1022,18
1677,2019-08-05,17,19,2.5,1017,18
1678,2019-08-06,14,18,0.0,1020,14
1679,2019-08-07,13,9,0.0,1026,14
1680,2019-08-08,14,11,0.1,1028,15
1681,2019-08-09,15,7,0.0,1029,16
1682,2019-08-10,15,15,0.0,1029,16
1683,2019-08-11,17,22,0.0,1024,18
1684,2019-08-12,18,19,0.0,1021,21
1685,2019-08-13,18,20,0.3,1015,19
1686,2019-08-14,15,18,1.4,1013,16
1687,2019-08-15,14,6,0.0,1024,15
1688,2019-08-16,15,33,0.4,1019,15
1689,2019-08-17,13,21,0.2,1025,13
1690,2019-08-18,14,8,0.0,1033,15
1691,2019-08-19,16,12,0.0,1035,16
1692,2019-08-20,17,11,0.0,1033,18
1693,2019-08-21,18,20,0.0,1025,19
1694,2019-08-22,18,23,0.0,1016,19
1695,2019-08-23,14,29,0.5,1021,15
1696,2019-08-24,13,9,0.0,1027,14
1697,2019-08-25,15,11,0.0,1025,16
1698,2019-08-26,16,13,0.0,1026,18
1699,2019-08-27,18,17,0.0,1022,19
1700,2019-08-28,22,17,0.0,1017,25
1701,2019-08-29,19,39,2.3,1010,20
1702,2019-08-30,16,31,0.5,1011,17
1703,2019-08-31,16,22,0.2,1015,17
1704,2019-09-01,17,37,2.8,1012,18
1705,2019-09-02,16,27,0.7,1016,17
1706,2019-09-03,15,17,0.3,1018,16
1707,2019-09-04,14,20,0.1,1022,15
1708,2019-09-05,13,11,0.0,1025,14
1709,2019-09-06,16,9,0.0,1023,17
1710,2019-09-07,17,8,0.0,1023,19
1711,2019-09-08,20,8,0.0,1024,21
1712,2019-09-09,24,12,0.0,1018,26
1713,2019-09-10,22,14,0.0,1016,25
1714,2019-09-11,20,13,0.0,1022,22
1715,2019-09-12,21,12,0.0,1023,25
1716,2019-09-13,22,10,0.0,1022,25
1717,2019-09-14,22,7,0.0,1023,25
1718,2019-09-15,19,8,0.0,1024,21
1719,2019-09-16,21,14,0.0,1020,23
1720,2019-09-17,19,15,0.0,1017,21
1721,2019-09-18,18,25,0.2,1014,19
1722,2019-09-19,13,27,0.1,1021,14
1723,2019-09-20,14,11,0.0,1028,16
1724,2019-09-21,15,8,0.0,1030,17
1725,2019-09-22,17,11,0.0,1031,18
1726,2019-09-23,19,15,0.0,1027,21
1727,2019-09-24,22,22,0.0,1019,24
1728,2019-09-25,18,14,0.1,1019,20
1729,2019-09-26,18,5,0.1,1021,19
1730,2019-09-27,19,8,0.0,1020,25
1731,2019-09-28,19,12,0.0,1020,22
1732,2019-09-29,24,10,0.0,1019,26
1733,2019-09-30,20,14,0.0,1017,24
1734,2019-10-01,17,13,0.0,1021,18
1735,2019-10-02,18,8,0.0,1020,19
1736,2019-10-03,21,7,0.0,1017,25
1737,2019-10-04,17,50,0.8,1007,18
1738,2019-10-05,17,25,0.0,1021,18
1739,2019-10-06,16,14,0.0,1025,17
1740,2019-10-07,19,13,0.0,1024,21
1741,2019-10-08,24,13,0.0,1018,25
1742,2019-10-09,22,12,0.0,1014,25
1743,2019-10-10,19,16,0.0,1017,20
1744,2019-10-11,18,13,0.4,1017,20
1745,2019-10-12,17,21,0.0,1017,18
1746,2019-10-13,17,13,0.0,1018,18
1747,2019-10-14,16,21,0.0,1019,17
1748,2019-10-15,15,22,0.0,1023,16
1749,2019-10-16,16,16,0.0,1025,18
1750,2019-10-17,17,15,0.0,1021,18
1751,2019-10-18,19,13,0.0,1020,20
1752,2019-10-19,24,21,0.0,1016,25
1753,2019-10-20,20,24,0.0,1015,23
1754,2019-10-21,19,15,0.0,1019,20
1755,2019-10-22,21,13,0.0,1018,24
1756,2019-10-23,19,20,0.1,1017,20
1757,2019-10-24,17,22,0.0,1020,18
1758,2019-10-25,18,15,0.0,1021,19
1759,2019-10-26,22,8,0.0,1020,25
1760,2019-10-27,27,12,0.0,1013,28
1761,2019-10-28,20,23,0.0,1015,20
1762,2019-10-29,20,8,0.0,1015,23
1763,2019-10-30,19,36,0.0,1007,20
1764,2019-10-31,15,40,0.8,1008,16
1765,2019-11-01,16,33,1.4,1011,17
1766,2019-11-02,18,20,0.1,1018,18
1767,2019-11-03,18,11,0.1,1024,19
1768,2019-11-04,20,11,0.0,1024,24
1769,2019-11-05,19,18,0.0,1024,21
1770,2019-11-06,19,15,0.0,1023,20
1771,2019-11-07,21,13,0.0,1021,24
1772,2019-11-08,25,18,0.0,1020,26
1773,2019-11-09,30,24,0.0,1011,31
1774,2019-11-10,21,15,0.1,1011,25
1775,2019-11-11,22,13,0.0,1016,25
1776,2019-11-12,24,17,0.0,1021,25
1777,2019-11-13,27,11,0.0,1019,28
1778,2019-11-14,29,17,0.0,1014,29
1779,2019-11-15,30,7,0.0,1013,31
1780,2019-11-16,28,15,0.0,1013,30
1781,2019-11-17,25,18,0.0,1016,26
1782,2019-11-18,24,21,0.0,1015,26
1783,2019-11-19,20,24,0.0,1009,22
1784,2019-11-20,17,33,0.1,1016,18
1785,2019-11-21,19,17,0.0,1019,20
1786,2019-11-22,21,12,0.0,1019,24
1787,2019-11-23,23,17,0.0,1017,26
1788,2019-11-24,22,28,0.0,1014,25
1789,2019-11-25,22,14,0.0,1017,25
1790,2019-11-26,25,15,0.0,1014,27
1791,2019-11-27,27,18,0.0,1012,27
1792,2019-11-28,23,24,0.0,1017,25
1793,2019-11-29,21,19,0.0,1023,24
1794,2019-11-30,22,17,0.0,1026,24
1795,2019-12-01,25,13,0.0,1024,26
1796,2019-12-02,28,11,0.0,1018,29
1797,2019-12-03,31,14,0.0,1011,32
1798,2019-12-04,28,19,0.0,1011,29
1799,2019-12-05,30,14,0.0,1013,31
1800,2019-12-06,29,14,0.0,1007,31
1801,2019-12-07,23,29,0.2,1010,25
1802,2019-12-08,20,24,0.0,1018,21
1803,2019-12-09,23,18,0.0,1021,25
1804,2019-12-10,26,14,0.0,1018,27
1805,2019-12-11,30,18,0.0,1016,30
1806,2019-12-12,31,15,0.0,1017,31
1807,2019-12-13,32,8,0.0,1015,33
1808,2019-12-14,32,12,0.0,1010,34
1809,2019-12-15,30,15,0.0,1004,32
1810,2019-12-16,26,20,0.0,1006,29
1811,2019-12-17,27,26,0.0,1010,28
1812,2019-12-18,27,18,0.0,1010,28
1813,2019-12-19,22,28,1.4,1012,25
1814,2019-12-20,21,19,0.0,1018,25
1815,2019-12-21,26,12,0.0,1013,29
1816,2019-12-22,22,26,0.0,1012,25
1817,2019-12-23,24,18,0.0,1013,26
1818,2019-12-24,25,20,0.0,1015,27
1819,2019-12-25,28,10,0.0,1011,31
1820,2019-12-26,24,15,0.0,1012,27
1821,2019-12-27,22,24,0.0,1016,25
1822,2019-12-28,22,22,0.0,1015,25
1823,2019-12-29,22,23,0.0,1013,25
1824,2019-12-30,20,24,0.0,1017,22
1825,2019-12-31,23,17,0.0,1016,25
