,Date,Temp,Wind,Precip,Pressure,Heat
0,2015-01-01,23,16.5,0,1011.5,29.5
1,2015-01-02,23.5,17.25,0.25,1012.25,29.75
2,2015-01-03,22.5,19.5,0.025,1013.5,28.75
3,2015-01-04,22.25,17.75,0,1013.25,30.25
4,2015-01-05,23.5,14.5,0.875,1013.25,29.5
5,2015-01-06,23.5,16.75,0.05,1013.75,29.75
6,2015-01-07,23.5,19,0.2,1013,30
7,2015-01-08,21.5,16,0.325,1011.25,27.25
8,2015-01-09,21,19.5,0.15,1010,27.5
9,2015-01-10,21,17.25,0.15,1010.75,27
10,2015-01-11,21.25,11.5,1.05,1011,26.75
11,2015-01-12,21.75,15,0.375,1008,27.25
12,2015-01-13,21.25,19.75,0.675,1006.25,27
13,2015-01-14,22,17.25,0.05,1006,28.25
14,2015-01-15,22,17,0.15,1008.75,27.5
15,2015-01-16,22,13.5,0,1009.75,29
16,2015-01-17,23.25,8.25,0,1009.25,32.5
17,2015-01-18,22.5,11.75,0,1011.5,29
18,2015-01-19,21.5,16.25,0.975,1011.25,27.75
19,2015-01-20,21.25,17.5,0.6,1008,28.75
20,2015-01-21,23.25,20,0.5,1010.25,29.25
21,2015-01-22,23.5,19,0.05,1011,28.5
22,2015-01-23,22.25,20,4.375,1008.75,27
23,2015-01-24,21.25,21,0.025,1008,28
24,2015-01-25,22.5,10.75,0,1008.5,30.25
25,2015-01-26,20.75,17.5,0.525,1011,26.75
26,2015-01-27,22,17.5,1,1010.25,26.75
27,2015-01-28,21.75,23.25,0.55,1010.5,27
28,2015-01-29,20.75,22,0.125,1010,27
29,2015-01-30,22.25,12.25,0,1009.75,27
30,2015-01-31,21.75,13.5,0.025,1010,27.75
31,2015-02-01,21.75,12.5,0,1010.75,27
32,2015-02-02,22,20.75,0.275,1015,27.5
33,2015-02-03,21.75,20.5,0.05,1015.25,28.25
34,2015-02-04,21.25,21,0.175,1014.75,27
35,2015-02-05,21.25,18,0.025,1018.75,27
36,2015-02-06,22.5,21.5,0.075,1020,28.25
37,2015-02-07,23.75,15.75,0.05,1018,30.25
38,2015-02-08,23.25,13.25,0,1017.5,31.25
39,2015-02-09,22.5,18.5,0.075,1020.25,28.5
40,2015-02-10,23,20,0.25,1019.75,29.25
41,2015-02-11,24,19,0.1,1018.5,30.5
42,2015-02-12,23.75,17.5,0.275,1017.25,29
43,2015-02-13,24,19.25,0.4,1016.25,28.5
44,2015-02-14,23.75,21,0,1017.75,28.25
45,2015-02-15,23.25,16,0.375,1015.25,29
46,2015-02-16,22.25,18.25,0.025,1015,28.75
47,2015-02-17,23,18.5,0.075,1015,28.5
48,2015-02-18,23,20.5,0.45,1015.75,29.25
49,2015-02-19,23.25,22.5,0.825,1015.75,28.5
50,2015-02-20,23.75,15.75,1.875,1012.5,28.75
51,2015-02-21,23.25,18.25,4.8,1010.5,28.25
52,2015-02-22,23.5,23,0.075,1012,29.75
53,2015-02-23,21.75,20.75,0.15,1013,28
54,2015-02-24,22.5,23.5,0.875,1012.5,28
55,2015-02-25,21.5,18,0.6,1011.5,27.75
56,2015-02-26,22.5,12.5,0,1008,28.25
57,2015-02-27,23.25,15.25,0.05,1008.25,28.5
58,2015-02-28,23,15.25,0.05,1009,29
59,2015-03-01,21.75,13,0.05,1009.25,29.25
60,2015-03-02,21.5,17.75,0.35,1014.25,27
61,2015-03-03,21.25,15,0,1015.75,27.25
62,2015-03-04,21.5,10.75,0.025,1014.75,27.25
63,2015-03-05,21.75,14.5,0,1013.75,28.25
64,2015-03-06,21,13.75,0.05,1012,25.5
65,2015-03-07,20.75,13.25,0.05,1012,26.5
66,2015-03-08,22.25,16.25,0.125,1012.25,27.75
67,2015-03-09,22,14.25,0.15,1012.75,30.5
68,2015-03-10,21,11.25,0.05,1016.25,25.5
69,2015-03-11,21.75,15.75,0.175,1016.75,27.75
70,2015-03-12,21.75,16,0.175,1016.5,27.25
71,2015-03-13,21.75,15.5,0.2,1016.75,27
72,2015-03-14,21.5,16.5,0.2,1015.25,26.5
73,2015-03-15,21.5,15.5,0.25,1014.25,26.5
74,2015-03-16,20.75,14.75,0.225,1014.25,26.75
75,2015-03-17,21.25,15.75,0.15,1015.25,27
76,2015-03-18,21.25,16.5,0.125,1016,26.25
77,2015-03-19,21,14.75,0.275,1016,26.75
78,2015-03-20,21,14.25,0,1015.5,28
79,2015-03-21,20.75,19.5,0.025,1020,27.25
80,2015-03-22,21,16.5,0.575,1019.75,26
81,2015-03-23,19.75,19,0.075,1017.25,24.75
82,2015-03-24,19.25,14.25,0.325,1016.5,24.25
83,2015-03-25,19,15,0.125,1017.5,25.25
84,2015-03-26,20.25,14,0.075,1019.75,26
85,2015-03-27,19.75,14.25,0.35,1020.25,24.25
86,2015-03-28,18.5,15.5,0.3,1020.75,25.5
87,2015-03-29,19.75,12.5,0,1020,26.5
88,2015-03-30,20.5,13,0,1021,26.25
89,2015-03-31,20.5,13.75,0.2,1020.75,26
90,2015-04-01,21,18.75,0.025,1019.25,26.25
91,2015-04-02,19.75,13.75,0.375,1018.75,25.5
92,2015-04-03,19.5,12.25,0.275,1019.25,24.75
93,2015-04-04,19.5,17,1.7,1015.75,24.25
94,2015-04-05,19.75,13.25,0,1011.25,25
95,2015-04-06,18.5,14.75,0.2,1011,23.5
96,2015-04-07,18,19.25,0.75,1013.75,22.5
97,2015-04-08,17,18.25,0.025,1017.25,21.75
98,2015-04-09,17.75,16,0,1019,21.25
99,2015-04-10,18.75,15.5,0,1018.75,23.75
100,2015-04-11,18.5,15.75,0.15,1017.25,24
101,2015-04-12,18.5,16,0,1016,23
102,2015-04-13,18,14.75,0.125,1018.75,20
103,2015-04-14,18.75,13.75,0.125,1015.75,24.25
104,2015-04-15,18.75,13.25,0.125,1016.25,23.75
105,2015-04-16,20,10,0.075,1023.75,25.25
106,2015-04-17,18.75,14.5,0.275,1020.5,22.5
107,2015-04-18,18.75,17.25,0,1018.5,24.25
108,2015-04-19,18.25,15.5,0.05,1023,22.25
109,2015-04-20,16.75,15.75,2.65,1024,20.75
110,2015-04-21,16.25,23.5,0.725,1020.75,20
111,2015-04-22,17,14.25,0.8,1016.5,21.5
112,2015-04-23,17.25,9.5,0.2,1014.5,23.25
113,2015-04-24,17,14.75,0.275,1011.5,21.25
114,2015-04-25,17,11.5,0,1013,23
115,2015-04-26,15.5,25.75,0.375,1016.5,20.5
116,2015-04-27,16,12,0.075,1020.75,21
117,2015-04-28,17.75,14.75,0.225,1018.25,22.25
118,2015-04-29,17.5,15,0.8,1024.5,21.25
119,2015-04-30,17.75,14.25,2.65,1022,20.75
120,2015-05-01,17.75,18.25,0.95,1019,20.25
121,2015-05-02,17.25,12,0.6,1015.25,21.5
122,2015-05-03,17.25,19,0.025,1013.5,22
123,2015-05-04,18,16,0,1013.5,21.75
124,2015-05-05,16.75,17.5,0,1013.25,21.25
125,2015-05-06,16,14,0.175,1018,21.75
126,2015-05-07,15.25,16.75,0.025,1020.75,21.25
127,2015-05-08,14.75,12.75,0.05,1020,21
128,2015-05-09,15.25,17.25,0.1,1018.25,20.75
129,2015-05-10,15.75,17,0.05,1015.5,21.5
130,2015-05-11,16.5,18.75,0,1017,21.75
131,2015-05-12,16,15,0,1018.25,21.5
132,2015-05-13,15,19.75,0,1022,19.5
133,2015-05-14,14,16.25,0.075,1026.75,19
134,2015-05-15,16.25,21,0.075,1027.25,20.25
135,2015-05-16,17.75,27.5,0,1026,19.25
136,2015-05-17,16.25,17.75,0,1023.5,19.5
137,2015-05-18,16.5,16.25,0.175,1022.25,20.5
138,2015-05-19,16,15.5,0.025,1017.5,19
139,2015-05-20,15.75,13,0,1019.5,20.75
140,2015-05-21,15.5,13.25,0.125,1020.75,19.25
141,2015-05-22,14.75,24,0.95,1020.75,18.5
142,2015-05-23,14,18.5,0.05,1024.25,18.5
143,2015-05-24,14.5,13.25,0,1026,20.25
144,2015-05-25,15,11.75,0.025,1026,20
145,2015-05-26,15,12,0,1024.5,20.25
146,2015-05-27,15,11.75,0.025,1021.25,19.75
147,2015-05-28,14.75,10,0,1020.75,20.5
148,2015-05-29,15.25,10,0.05,1022,20.5
149,2015-05-30,15,7.5,0,1021,20.75
150,2015-05-31,15,13,0,1016.75,19.75
151,2015-06-01,14,20.75,0,1018.25,18.25
152,2015-06-02,12.25,14.75,0,1020.5,16.5
153,2015-06-03,13.25,13.5,0,1020.5,17.25
154,2015-06-04,13.75,12,0.225,1019.25,20.25
155,2015-06-05,13.5,14.5,0,1019.75,18.5
156,2015-06-06,14.5,17.75,0.025,1024.25,19
157,2015-06-07,15.25,17.5,0,1024.25,20
158,2015-06-08,15,15.25,0.025,1022.75,21
159,2015-06-09,15.75,11.75,0,1023.5,21.75
160,2015-06-10,14.75,16.75,0.175,1027.5,19.5
161,2015-06-11,15.25,16,0.3,1028,19.25
162,2015-06-12,15.25,17,0.025,1026,18.5
163,2015-06-13,15,16,0.025,1024.25,19.25
164,2015-06-14,15,12.5,0.2,1023.25,18.75
165,2015-06-15,15.5,13,0.15,1022,19.75
166,2015-06-16,15.5,12.75,1,1018,19.5
167,2015-06-17,16.25,16.75,0.25,1013.25,19
168,2015-06-18,15.25,14.5,0.2,1015.25,18.5
169,2015-06-19,13.5,19.25,0.325,1017.5,17
170,2015-06-20,13.25,16,0,1019.75,16.75
171,2015-06-21,13,22.75,0,1020.25,15.25
172,2015-06-22,13.75,19.25,0.025,1022,17
173,2015-06-23,13,13.25,0.025,1023,17.75
174,2015-06-24,13.5,12.25,0.2,1023.75,17.75
175,2015-06-25,13.5,15.5,0.6,1024.25,17.5
176,2015-06-26,13.5,15.5,0.325,1028.75,17.75
177,2015-06-27,13,11.75,0.05,1029.5,18.5
178,2015-06-28,13.5,10.75,0.075,1029.75,19.5
179,2015-06-29,13.75,7.5,0.325,1028.25,19.25
180,2015-06-30,14,8.75,0,1025.5,19.25
181,2015-07-01,13.75,9.5,0.525,1024,18.5
182,2015-07-02,13.25,18.5,0.025,1021.75,17.5
183,2015-07-03,12.25,14.5,0,1023.75,16.25
184,2015-07-04,12.5,10.25,0,1021.25,16.75
185,2015-07-05,13.25,9.75,0,1019.5,17.5
186,2015-07-06,13.5,15.5,0.075,1016.75,18.25
187,2015-07-07,13.75,16,0.075,1019,16.75
188,2015-07-08,12.5,17,0.15,1024.25,15.75
189,2015-07-09,12,12,0.075,1024.25,17
190,2015-07-10,12.75,13.5,0.15,1020.25,16.25
191,2015-07-11,12,16.5,0.025,1016.5,17.25
192,2015-07-12,11.25,25,0.15,1015.75,14.25
193,2015-07-13,11.75,27.25,0.175,1016.25,15.5
194,2015-07-14,11.5,21.25,0.475,1017.75,16
195,2015-07-15,10.75,12.75,0.05,1020.5,16
196,2015-07-16,11.75,12.75,0.75,1020.75,15.25
197,2015-07-17,11.25,29.25,0.6,1019.25,15
198,2015-07-18,11.75,12.75,0.125,1025.5,16
199,2015-07-19,12,18.5,0.175,1025,16.25
200,2015-07-20,13.25,22.5,0.35,1023.5,15.75
201,2015-07-21,13.25,19.5,0.475,1023,16.25
202,2015-07-22,13.25,15.75,0.2,1022.25,16.5
203,2015-07-23,14,12.25,0.4,1021.75,18.25
204,2015-07-24,13.75,13.5,0.15,1019,18.5
205,2015-07-25,14.5,15.25,0,1019.5,18.5
206,2015-07-26,13.25,15.25,0.15,1021.75,18.75
207,2015-07-27,12,16.5,0,1026.5,17.5
208,2015-07-28,13,17.75,0.025,1027.25,16.25
209,2015-07-29,12.25,14.75,0,1026.25,17.5
210,2015-07-30,14.25,18,0,1020.5,17.75
211,2015-07-31,14,10.25,0,1017.75,17.5
212,2015-08-01,13.5,14,0.125,1019.75,18.25
213,2015-08-02,14.25,17.75,0.05,1020.5,20.25
214,2015-08-03,13.75,13.25,0.025,1022.25,17.75
215,2015-08-04,11.75,13.5,0.125,1023.25,15.5
216,2015-08-05,11.5,20.25,0.025,1018.25,15.25
217,2015-08-06,12.25,15.25,0.025,1019.25,16
218,2015-08-07,11.75,10,0,1020.5,16.25
219,2015-08-08,11.75,16.25,0,1019.25,15.25
220,2015-08-09,12.75,10.75,0,1018.75,16.5
221,2015-08-10,13.75,16.5,0.05,1016,18.25
222,2015-08-11,13.75,16.75,0,1015,18.75
223,2015-08-12,13.5,26.5,0.15,1013.75,18.5
224,2015-08-13,13,15.75,0.075,1019.75,17
225,2015-08-14,13.25,7.5,0.025,1024,20.5
226,2015-08-15,14.5,11.75,0.075,1026,19.75
227,2015-08-16,14.25,11.5,0.175,1023,19.5
228,2015-08-17,14.25,12.5,0.225,1017.5,18.5
229,2015-08-18,13.5,11.5,0.025,1019.25,17.5
230,2015-08-19,13.75,14.75,0.2,1019.5,16.5
231,2015-08-20,15.75,21.75,0.05,1018.75,20.25
232,2015-08-21,15,18.75,0.275,1016.75,19
233,2015-08-22,15.25,13.75,0.175,1019.25,20.5
234,2015-08-23,15,11.25,0.2,1021.5,19
235,2015-08-24,15,15.25,0.225,1022,18.25
236,2015-08-25,15,18.25,0.175,1020.25,19.25
237,2015-08-26,14.75,11.25,0.075,1019.75,19.5
238,2015-08-27,15.25,11.75,0.025,1019,21
239,2015-08-28,14.25,13,0.025,1020.75,19
240,2015-08-29,13.75,11.25,0.025,1020,19.5
241,2015-08-30,13,13,0,1018.75,18.75
242,2015-08-31,13,13.25,0,1015.75,18.75
243,2015-09-01,12.5,17,0,1013.25,14.75
244,2015-09-02,14.5,13.75,0.175,1020.5,18.25
245,2015-09-03,14,19.75,0.325,1013.75,19.5
246,2015-09-04,14,16.5,0.1,1020,18.25
247,2015-09-05,14.5,16.5,0.3,1018.75,19.25
248,2015-09-06,14.5,16.5,0.375,1018.5,19.25
249,2015-09-07,14,13.75,0,1021.75,19.75
250,2015-09-08,15.75,13,0.125,1020,21
251,2015-09-09,15.25,14.25,0,1021.75,20.75
252,2015-09-10,15.5,18.25,0,1025.25,18.75
253,2015-09-11,16.5,22,0.15,1024,22
254,2015-09-12,17.5,18.25,0.025,1022.5,22.5
255,2015-09-13,16.5,17.25,0.025,1023,21.75
256,2015-09-14,15.75,17,0.025,1021,21.75
257,2015-09-15,15.25,16,0.1,1019.25,20.75
258,2015-09-16,14.75,10.25,0.175,1018.5,21.75
259,2015-09-17,15.5,16.75,0.125,1017,20.25
260,2015-09-18,15.25,17.75,0.175,1016,19.5
261,2015-09-19,15.25,16,0.075,1015.75,20.5
262,2015-09-20,15.25,15.75,0.1,1016,20.25
263,2015-09-21,14.75,14,0.05,1021.25,21.75
264,2015-09-22,15.25,15.75,0.175,1022.25,20.25
265,2015-09-23,14,18,0.125,1024.75,19.5
266,2015-09-24,14.75,19.25,0.175,1023.25,19.5
267,2015-09-25,14.75,17.75,0.25,1024.25,20.75
268,2015-09-26,14.75,17.25,0.65,1024,21.5
269,2015-09-27,15.25,13,0.775,1020.5,21.25
270,2015-09-28,15.25,11.5,0,1017.5,23.25
271,2015-09-29,15,13.75,0.225,1018.75,21.5
272,2015-09-30,16,11.5,0,1022,22.5
273,2015-10-01,18.75,13,0,1024,25.75
274,2015-10-02,19.5,12.75,0,1027,25.25
275,2015-10-03,20.75,17.25,0,1024.75,27
276,2015-10-04,20.25,14.5,0,1022,26.5
277,2015-10-05,21.5,16.75,0,1020.5,26.75
278,2015-10-06,19.25,14.25,0,1023.5,23.75
279,2015-10-07,17.75,17.25,0,1027.25,22
280,2015-10-08,19.25,18,0.25,1028.25,24
281,2015-10-09,21.25,16.5,0.15,1025.5,27
282,2015-10-10,20.75,14.5,0.025,1023.75,26.75
283,2015-10-11,19.75,11,0,1020,26
284,2015-10-12,19.5,14,0.025,1017.25,25.25
285,2015-10-13,18,16,0.225,1018.5,24
286,2015-10-14,18,14.75,0.625,1020,22.75
287,2015-10-15,20.25,18.75,0.225,1019.75,25
288,2015-10-16,19,14.5,0.5,1020.5,26
289,2015-10-17,19.25,14.25,0,1020.75,25.75
290,2015-10-18,18.5,15,0.025,1023.5,23.75
291,2015-10-19,20,16.75,0,1021.25,25.25
292,2015-10-20,20.25,13.5,0,1017.5,27
293,2015-10-21,20.25,16.25,0.05,1015.5,25.5
294,2015-10-22,18.5,19.25,0.575,1014.5,24
295,2015-10-23,18,18.25,0.05,1018.25,23.25
296,2015-10-24,17.5,18.75,0,1018.25,20.5
297,2015-10-25,18.5,17.25,0,1017.25,21.75
298,2015-10-26,19.75,13.75,0.1,1018.25,25.5
299,2015-10-27,19.25,16,0.05,1019,24.25
300,2015-10-28,19,15,0.075,1018,23.25
301,2015-10-29,19.5,15.25,0.175,1017.75,25.5
302,2015-10-30,19.75,16.25,0.05,1017,25.75
303,2015-10-31,19.25,16.75,0,1016.5,25
304,2015-11-01,19.5,17.5,0.15,1012.5,25.5
305,2015-11-02,19.75,15.75,0.075,1012.5,25.5
306,2015-11-03,20,17,0.15,1014.5,25.5
307,2015-11-04,20.25,18,0.6,1011.5,25.25
308,2015-11-05,19.25,19.25,0.4,1009.5,23.5
309,2015-11-06,20.5,13.25,0,1009.25,25.75
310,2015-11-07,20,13,0.225,1013.5,27.25
311,2015-11-08,20.75,16.25,0.575,1017,26
312,2015-11-09,22,15.25,0,1016,27.75
313,2015-11-10,20.75,16.25,0,1015,26.5
314,2015-11-11,20.5,13.75,0.075,1017.25,25.75
315,2015-11-12,21.25,16.5,0.075,1017.5,27
316,2015-11-13,21.75,14.25,0.975,1014.5,27
317,2015-11-14,21.25,17.75,0.675,1013,26.25
318,2015-11-15,19.5,18.5,0.2,1014.25,24.5
319,2015-11-16,20.25,15,0,1013.75,26
320,2015-11-17,21,19.25,0.15,1013.75,25.75
321,2015-11-18,22.25,19.25,0,1013.75,28
322,2015-11-19,22.5,15.75,0,1016,29.5
323,2015-11-20,22.75,18.25,0,1016,29.75
324,2015-11-21,21.75,17.25,0.075,1017.5,26.25
325,2015-11-22,21,19.5,0,1016.25,25.25
326,2015-11-23,20.5,19.5,0,1013.75,26.5
327,2015-11-24,21,19,0,1013.75,26.75
328,2015-11-25,22.75,23,0,1009.25,28.75
329,2015-11-26,22,21,0,1010.5,28
330,2015-11-27,20.5,16.75,0.1,1013.75,25.25
331,2015-11-28,20.5,17,0.175,1015,25
332,2015-11-29,21.25,19,2.475,1012.5,27.25
333,2015-11-30,22,20.75,0.15,1010,28.25
334,2015-12-01,20.75,20.75,0.125,1013.5,27
335,2015-12-02,19.25,16.75,0.725,1017.25,23.5
336,2015-12-03,19.75,23.25,0.2,1019.5,24.25
337,2015-12-04,20,19.75,0,1019,23
338,2015-12-05,21.5,17.75,0,1015.5,26.5
339,2015-12-06,22,17.5,0,1014.5,27.5
340,2015-12-07,22.25,20.5,0,1014.5,26.25
341,2015-12-08,20.25,20,0.025,1016.25,26.5
342,2015-12-09,21.5,16.75,0,1016.25,29
343,2015-12-10,20,16.75,0.025,1014.5,27.25
344,2015-12-11,21.5,17.75,0.05,1010.75,28.75
345,2015-12-12,18.75,19.25,1.275,1014.5,23
346,2015-12-13,20.25,20.75,0.05,1014.5,26
347,2015-12-14,21.5,15.25,0.025,1013.75,28.5
348,2015-12-15,22.25,15.5,0.475,1012,29.25
349,2015-12-16,22.75,20.25,2.325,1013.25,27.75
350,2015-12-17,23.75,19.25,0.15,1012,29.25
351,2015-12-18,23.5,11.75,0.125,1012.5,28.25
352,2015-12-19,20.75,18,0.2,1011,26.25
353,2015-12-20,20.75,17.25,0.175,1012.25,26.5
354,2015-12-21,21.75,20.25,0.125,1015.25,27
355,2015-12-22,22.5,16,1.175,1016.75,26.75
356,2015-12-23,23.25,16.25,0.125,1012.75,29
357,2015-12-24,22.5,18.5,0.35,1012.5,27.5
358,2015-12-25,21.5,18,0,1010.75,28
359,2015-12-26,20.25,19,0,1011.75,27.25
360,2015-12-27,20.75,14.75,0.5,1016.5,26.75
361,2015-12-28,21.5,19,0.125,1017.5,26.5
362,2015-12-29,21.75,18,0.1,1011.25,27.75
363,2015-12-30,22,18.25,0,1012.75,28.25
364,2015-12-31,23,18,0.025,1012.75,28.5
365,2016-01-01,21.25,18.75,0,1012.25,28
366,2016-01-02,22,16,0,1010.75,28
367,2016-01-03,22.5,16,0.325,1012,27.75
368,2016-01-04,21.5,16.5,0.425,1012.25,25.5
369,2016-01-05,22.5,15.25,0.225,1011.25,27.75
370,2016-01-06,20.5,20,1.375,1011,27
371,2016-01-07,22.75,16.25,0.2,1014,29.25
372,2016-01-08,22.75,15,0,1016.75,28.75
373,2016-01-09,22.5,12.75,0,1016.25,29.25
374,2016-01-10,23.5,16.5,0,1014.75,28.25
375,2016-01-11,24,15.25,0.175,1011.25,30.5
376,2016-01-12,24.75,20.25,0,1012.25,30.5
377,2016-01-13,22.75,15.75,0.35,1015.5,30
378,2016-01-14,22,17,0,1018,30.25
379,2016-01-15,21.25,18.5,0.05,1020.25,28.25
380,2016-01-16,22.5,19.5,0.075,1020.25,26
381,2016-01-17,22.25,18.25,0,1016.25,27
382,2016-01-18,22.75,15.5,0,1013,26.5
383,2016-01-19,22.75,14.5,0,1010.5,29.25
384,2016-01-20,23,15.25,0,1010.75,30.25
385,2016-01-21,24.25,16.75,0.5,1011.25,31.5
386,2016-01-22,23.5,14.25,0.325,1010.5,29.75
387,2016-01-23,22.75,18.25,0.225,1010.75,28.25
388,2016-01-24,22.5,16.75,0.075,1012,28.75
389,2016-01-25,23.75,14.5,0.05,1012.25,28.75
390,2016-01-26,23.25,15,0.55,1013.75,29.75
391,2016-01-27,23.25,17.5,0.3,1012.25,28.25
392,2016-01-28,22.25,17,0.15,1008.75,27.75
393,2016-01-29,22.5,16,0.525,1004.75,29.75
394,2016-01-30,24,17.5,0.025,1004.75,29.25
395,2016-01-31,23.25,21.25,0.025,1005,28.75
396,2016-02-01,21.75,13.75,0.275,1006,28
397,2016-02-02,21.5,17.5,0.4,1005.5,29
398,2016-02-03,22,12.25,0.475,1009.25,28.25
399,2016-02-04,21.5,20.5,0.5,1013,27
400,2016-02-05,22,22.5,0.075,1013.75,27.25
401,2016-02-06,22.75,19.25,0.075,1013.75,28.5
402,2016-02-07,23.25,16,0.05,1014.5,30.25
403,2016-02-08,23.75,13.5,0,1015.75,31.25
404,2016-02-09,24,20.5,0,1015.5,30.75
405,2016-02-10,24.25,18.25,0,1012,31.25
406,2016-02-11,23.5,17.75,0,1012.5,29.5
407,2016-02-12,22.75,22,0.075,1013.75,28.5
408,2016-02-13,22.25,22,0.4,1012.75,27.75
409,2016-02-14,22,16,0,1011.75,30
410,2016-02-15,22,15.5,0.075,1012.25,28.25
411,2016-02-16,22.5,13.5,0.025,1012,29.25
412,2016-02-17,22.75,14.75,0,1011.75,27.75
413,2016-02-18,22,15.5,0.025,1010.75,28.25
414,2016-02-19,22,18.5,0.225,1012.75,29.25
415,2016-02-20,22.25,16,0.025,1016.25,27.75
416,2016-02-21,23,18.5,0.175,1018.5,28.25
417,2016-02-22,23.75,18.75,0,1018.75,29.5
418,2016-02-23,23,21,0,1015,29.25
419,2016-02-24,21.5,19.25,0.1,1013.5,28.25
420,2016-02-25,22,13.75,0,1015,29.5
421,2016-02-26,22,14.75,0.025,1015.5,29
422,2016-02-27,24,22,0.05,1015.25,29.75
423,2016-02-28,22.25,14.25,0.05,1016,28
424,2016-02-29,21.75,17.5,0.125,1018,27.75
425,2016-03-01,22.25,19.5,0.475,1017,28
426,2016-03-02,22.75,17.25,0.325,1017.25,30
427,2016-03-03,22.5,18,0,1017.75,28.75
428,2016-03-04,22,18,0,1017.75,27.75
429,2016-03-05,23.25,15,0,1017.75,30
430,2016-03-06,23.5,17.5,0.05,1017.75,30.5
431,2016-03-07,23.25,16,0,1017.75,29
432,2016-03-08,24.5,15.5,0,1016.25,30.75
433,2016-03-09,24,13.25,0.15,1016,31
434,2016-03-10,23,17.5,0.275,1015.75,29.5
435,2016-03-11,23,18.5,0,1016,30
436,2016-03-12,23.75,17.5,0,1016.75,30
437,2016-03-13,24,15.5,0.75,1015.75,31
438,2016-03-14,24.5,15,0,1014,30.25
439,2016-03-15,23,18.5,0.275,1013.25,27.5
440,2016-03-16,22.5,18.75,0.35,1013.25,28
441,2016-03-17,22.5,17.5,0.575,1010.25,28.25
442,2016-03-18,21,17.25,0.1,1006.75,26.5
443,2016-03-19,20.5,13.25,0.325,1011.25,25.25
444,2016-03-20,20.25,17.5,0.725,1014.5,27
445,2016-03-21,20.75,15.5,0.9,1013.75,26.5
446,2016-03-22,21.25,19.25,0.425,1013,26
447,2016-03-23,20.75,12,0,1016.75,25.25
448,2016-03-24,21,10.75,0,1019,26.75
449,2016-03-25,20.75,10,0,1018.75,27
450,2016-03-26,20.5,11,0.025,1018,25
451,2016-03-27,19.75,13.5,1.1,1018,24.75
452,2016-03-28,19.5,10.75,0.1,1018.25,25.75
453,2016-03-29,19.75,11.5,0.05,1019.5,25
454,2016-03-30,20,8,0.1,1017.5,25.5
455,2016-03-31,19.75,12.75,0.05,1016.25,26
456,2016-04-01,20.75,15.5,0.05,1015.5,26.25
457,2016-04-02,20.5,10.25,0.025,1018.5,26.5
458,2016-04-03,20.25,10.75,0.075,1021,27.25
459,2016-04-04,20.75,17,0.1,1017.75,25.75
460,2016-04-05,20.75,19.5,0,1017.25,25.5
461,2016-04-06,19.5,16,0.025,1019.75,25.75
462,2016-04-07,18.5,11.5,0.025,1021.75,23.5
463,2016-04-08,19.25,9,0,1020.5,25
464,2016-04-09,19.75,11.75,0,1020,25.75
465,2016-04-10,19.75,13.25,0.025,1019.25,25.75
466,2016-04-11,20.5,14.5,0,1019.75,24
467,2016-04-12,19.75,14,0.15,1021,24
468,2016-04-13,18.5,13.25,0.475,1020.5,21.25
469,2016-04-14,18.75,13.75,0.125,1015.75,24.25
470,2016-04-15,18.75,13.25,0.125,1016.25,23.75
471,2016-04-16,19,11.75,0.175,1017.75,24
472,2016-04-17,18.5,12.5,0.275,1018.25,23.75
473,2016-04-18,19,13.75,0.45,1017.5,24.25
474,2016-04-19,18.75,14.25,0.35,1017.75,23.25
475,2016-04-20,18.25,14.25,0.65,1017.5,23.25
476,2016-04-21,19.75,12.75,0.1,1021.75,26
477,2016-04-22,18.75,14.75,0.05,1021.5,24.25
478,2016-04-23,18.75,17.25,0.225,1021.5,22.75
479,2016-04-24,18.75,20,0.05,1022,24.25
480,2016-04-25,19.75,19.75,0.025,1022,24.25
481,2016-04-26,20.25,22.75,0.05,1020.5,23.75
482,2016-04-27,19.5,18.25,0.025,1018.75,23.25
483,2016-04-28,19.25,17,0.025,1018.5,23.75
484,2016-04-29,19.5,17.25,0.15,1016.5,23.25
485,2016-04-30,19.25,15.5,0.125,1016.5,23.5
486,2016-05-01,18,14.25,0.6,1016.25,22.75
487,2016-05-02,17.75,15.5,0,1015.25,22.25
488,2016-05-03,18.5,15.25,0.25,1012,23.5
489,2016-05-04,17.75,11.75,0.025,1015,22.5
490,2016-05-05,18.25,12,0,1015.75,23.75
491,2016-05-06,17.75,8.5,0,1014.25,24
492,2016-05-07,17.75,17,0,1014.25,23.5
493,2016-05-08,17.5,15.25,0.1,1012.5,21.75
494,2016-05-09,17.5,21.25,0.675,1008.5,20.5
495,2016-05-10,18,17.5,0,1015,23
496,2016-05-11,16.75,17.75,0,1017.25,21.5
497,2016-05-12,16.75,19.25,0.075,1016.25,22.25
498,2016-05-13,17,12.75,0,1019,22.5
499,2016-05-14,17.25,11.75,0,1019.5,23.25
500,2016-05-15,17.25,11.5,0,1017.5,22.75
501,2016-05-16,16.75,10.75,0,1018,23.25
502,2016-05-17,17.25,9.5,0,1018.25,22.5
503,2016-05-18,17,8.75,0,1018.25,21.25
504,2016-05-19,17,12.5,0.325,1019,20
505,2016-05-20,16.25,11,0.65,1018.25,20.5
506,2016-05-21,16.25,12.75,0.25,1018,20.25
507,2016-05-22,17.5,17.75,0.1,1017.5,23
508,2016-05-23,17.25,15.5,0,1016.25,22
509,2016-05-24,16,15.75,0,1014.75,19.75
510,2016-05-25,14.5,12.75,0.075,1013,18.75
511,2016-05-26,16.5,17.25,0.025,1010.75,19.5
512,2016-05-27,17.25,24.75,0.3,1009.25,18.25
513,2016-05-28,13.5,16.25,0.875,1012.75,14.25
514,2016-05-29,12.75,10,0,1017.5,17.75
515,2016-05-30,13.25,13,0,1021,18
516,2016-05-31,15,12.75,0.575,1023,19.5
517,2016-06-01,15,13.75,0.25,1021.25,18.25
518,2016-06-02,15,13,0.975,1021.5,19
519,2016-06-03,15.5,12.5,0.275,1018.75,21
520,2016-06-04,16,23.75,7.525,1012.5,17.75
521,2016-06-05,14.25,28.75,2.55,1005,17
522,2016-06-06,13.25,26,0.125,1004.5,16
523,2016-06-07,13.5,23,0.05,1009.5,16.25
524,2016-06-08,13.75,18.75,0.15,1011.75,16.75
525,2016-06-09,14.5,19.25,0.1,1014.25,19
526,2016-06-10,15.75,15.25,0.225,1020.5,19.5
527,2016-06-11,16,14.25,0.05,1024,19.25
528,2016-06-12,14,18.75,0.075,1028.75,17.75
529,2016-06-13,14,14.25,0,1028.75,16.75
530,2016-06-14,14.5,12.5,0.05,1028.75,19.5
531,2016-06-15,15.5,11.5,0.125,1026.25,20.25
532,2016-06-16,16,14.5,0.275,1019,17.5
533,2016-06-17,15,14.25,0.3,1017.5,17.75
534,2016-06-18,14.25,11.5,0.025,1017.75,19
535,2016-06-19,15.25,20.25,1.2,1012.5,18.5
536,2016-06-20,14.5,20.25,0.05,1006.25,17
537,2016-06-21,14.25,20.25,0.425,1008,16.5
538,2016-06-22,13.75,24.25,0.05,1011.25,17.25
539,2016-06-23,13.5,15,1.325,1011.75,15.5
540,2016-06-24,12.5,25,0,1012.5,16
541,2016-06-25,11,17.5,0,1020,14.25
542,2016-06-26,10.5,9.5,0,1018.75,15.25
543,2016-06-27,11.5,18.25,0,1016.75,14.75
544,2016-06-28,11.75,20.5,0,1020.5,16
545,2016-06-29,12,16.75,0,1022.5,17
546,2016-06-30,12.5,16,0.3,1019.5,16.5
547,2016-07-01,12.75,15,0,1021,17.5
548,2016-07-02,12.5,9.5,0.05,1024.5,17.5
549,2016-07-03,12,12.5,0,1023.75,17
550,2016-07-04,11.25,14.5,0.175,1019.5,15
551,2016-07-05,12.75,16,1.35,1015.5,15.5
552,2016-07-06,11.75,20.25,0.125,1015,15.5
553,2016-07-07,12.5,17,0.275,1017.25,16.25
554,2016-07-08,13,12.25,0.225,1016.25,16.25
555,2016-07-09,12.25,19,0,1017.75,15.5
556,2016-07-10,13.25,16.5,0.1,1015.75,17
557,2016-07-11,14.5,20,0.275,1013.75,17
558,2016-07-12,13,24.25,0.425,1015.75,16.5
559,2016-07-13,11.5,21.25,0.05,1023.25,15
560,2016-07-14,11.25,19.25,0.025,1025.75,14.75
561,2016-07-15,12.25,15.75,0,1025.5,16.75
562,2016-07-16,14,19.75,0,1023.75,17
563,2016-07-17,15.25,17.25,0,1022,17.5
564,2016-07-18,13.25,13.75,0,1022.25,15
565,2016-07-19,12.75,16.25,0.3,1017.75,16.25
566,2016-07-20,13,18.75,0.075,1018.25,16.5
567,2016-07-21,13,16.5,0.075,1019.5,16.5
568,2016-07-22,13,15.5,0.25,1020,16.75
569,2016-07-23,13.5,15.25,0.1,1020.25,17.25
570,2016-07-24,13.75,14.75,0.25,1020.25,17
571,2016-07-25,13.5,15.75,0.175,1019.5,17
572,2016-07-26,13.5,13,0.075,1019.5,17.25
573,2016-07-27,13.25,15.5,0.125,1020,17.25
574,2016-07-28,13.75,8.75,0,1023,18.25
575,2016-07-29,13,13.5,0,1019.25,19
576,2016-07-30,14,15,0,1017.75,19.25
577,2016-07-31,14.5,15.5,0,1017.5,18.25
578,2016-08-01,12.75,10.25,0.225,1018.5,18.5
579,2016-08-02,13.25,19.25,0.425,1018.75,17.25
580,2016-08-03,13,20,0.325,1018,14.5
581,2016-08-04,12.5,17.5,0.05,1021.25,15.75
582,2016-08-05,12.25,16.5,0.275,1024.75,16
583,2016-08-06,12.75,16,0.2,1021.5,16.75
584,2016-08-07,13,15.25,0.075,1020.75,17.25
585,2016-08-08,13.75,14,0.025,1019.75,17
586,2016-08-09,13.5,16.5,0.175,1017,17
587,2016-08-10,14.25,17.5,0,1017.75,19.5
588,2016-08-11,13.75,15.25,0.225,1019.5,18.5
589,2016-08-12,12.75,13.75,0,1021.25,17.25
590,2016-08-13,13,8,0.025,1023,18.75
591,2016-08-14,13.5,11.75,0,1023.75,18.25
592,2016-08-15,14.5,15.5,0.1,1024.25,19.25
593,2016-08-16,15,18,0,1022.5,20.25
594,2016-08-17,14.25,14.25,0.275,1018,19
595,2016-08-18,14.75,19,0.175,1018.25,20.25
596,2016-08-19,13.5,19.25,0.175,1017.75,17.75
597,2016-08-20,13.5,18,0.225,1017.25,18
598,2016-08-21,12.25,13,0,1017,17.5
599,2016-08-22,12.25,13.25,0,1016.25,17.75
600,2016-08-23,12.5,11.75,0.425,1016.25,18.25
601,2016-08-24,12.75,11,3.625,1014,15.5
602,2016-08-25,12,18.25,0.025,1016,16
603,2016-08-26,12.75,14.5,0.3,1016.5,17.25
604,2016-08-27,12.25,16,0,1016,16.75
605,2016-08-28,13.5,13.25,0,1017.5,19
606,2016-08-29,14.25,12,0,1019.5,19.25
607,2016-08-30,14.75,13,0,1019.75,18.25
608,2016-08-31,14.5,14.5,0,1017.75,16
609,2016-09-01,15.25,6.5,0.075,1018.75,22
610,2016-09-02,14.75,14.75,1.2,1012.75,18
611,2016-09-03,14.25,25,0.025,1013.75,19
612,2016-09-04,13.75,9,0,1022,20
613,2016-09-05,14.25,13,0.025,1024.5,20.5
614,2016-09-06,15.25,14.5,0.075,1022.5,21.25
615,2016-09-07,16.25,20.25,0.025,1022.5,20.25
616,2016-09-08,16.25,16.75,0.475,1022,20.5
617,2016-09-09,15.25,19,0.15,1019.5,20.25
618,2016-09-10,15.25,17.25,0.975,1017.75,19
619,2016-09-11,13.75,9.25,0,1019.25,20
620,2016-09-12,13.25,14,0.925,1021,19
621,2016-09-13,14.25,11.5,0.175,1019.75,18.25
622,2016-09-14,15,20.5,1.3,1014.5,19.75
623,2016-09-15,14.75,20.25,0.05,1013.5,19
624,2016-09-16,14.75,17.25,0.075,1018,19
625,2016-09-17,14.5,12.25,0.025,1019.5,21.25
626,2016-09-18,14,15,1.05,1013.25,16.25
627,2016-09-19,13.5,19.25,0,1012.75,18
628,2016-09-20,14,8.5,0.2,1015.25,19
629,2016-09-21,14.75,13.25,0.825,1014.25,18.25
630,2016-09-22,13.75,18.5,0,1012.5,17.5
631,2016-09-23,14.5,20.5,0,1011.5,19
632,2016-09-24,14.5,11,0.2,1010.25,20
633,2016-09-25,14.5,15.25,0.05,1011.5,19
634,2016-09-26,14,11,0,1013.5,20.25
635,2016-09-27,14.5,19.25,0,1011.5,19
636,2016-09-28,14.25,13.25,0.1,1010.75,19.75
637,2016-09-29,14,18,0.275,1001.75,19.75
638,2016-09-30,14.5,27.5,0.075,1003.75,17
639,2016-10-01,15.75,28.5,0,1007.75,18.5
640,2016-10-02,15.75,16.25,0,1009.5,21
641,2016-10-03,15.75,26.25,1.1,1008,20
642,2016-10-04,15.25,21,0.05,1011.75,20
643,2016-10-05,15,16.5,0,1015.25,21
644,2016-10-06,18.5,15.75,0,1016,24.5
645,2016-10-07,18.75,13.75,0,1016.25,25.25
646,2016-10-08,18.25,17.5,0,1016,21.25
647,2016-10-09,17.5,25.75,0.1,1017,20.5
648,2016-10-10,16.25,18.5,0.05,1016.25,22.25
649,2016-10-11,14.75,16.75,0.125,1017.25,20.75
650,2016-10-12,15.75,9.5,0.05,1015.75,21.75
651,2016-10-13,15,18.25,0.05,1017.25,20.25
652,2016-10-14,15.75,19.5,0,1018.5,21
653,2016-10-15,17.25,23,0,1016.75,22
654,2016-10-16,15.75,20.5,0.325,1014.75,20
655,2016-10-17,15.25,21.75,0.7,1014.25,18.25
656,2016-10-18,14.75,16,0.15,1016.25,20.5
657,2016-10-19,14.5,11.25,0,1017.25,20.75
658,2016-10-20,17.25,23,0.1,1017,22
659,2016-10-21,15.75,17.75,0.05,1019,21.5
660,2016-10-22,15,15,0.525,1017.75,21
661,2016-10-23,15,16.75,0.025,1017.75,20.25
662,2016-10-24,15,14.5,0,1016.5,20.5
663,2016-10-25,17,15.25,0,1015,23
664,2016-10-26,16.5,15,0.025,1016.5,22.25
665,2016-10-27,16.25,16.75,0.025,1017.25,21.5
666,2016-10-28,16,16.75,0.025,1016.5,21.5
667,2016-10-29,18.75,22,0.35,1014.75,23.5
668,2016-10-30,17.5,25.5,0.125,1014.25,22
669,2016-10-31,16,16.25,0.025,1015,21.75
670,2016-11-01,16,9.25,0.375,1013,22.5
671,2016-11-02,16.75,12.75,0,1014.5,23.5
672,2016-11-03,17,14.25,0,1016.75,24.25
673,2016-11-04,18.25,14.5,0,1014,26.5
674,2016-11-05,19,13.25,0,1012.25,26.25
675,2016-11-06,18.5,14.25,0,1011.75,25.25
676,2016-11-07,18.75,17.5,0,1010.75,24.75
677,2016-11-08,17.75,19.75,0,1011,23.75
678,2016-11-09,17.25,19.25,0.075,1011,22.75
679,2016-11-10,17.5,14,0.025,1008.5,25.25
680,2016-11-11,19,14.75,0.1,1009,24.25
681,2016-11-12,18.5,20.75,0.175,1007.5,26
682,2016-11-13,18.75,18.75,0.05,1007.25,25.75
683,2016-11-14,19,17.25,0.075,1010,23
684,2016-11-15,18.75,15.75,0,1013.5,23.25
685,2016-11-16,19,15.25,0,1016.25,23.75
686,2016-11-17,19.25,21,0.025,1019.25,24.5
687,2016-11-18,18.75,13,0,1016.75,27.5
688,2016-11-19,18.75,16.75,0.15,1016.25,25.5
689,2016-11-20,20,18,0,1016.25,25.75
690,2016-11-21,19.75,18.75,0.2,1015.25,26
691,2016-11-22,18.75,18.5,0.05,1015.5,25.5
692,2016-11-23,19.25,15.75,0,1013.25,26.5
693,2016-11-24,18.75,18.75,0,1014.25,25
694,2016-11-25,19,15,0,1015.5,25.5
695,2016-11-26,20,16,0.275,1015.75,26.5
696,2016-11-27,19.25,17.5,0.125,1015.75,25.75
697,2016-11-28,20.25,17,0.025,1013.25,27
698,2016-11-29,19,20.25,0,1012,26
699,2016-11-30,19,19.75,0,1010.75,25.75
700,2016-12-01,19,18,0,1009.25,27
701,2016-12-02,20.25,15.75,0,1010.25,29
702,2016-12-03,19.75,18.25,0,1012,26.5
703,2016-12-04,21.5,24,0,1011.25,28
704,2016-12-05,20.25,18.75,0,1012.25,29
705,2016-12-06,19.75,16.5,0.35,1013,27
706,2016-12-07,20.5,18.25,0.175,1012.75,27.25
707,2016-12-08,20.25,19.5,0.075,1009.5,25.75
708,2016-12-09,19.75,16.5,0.05,1013.75,25
709,2016-12-10,20,18.5,0.1,1018,26
710,2016-12-11,19.5,18.75,0.025,1017,26
711,2016-12-12,22,19.5,0,1016.25,27.25
712,2016-12-13,22.75,18.5,0,1014,29.25
713,2016-12-14,21.5,15.5,0,1013.5,27.5
714,2016-12-15,19.5,16.75,0.25,1014,25
715,2016-12-16,20,15.25,1,1010.75,24.5
716,2016-12-17,20.25,17.5,0,1011.25,27.25
717,2016-12-18,19.25,17.25,1.325,1015.75,24.75
718,2016-12-19,20.25,21,0.025,1013.5,25.5
719,2016-12-20,20.5,15.25,0,1010.75,26.5
720,2016-12-21,22.25,15,0,1011.5,30.25
721,2016-12-22,21.25,18.25,0.175,1014.25,27.25
722,2016-12-23,22,20.75,0.025,1011.5,28
723,2016-12-24,22,19,0.025,1011.25,28.5
724,2016-12-25,23.5,19,1.225,1012,29.25
725,2016-12-26,22.75,18,0.25,1009.75,28
726,2016-12-27,21.75,22.5,0.45,1009,26
727,2016-12-28,21,20,0.025,1008.25,27
728,2016-12-29,21.25,15,0,1007.5,27.5
729,2016-12-30,21,18.75,0.15,1005.75,25.5
730,2016-12-31,21,16.5,0.05,1007.25,29
731,2017-01-01,22.5,17.25,0.05,1009,28.25
732,2017-01-02,22.75,18,0.025,1012.25,29
733,2017-01-03,23,17.75,0.625,1014,27.25
734,2017-01-04,23.75,19.25,0.025,1013.5,29
735,2017-01-05,23.25,15.5,0.275,1011.75,29
736,2017-01-06,23.75,18.5,0.4,1011.75,27.5
737,2017-01-07,24,22.5,0.05,1010,29.25
738,2017-01-08,23,20.25,0,1010.5,27.75
739,2017-01-09,23.75,14,0.025,1010.5,29.75
740,2017-01-10,24.5,15.75,0,1010.5,31.5
741,2017-01-11,24.25,13.75,0.125,1008.25,32
742,2017-01-12,23.25,15.25,0.025,1009.25,29
743,2017-01-13,23.5,19,0.3,1007.5,29.25
744,2017-01-14,24.5,17,0.15,1009.25,31.5
745,2017-01-15,23.5,15,0.675,1012.25,28.75
746,2017-01-16,23.25,20,0,1012,29
747,2017-01-17,25.5,13.75,0,1010.75,33.25
748,2017-01-18,24.25,14.5,0,1009.75,30.5
749,2017-01-19,22.75,16.25,0.075,1010,27
750,2017-01-20,22.5,17.75,0.375,1005.25,28
751,2017-01-21,22,19.25,2.925,1009.5,27.5
752,2017-01-22,22.25,18.5,0.025,1012.25,26.75
753,2017-01-23,22.75,20.25,0.15,1011.25,29.25
754,2017-01-24,23,15.25,0,1013.25,31
755,2017-01-25,23.25,10.5,0.225,1016.25,29
756,2017-01-26,24,12.5,0,1014,30.25
757,2017-01-27,24.25,14.5,0.5,1013,29.75
758,2017-01-28,25.25,15.5,0,1012,32.25
759,2017-01-29,24.75,14,0,1013.75,29.75
760,2017-01-30,24.25,17,0,1011.75,29
761,2017-01-31,22.5,17.75,0,1012.75,27.75
762,2017-02-01,22.25,10.5,0,1014,27.5
763,2017-02-02,23.25,17.25,0.025,1014,29.25
764,2017-02-03,24,14.25,0.025,1012,29.5
765,2017-02-04,24.25,15,0.15,1010.25,31.25
766,2017-02-05,25.25,15.25,0.275,1009.75,32.25
767,2017-02-06,24,15.5,0,1010.75,29.75
768,2017-02-07,23.5,17.75,1.525,1012.75,27.75
769,2017-02-08,25.25,24.25,0.55,1014.25,30.5
770,2017-02-09,24.5,22,0.125,1011,29.25
771,2017-02-10,25.25,12.5,0,1008.5,34.25
772,2017-02-11,25.25,17.5,0,1008,35
773,2017-02-12,24,19.75,0,1007.25,31.5
774,2017-02-13,23,13,0,1010,30
775,2017-02-14,23.25,17.75,0.275,1014.25,28.25
776,2017-02-15,24,14,0.025,1012.25,28.5
777,2017-02-16,23.5,14,0.025,1011.75,29.75
778,2017-02-17,23.25,16,0.125,1012.5,29.25
779,2017-02-18,22.75,18.75,0.125,1011.75,28
780,2017-02-19,22.75,16,0.575,1010.5,28
781,2017-02-20,20.75,11.75,0,1012.25,25
782,2017-02-21,20.75,16.75,0,1016.5,25.75
783,2017-02-22,22.25,21.25,0,1017,26.75
784,2017-02-23,22.25,14.25,0,1018.75,28.75
785,2017-02-24,22.75,13.75,0.05,1019.5,28
786,2017-02-25,23,15.5,0.15,1017.5,29.25
787,2017-02-26,21.75,17,0.925,1016.5,26.75
788,2017-02-27,23.25,14.75,1.1,1017.75,29
789,2017-02-28,24.75,10,1.45,1016.25,32
790,2017-03-01,25.75,12,0.575,1015.5,31.25
791,2017-03-02,24.75,12.75,0.325,1015.75,29.5
792,2017-03-03,25,14.5,0.4,1015,30.75
793,2017-03-04,24.25,17.25,0.425,1013,29.5
794,2017-03-05,23.25,15.5,0.275,1011.5,29.5
795,2017-03-06,22.75,18,0.05,1011.5,28.5
796,2017-03-07,23,14.75,0.1,1013.25,29
797,2017-03-08,23.5,13.75,0.05,1013,28
798,2017-03-09,22.5,16.75,0.05,1013,27.75
799,2017-03-10,22.25,15,0.05,1012.75,27.5
800,2017-03-11,22.5,14.25,0.05,1011,27.75
801,2017-03-12,22,16.5,1,1007.75,26.5
802,2017-03-13,21.5,16,0.425,1012,25
803,2017-03-14,22,19.5,1.375,1014.75,26
804,2017-03-15,23.25,18.25,0.5,1014.5,27.75
805,2017-03-16,21.75,12.5,1.225,1013,26.75
806,2017-03-17,20.75,17,0.1,1016,26
807,2017-03-18,21.75,16.25,0.175,1017.75,25.75
808,2017-03-19,23,15.5,0.6,1017.25,28.25
809,2017-03-20,23.25,14.25,0.425,1014.5,28.75
810,2017-03-21,23.25,16,0,1011.25,27.75
811,2017-03-22,22,14.75,0.2,1012.75,28
812,2017-03-23,21.25,15.5,0.025,1015.5,26.25
813,2017-03-24,22.25,14.25,0.25,1014.75,27.5
814,2017-03-25,21.75,13.5,0.025,1013,26
815,2017-03-26,22.5,14,0,1013.25,27.75
816,2017-03-27,21.5,18.25,0,1015.25,25.25
817,2017-03-28,20.25,14.25,0,1014.25,26
818,2017-03-29,21,18.25,0,1013.5,26.75
819,2017-03-30,20.25,22.75,8.2,1014.25,23
820,2017-03-31,19,20,0.05,1016.5,22.5
821,2017-04-01,19.75,12,0.05,1019,24.75
822,2017-04-02,19.5,18.5,0.275,1022.75,24.25
823,2017-04-03,19,17.75,0.525,1023.5,23.5
824,2017-04-04,19.5,16.25,0.55,1022.75,25.5
825,2017-04-05,20.25,16,0.275,1019.25,25.5
826,2017-04-06,19.25,13.75,0.15,1018.75,25
827,2017-04-07,19.5,14.5,0.175,1021.75,25
828,2017-04-08,19,16.5,0.025,1020.75,25.25
829,2017-04-09,18.5,17.25,0.075,1017.25,23.25
830,2017-04-10,18,17.75,0,1015.25,23
831,2017-04-11,17.75,15,0,1017.75,23.5
832,2017-04-12,18.5,14.5,0.275,1020.5,25
833,2017-04-13,18.75,12,0.225,1021,24.75
834,2017-04-14,19,7.5,0.025,1019.25,25.75
835,2017-04-15,18.75,10.25,0.05,1017.25,25.25
836,2017-04-16,19,8,0,1017.25,25
837,2017-04-17,18.75,9.25,0,1019,24
838,2017-04-18,19.5,13.75,0,1019.75,24
839,2017-04-19,20.25,16.25,0.425,1022,26
840,2017-04-20,19.75,15,2,1022.5,24.5
841,2017-04-21,19.5,12,0.05,1021.75,24.25
842,2017-04-22,20,12.25,0.05,1021.25,25.75
843,2017-04-23,19.75,9,0,1020.25,25.75
844,2017-04-24,19.25,10.75,0.125,1018.25,25
845,2017-04-25,18.25,14,0.275,1015.75,23.75
846,2017-04-26,17.5,16,0.175,1015.25,22.75
847,2017-04-27,16,14.5,0.025,1019.5,19.5
848,2017-04-28,16.25,14.25,0.025,1021.5,21.75
849,2017-04-29,17,8,0,1021,23.75
850,2017-04-30,17,13.25,0,1020,22.5
851,2017-05-01,17.25,12.5,0.3,1019,23
852,2017-05-02,17.5,10.5,0.05,1020.25,22.75
853,2017-05-03,17.25,15.25,0.125,1023.75,22
854,2017-05-04,16.5,15.25,0.15,1025.25,22
855,2017-05-05,17,14,0,1025.25,23
856,2017-05-06,17.5,13.5,0.05,1023.75,23.25
857,2017-05-07,16.5,13.25,0,1024.5,21.75
858,2017-05-08,15.75,13.5,0.3,1023.75,20.75
859,2017-05-09,16,15.25,0,1023,20.75
860,2017-05-10,15,13.5,0.625,1021.75,19.5
861,2017-05-11,15.75,11.75,0,1021.75,22
862,2017-05-12,15.5,10.25,0.15,1022,23
863,2017-05-13,16.5,8.25,0.3,1021,23
864,2017-05-14,16.5,11.25,0.55,1017,21
865,2017-05-15,16.75,16.25,0,1014,20.5
866,2017-05-16,16.75,12.75,0,1014.75,21.75
867,2017-05-17,16.5,12,0.075,1018.5,20.75
868,2017-05-18,17.5,13.25,0.025,1020.25,22
869,2017-05-19,16.75,14.5,1.1,1017.5,19
870,2017-05-20,16.5,8.75,0.15,1014.5,19.25
871,2017-05-21,16.25,13.5,0,1015.75,20
872,2017-05-22,16.75,13,0.025,1018.75,20.5
873,2017-05-23,16.75,9.25,0,1018.5,21.25
874,2017-05-24,16.75,13.75,0.025,1018,21.25
875,2017-05-25,16,12,0,1019,22
876,2017-05-26,15.75,9.25,0,1019.75,19.75
877,2017-05-27,15.5,11.25,0.3,1018.5,21.75
878,2017-05-28,15,16,0.175,1016.75,21
879,2017-05-29,14.5,12.5,0,1020,19.75
880,2017-05-30,14,11.25,0.225,1023,19.5
881,2017-05-31,13.75,15,0.125,1025.25,19
882,2017-06-01,13.5,16.25,0.025,1028.5,18.75
883,2017-06-02,13.75,15.75,0.025,1028.5,19.25
884,2017-06-03,14,15.25,0.025,1027.25,19.75
885,2017-06-04,14,10.5,0.075,1025.25,19.75
886,2017-06-05,14.5,7.25,0,1023.5,20
887,2017-06-06,14,16,0.05,1022,18.75
888,2017-06-07,13.25,13.5,1.05,1022.75,18.75
889,2017-06-08,13.75,14,0.35,1024.75,18.75
890,2017-06-09,14.5,14.75,0.325,1027.25,19.25
891,2017-06-10,15,13,0.85,1028,19.25
892,2017-06-11,15.25,10,0.45,1024.75,19.25
893,2017-06-12,15.25,11.5,0.1,1022.5,19.5
894,2017-06-13,15.25,18,2.125,1023,19
895,2017-06-14,15.75,14,0.3,1024,19
896,2017-06-15,15,11.5,0.025,1023.75,19.25
897,2017-06-16,14.75,11.75,0.25,1023,19.5
898,2017-06-17,15,8.25,0.05,1023.25,21
899,2017-06-18,14.25,13.75,0.225,1024.5,20.25
900,2017-06-19,15,17.25,0.075,1024.5,19.75
901,2017-06-20,15,15,0.025,1022.25,18.75
902,2017-06-21,14.5,15.5,0,1021.75,19
903,2017-06-22,14.25,14.25,0.025,1020.5,17.25
904,2017-06-23,13.75,12,0,1018,19.25
905,2017-06-24,13.75,11.75,0,1018.75,19
906,2017-06-25,13,11.5,0.075,1020.5,18
907,2017-06-26,13,7.75,0,1022.75,18.5
908,2017-06-27,13.25,9.25,0.05,1024.5,18.25
909,2017-06-28,13.25,10.75,0.05,1024.25,18.25
910,2017-06-29,13.5,13.25,0.025,1023.25,18
911,2017-06-30,13,18.5,0,1022.25,16.25
912,2017-07-01,12,18.75,0,1023,14.25
913,2017-07-02,12,11,0,1021.5,16.5
914,2017-07-03,12.75,16,0,1016.25,16
915,2017-07-04,14.5,13,0.125,1015.75,18.5
916,2017-07-05,13.75,15,0.025,1015.5,17.75
917,2017-07-06,13,12.5,0.05,1016.25,18
918,2017-07-07,13.5,17.75,0.5,1013.25,16
919,2017-07-08,12.75,14.75,0,1019,16.5
920,2017-07-09,12.25,8.5,0.05,1021.5,16.5
921,2017-07-10,12.75,15,0,1023,16.5
922,2017-07-11,13.75,16.25,0,1024.25,17.5
923,2017-07-12,14.5,23,0.225,1025.75,17
924,2017-07-13,14.25,14.25,0.025,1022.5,17.5
925,2017-07-14,14.25,13,0.025,1019.75,17.75
926,2017-07-15,14.75,15.5,0.05,1019,18.5
927,2017-07-16,14,13.25,0,1018.5,17.25
928,2017-07-17,14,12.75,0.525,1016.25,17.5
929,2017-07-18,15,22.5,0.6,1013.5,21.25
930,2017-07-19,13.75,27,0,1013.75,15.5
931,2017-07-20,13,18.25,0,1015.75,16.75
932,2017-07-21,13.75,21,0,1018,17.75
933,2017-07-22,14.25,14.5,0,1018.75,19.25
934,2017-07-23,15,18.25,0.1,1017,19.5
935,2017-07-24,15.25,14.5,0,1019.25,19
936,2017-07-25,15.5,15.25,0,1019.75,20
937,2017-07-26,16,15.75,0,1019.5,19.75
938,2017-07-27,15.5,18.75,0.025,1018.25,20
939,2017-07-28,15.25,25.25,0,1016.25,18.75
940,2017-07-29,15.25,19.5,0,1014.75,20.5
941,2017-07-30,15.75,13,0,1017.5,20.25
942,2017-07-31,14.75,19.25,0.025,1016.75,17.25
943,2017-08-01,13.5,14,0,1024.25,17
944,2017-08-02,12.75,12.25,0,1023.25,17
945,2017-08-03,13.25,16.25,0.375,1016.25,16
946,2017-08-04,13.75,22,0.25,1012.5,16.5
947,2017-08-05,14.5,18.75,0.025,1014.5,17.75
948,2017-08-06,14.5,22.5,0,1012.75,18.25
949,2017-08-07,15.5,21,0,1013.75,18.5
950,2017-08-08,14,17.75,0,1016.25,17.25
951,2017-08-09,14,18.5,0,1016.75,18.25
952,2017-08-10,15,15.75,0,1015.75,19.75
953,2017-08-11,16.25,20.5,0.025,1015.5,20.5
954,2017-08-12,16.25,17.5,0.075,1015.5,19.5
955,2017-08-13,16.5,17.25,0,1016,21
956,2017-08-14,17,14.75,0,1014.75,21
957,2017-08-15,16.75,18,1.85,1012.25,19
958,2017-08-16,16.75,29,0.05,1010.25,19.5
959,2017-08-17,16.25,23.5,0.25,1011,20
960,2017-08-18,15.25,29.75,0.025,1014.5,17.75
961,2017-08-19,13.25,24.5,0.1,1019.25,16
962,2017-08-20,12.5,19.25,0,1021,16.25
963,2017-08-21,13.25,10,0,1016.5,17
964,2017-08-22,15,11,0.025,1019.25,19.25
965,2017-08-23,15.25,13.5,0.45,1020.5,20
966,2017-08-24,15,18.25,0.375,1020.5,19
967,2017-08-25,14.5,16.25,0.2,1022,17.5
968,2017-08-26,14.5,10.5,0,1022.5,20.5
969,2017-08-27,14.5,14.75,0.025,1019.25,19.5
970,2017-08-28,14,15,0.025,1019.75,18.25
971,2017-08-29,13.75,8.75,0,1020,16.75
972,2017-08-30,14.75,11.25,0,1021,18.75
973,2017-08-31,14.5,19.75,0,1022.25,18.25
974,2017-09-01,14.75,17.75,0,1019.25,18.75
975,2017-09-02,15,11.25,0,1018.5,20.75
976,2017-09-03,16,23,0.05,1016.25,20
977,2017-09-04,15.5,20.5,0.125,1015.5,19.25
978,2017-09-05,15.25,17.75,0.05,1016.25,19
979,2017-09-06,15.75,16.25,0.1,1018,20
980,2017-09-07,16,14,0.075,1020,20
981,2017-09-08,15.75,15.5,0,1020,20.25
982,2017-09-09,14.75,12,0,1021,18.75
983,2017-09-10,15.25,11.25,0,1019.25,19.75
984,2017-09-11,17.5,16.25,0,1015.75,23
985,2017-09-12,17.75,15.25,0,1015.5,22.75
986,2017-09-13,17.75,20.75,0.1,1014.25,22.5
987,2017-09-14,15.75,24.25,0.05,1017,19
988,2017-09-15,16.25,11.5,0.075,1019,21.25
989,2017-09-16,16.5,13.5,0,1020.5,22
990,2017-09-17,16.5,17,0.05,1022.5,20.75
991,2017-09-18,17,18.25,0.2,1019.25,22
992,2017-09-19,17.25,17.25,0,1018,21
993,2017-09-20,17.25,15,0,1016,20.75
994,2017-09-21,17.75,18,0,1011.5,21.5
995,2017-09-22,19.25,23.75,0,1009,24
996,2017-09-23,19.5,23.5,0,1007.5,23.75
997,2017-09-24,18.75,25.25,0.05,1005.75,21
998,2017-09-25,18,16.75,0,1009,22
999,2017-09-26,16.75,18,0,1013.5,20.75
1000,2017-09-27,17,20,0,1012.5,21
1001,2017-09-28,18,16,0,1012.5,22
1002,2017-09-29,18.25,13.5,0,1016.75,23.25
1003,2017-09-30,17.75,15,0,1019.5,22.5
1004,2017-10-01,17.25,10.75,0,1021.25,22.75
1005,2017-10-02,17,15.5,0.525,1020,21.25
1006,2017-10-03,18.25,13,0.55,1019.75,23.5
1007,2017-10-04,18.25,17.75,0.05,1019,24
1008,2017-10-05,18,15,0,1018.75,22.75
1009,2017-10-06,17.25,16.75,0,1017.75,18.5
1010,2017-10-07,17.25,20,0,1016,21
1011,2017-10-08,17.75,13.25,0,1015,21.75
1012,2017-10-09,18.25,11.25,0.025,1012.25,24
1013,2017-10-10,18.5,17.75,0,1013.5,22.75
1014,2017-10-11,19,18,1.7,1013.25,22
1015,2017-10-12,18.75,16.75,1.425,1016,22.5
1016,2017-10-13,19.25,13.25,0.05,1015.75,24.25
1017,2017-10-14,18.5,16,0.325,1017.75,22.75
1018,2017-10-15,18.25,15,0.725,1017.5,22.5
1019,2017-10-16,19.75,24,0,1016.5,23
1020,2017-10-17,20,25,0,1017.5,22.5
1021,2017-10-18,20.25,21.25,0,1020.75,23.75
1022,2017-10-19,19.25,18.25,0,1022.5,24
1023,2017-10-20,18.5,17.75,0.45,1022.5,21.25
1024,2017-10-21,17.5,20.25,1.6,1019.25,19.75
1025,2017-10-22,17.5,11.25,0.25,1014.25,21.75
1026,2017-10-23,17.75,13.75,0.3,1016.25,22.5
1027,2017-10-24,18.75,15.75,0.075,1016.25,22.75
1028,2017-10-25,19.75,13.5,0,1012.75,25.25
1029,2017-10-26,18.75,21.5,0,1009.25,22.25
1030,2017-10-27,19.5,23.5,0,1008.5,23.5
1031,2017-10-28,18.75,16.75,0,1010.75,22.75
1032,2017-10-29,20.5,19.75,0,1009.25,26.25
1033,2017-10-30,19.75,18.5,0.075,1010.75,26
1034,2017-10-31,18.5,18,0,1016.25,22.5
1035,2017-11-01,19,12.5,0,1015,23.5
1036,2017-11-02,18.75,12.75,0,1013.25,23
1037,2017-11-03,18.75,11.5,0,1013.75,24.5
1038,2017-11-04,18.75,15.25,0.25,1016.75,23
1039,2017-11-05,19.75,11.75,0.325,1017.25,23.75
1040,2017-11-06,20.25,19.75,0.225,1012.25,25
1041,2017-11-07,19.75,16.5,0.125,1015.25,24
1042,2017-11-08,20,14.25,0.375,1018.75,25.25
1043,2017-11-09,21,13.5,0,1019,26.25
1044,2017-11-10,22.25,15.25,0.025,1019.75,27
1045,2017-11-11,23,14.25,0.05,1018.5,27.25
1046,2017-11-12,23,15.75,0,1017,26.75
1047,2017-11-13,22.5,18,0,1016,26.5
1048,2017-11-14,21.5,16.75,0,1015.5,25.75
1049,2017-11-15,20.5,19.25,0.825,1015,24.25
1050,2017-11-16,20.5,20.5,0.075,1012.75,25.25
1051,2017-11-17,19.25,21.75,0.3,1013.25,22.25
1052,2017-11-18,19.25,17.75,1.65,1015,22
1053,2017-11-19,20.75,15.75,0.2,1016.5,25.75
1054,2017-11-20,21.25,17,0.025,1017.25,26.25
1055,2017-11-21,22.25,15.75,0.1,1017.25,26.25
1056,2017-11-22,22,15.75,0.25,1015.25,26
1057,2017-11-23,21.75,12.25,0.2,1013.5,25.25
1058,2017-11-24,22.5,14.75,0.025,1013,27.75
1059,2017-11-25,22.25,15.5,0.5,1013.5,27.25
1060,2017-11-26,22,16,0.075,1012.25,26.75
1061,2017-11-27,21.75,14.75,0.35,1011.5,26.25
1062,2017-11-28,22.5,15.25,0.2,1013.5,27.75
1063,2017-11-29,22.75,15.75,0.875,1014,26.75
1064,2017-11-30,22.5,17.75,0.175,1013.25,27.5
1065,2017-12-01,21.5,18.75,0.025,1013.5,25.5
1066,2017-12-02,22,19.75,1.2,1011.5,26.25
1067,2017-12-03,22,13,0.4,1010.75,26.75
1068,2017-12-04,19.25,12,2.925,1011,21.75
1069,2017-12-05,20,14.5,0.025,1008,25.25
1070,2017-12-06,20.5,10.5,0.35,1007,25
1071,2017-12-07,21.75,9.75,0,1009.5,26.5
1072,2017-12-08,22.25,15.25,0.275,1013.75,26.5
1073,2017-12-09,23,11.25,0,1017.25,27.75
1074,2017-12-10,23.5,15,0,1018,28.5
1075,2017-12-11,23.5,17,0.125,1015,28.25
1076,2017-12-12,23.75,20.25,0,1013.75,28.25
1077,2017-12-13,23.75,21.5,0,1011,28.75
1078,2017-12-14,22.75,15.75,0,1011.25,28.75
1079,2017-12-15,22.5,16.5,0.175,1011.25,27.25
1080,2017-12-16,23,16.5,0,1012,28
1081,2017-12-17,22.5,18.5,0,1011.25,26.75
1082,2017-12-18,23.5,22.5,0,1008.25,27.5
1083,2017-12-19,23.25,19.25,0.075,1009,29.25
1084,2017-12-20,23,14.25,0.325,1012,29.25
1085,2017-12-21,23.25,14.5,0.1,1015.5,28
1086,2017-12-22,24,15.75,0.05,1011.5,28
1087,2017-12-23,25,14.5,0.05,1009.75,31
1088,2017-12-24,24,14.75,0.05,1010.25,30.25
1089,2017-12-25,23.25,16.5,0,1012.25,28
1090,2017-12-26,23,14.25,0.05,1013.5,27.5
1091,2017-12-27,23.75,21.25,0.175,1012,28.75
1092,2017-12-28,23.25,16,0.025,1013.25,28
1093,2017-12-29,23.75,15.5,0.025,1012,29
1094,2017-12-30,24.25,12.25,0,1009.25,30.75
1095,2017-12-31,23.5,15,0.6,1009.75,28.75
1096,2018-01-01,24,13.25,0.075,1007.5,30.25
1097,2018-01-02,23.75,14.25,0.075,1008,30
1098,2018-01-03,23,18.25,0.05,1011,27.75
1099,2018-01-04,23.25,14.5,0,1014,27.25
1100,2018-01-05,23.75,17.5,0,1013.5,28.25
1101,2018-01-06,25,17.25,0,1013.75,31
1102,2018-01-07,25,12.5,0,1014.5,33
1103,2018-01-08,24.25,13.25,0.35,1014.25,30.75
1104,2018-01-09,23.75,15.75,0,1013.5,29.5
1105,2018-01-10,22.75,18.25,0,1013.25,26.75
1106,2018-01-11,23.5,16.25,0.05,1013,28
1107,2018-01-12,23.5,18,0.075,1010.5,28
1108,2018-01-13,25.25,20,0.25,1007.25,31
1109,2018-01-14,23.75,24.5,0.05,1010.75,29.25
1110,2018-01-15,21.5,21.75,0,1013.5,25
1111,2018-01-16,23.25,19.5,0,1013.5,28
1112,2018-01-17,23.75,13.5,0,1012.75,27.75
1113,2018-01-18,25.25,12.75,0,1014,30
1114,2018-01-19,25.5,16,0,1011.75,31
1115,2018-01-20,25.75,16.5,0.025,1010.75,32
1116,2018-01-21,26,16.25,0.075,1010,32.25
1117,2018-01-22,25.25,15.5,0,1009.5,31.25
1118,2018-01-23,25.25,11.25,0,1010,30.75
1119,2018-01-24,24.75,16.25,0,1008.25,30.5
1120,2018-01-25,25,17.25,0,1008.5,30
1121,2018-01-26,25.75,13,0,1008.5,31.5
1122,2018-01-27,26.25,17.75,0.1,1008,31.5
1123,2018-01-28,26.25,19.25,1.075,1008.75,30.75
1124,2018-01-29,23.75,22.75,0.075,1010,28
1125,2018-01-30,22.75,21,0.175,1008.75,27
1126,2018-01-31,21.5,19.5,0.025,1009.25,26.25
1127,2018-02-01,21,16.75,0.15,1012.25,24.25
1128,2018-02-02,21.5,14,0.6,1013.25,24.75
1129,2018-02-03,22.5,18.5,1.825,1014.5,25.5
1130,2018-02-04,23,17.5,0.125,1017.25,27
1131,2018-02-05,23.75,16,0,1016.5,28.5
1132,2018-02-06,24,18.5,0,1015.75,28
1133,2018-02-07,24.5,19.25,0,1015.5,28
1134,2018-02-08,24.75,17.5,0,1014,29.5
1135,2018-02-09,25,16.75,0.075,1012.5,30
1136,2018-02-10,24.25,13.25,0.075,1009.5,31.25
1137,2018-02-11,23.5,19.25,0,1007.5,29.75
1138,2018-02-12,23.75,16,0,1009.25,29.5
1139,2018-02-13,23.5,16.25,0.05,1011.25,29
1140,2018-02-14,24.75,13.75,0,1011.5,33
1141,2018-02-15,24.5,15.25,0,1012,31
1142,2018-02-16,23.75,15,0,1009.75,29.25
1143,2018-02-17,23,16,0,1010.5,27.75
1144,2018-02-18,23.25,15,0.475,1009.5,28.75
1145,2018-02-19,23.25,18.25,0,1010.25,28.25
1146,2018-02-20,23,17,0.65,1013,26.75
1147,2018-02-21,22.75,15,0,1012,26.25
1148,2018-02-22,23,14.5,0.275,1011,26.5
1149,2018-02-23,24,21.75,0.525,1010,28.25
1150,2018-02-24,23.75,17.5,0,1010,29
1151,2018-02-25,22.75,18,0.575,1008.75,27.25
1152,2018-02-26,21.25,16.5,0.25,1010.5,26
1153,2018-02-27,22.25,16,0.05,1013.75,26
1154,2018-02-28,22.25,14.25,0,1012.75,27.5
1155,2018-03-01,23.25,15,0,1011.75,28.75
1156,2018-03-02,23.25,16.75,0.05,1011.75,27.5
1157,2018-03-03,22.75,13.5,0.025,1011.75,27.75
1158,2018-03-04,23,16.75,0,1013.25,28.25
1159,2018-03-05,22.75,14.5,0.05,1015,27
1160,2018-03-06,22.5,20.5,0.825,1018,26.5
1161,2018-03-07,22.75,18,0.925,1018.5,27
1162,2018-03-08,23,17.75,0.1,1018.5,27
1163,2018-03-09,23.75,20.25,0.15,1020.25,27
1164,2018-03-10,23.75,19,0,1021.5,27.75
1165,2018-03-11,22.75,16,0.225,1020.5,28
1166,2018-03-12,22.25,14.25,0.075,1019.25,27.25
1167,2018-03-13,22.5,13.25,0.4,1018.25,27
1168,2018-03-14,22.25,16.25,0.05,1015.5,27.25
1169,2018-03-15,21.75,14.5,0.025,1013,27.75
1170,2018-03-16,21.25,15.5,0.025,1014,26
1171,2018-03-17,23.25,19.5,0,1013,29.25
1172,2018-03-18,22.5,17,0.025,1015.75,28
1173,2018-03-19,23.25,11.75,0.025,1017.25,29.25
1174,2018-03-20,23,20.75,0,1019.5,26.5
1175,2018-03-21,22,16.5,1.35,1018.25,26.25
1176,2018-03-22,22.25,18,0.175,1017.25,25.75
1177,2018-03-23,23.25,15.25,0.1,1017,27.25
1178,2018-03-24,23,20.5,0,1014.5,27.5
1179,2018-03-25,22.5,22.25,0,1010.25,26
1180,2018-03-26,20.75,14,0,1010,24.75
1181,2018-03-27,21,16,0,1013.75,25.75
1182,2018-03-28,21.25,16.5,0,1016,27
1183,2018-03-29,21.25,16.5,0.475,1016,25.25
1184,2018-03-30,22.25,14.25,0.15,1013.5,29.25
1185,2018-03-31,21.25,15.5,0.025,1015.75,26
1186,2018-04-01,22.5,14,0,1015.5,27.5
1187,2018-04-02,22.25,13.25,0,1016.5,27.5
1188,2018-04-03,21.75,14.25,0.025,1018.25,27.25
1189,2018-04-04,21.5,15.25,1,1017,26
1190,2018-04-05,21.5,13.5,0.025,1015.25,27.5
1191,2018-04-06,21.25,13.25,0,1016.25,26.75
1192,2018-04-07,22,16.5,0,1016.75,26.75
1193,2018-04-08,22.25,14.75,0.025,1016.25,28
1194,2018-04-09,23.25,13.5,0,1015.5,29
1195,2018-04-10,21.75,17.5,0,1018,26
1196,2018-04-11,22.5,21,0,1017.5,27.25
1197,2018-04-12,21,17,0,1016.25,25.5
1198,2018-04-13,20.75,17,0,1014,25.75
1199,2018-04-14,20.75,23,0.175,1010.5,24.75
1200,2018-04-15,21,17.25,0.1,1011.75,25.25
1201,2018-04-16,22,10.25,0,1014.5,26.5
1202,2018-04-17,20.25,14.5,0.025,1019.5,24.75
1203,2018-04-18,20,14.75,0.75,1019.75,24.5
1204,2018-04-19,20.5,13,0.075,1017,24.75
1205,2018-04-20,21,13.25,0.325,1016.75,26
1206,2018-04-21,21.25,14.25,0.775,1017.5,25.75
1207,2018-04-22,20.5,16,0.7,1016.5,25.5
1208,2018-04-23,20.75,16.75,0.175,1016.25,25.75
1209,2018-04-24,19.75,10.5,0,1016.5,25.25
1210,2018-04-25,19.5,8.5,0.4,1015.25,24.5
1211,2018-04-26,19.75,14,0.025,1015.5,24.25
1212,2018-04-27,19,16.25,0.05,1020.75,24
1213,2018-04-28,18.75,13.5,0.375,1022.25,23.75
1214,2018-04-29,19.5,14.5,0.025,1022.75,23.5
1215,2018-04-30,18.75,16,0.225,1021.25,23.75
1216,2018-05-01,18.25,12.75,0.025,1021,23.25
1217,2018-05-02,18.5,17.75,0.1,1017.75,23
1218,2018-05-03,18.25,14.25,1.45,1016.75,21.75
1219,2018-05-04,18.25,14.75,0,1019.5,23
1220,2018-05-05,18.5,14.5,0.025,1024.75,24
1221,2018-05-06,18.5,17.25,0,1025.5,22.5
1222,2018-05-07,18.5,18,0,1020.25,23.5
1223,2018-05-08,17.75,8.5,0.375,1020.75,23
1224,2018-05-09,18.25,10.75,0.025,1019.75,23.75
1225,2018-05-10,18,20.75,0.1,1016.75,22
1226,2018-05-11,16.75,22.25,0.025,1017,20.25
1227,2018-05-12,17.25,23.5,0.175,1018,21.25
1228,2018-05-13,17.25,14.75,0.225,1022.75,21.25
1229,2018-05-14,17.25,15.5,0.05,1024.5,21.25
1230,2018-05-15,17.25,12.25,0.15,1024.25,21.5
1231,2018-05-16,16.5,13.25,0.125,1026.75,20.75
1232,2018-05-17,16,10.75,0,1026.5,20.75
1233,2018-05-18,16.75,10,0.2,1023.75,21.5
1234,2018-05-19,16.5,6.75,0.075,1023.5,21
1235,2018-05-20,16.5,10.25,0,1022.75,21
1236,2018-05-21,16.75,15.5,0,1022.75,21.25
1237,2018-05-22,17.25,11.25,0,1021.75,22.5
1238,2018-05-23,17.5,10.5,0.025,1023,22.5
1239,2018-05-24,17.5,16.25,0.075,1019.25,21
1240,2018-05-25,16.5,20,0,1019,19.25
1241,2018-05-26,17.25,18,0.025,1021,22.5
1242,2018-05-27,17.5,17.5,0.425,1020.5,20.75
1243,2018-05-28,17.25,13.75,0.05,1020.75,20.75
1244,2018-05-29,16.25,13.75,0.2,1020.25,21.5
1245,2018-05-30,15.75,17.5,0.175,1020,19.5
1246,2018-05-31,15,15.75,0,1020.25,18.5
1247,2018-06-01,14.5,15,0.125,1022.25,17.25
1248,2018-06-02,15.25,15.5,0.15,1020.25,18.75
1249,2018-06-03,16,13,0.025,1018.75,21.25
1250,2018-06-04,16.25,14.25,0.675,1017.5,19.5
1251,2018-06-05,15.25,15.25,0.025,1018.5,18.25
1252,2018-06-06,15.25,17.5,0.425,1021,17.5
1253,2018-06-07,15.5,18,0.55,1021.25,17.25
1254,2018-06-08,15.25,15,0.275,1019.75,18
1255,2018-06-09,15.75,13.25,0.25,1019,19
1256,2018-06-10,15.75,21,0.05,1020,19
1257,2018-06-11,15.75,16.5,0.025,1018,19.5
1258,2018-06-12,15,16.25,0.125,1014.75,17.75
1259,2018-06-13,15,13.5,0.05,1014,18.75
1260,2018-06-14,15.5,16.75,0.225,1016.5,19.25
1261,2018-06-15,15.5,18,0.025,1019,19.5
1262,2018-06-16,14.5,18.5,0.125,1019.25,18.5
1263,2018-06-17,14,25.5,0,1018,17.75
1264,2018-06-18,13,23.5,0,1020,15.75
1265,2018-06-19,13.5,20,0.25,1022.25,16
1266,2018-06-20,14.5,15.75,0,1024.5,17.5
1267,2018-06-21,14.5,8.75,0.075,1026.25,17.75
1268,2018-06-22,14.5,8.25,0,1026.5,19
1269,2018-06-23,14.5,6,0.025,1025.5,20
1270,2018-06-24,14.5,10.75,0.05,1027.25,18.5
1271,2018-06-25,13.75,12.75,0.075,1028.5,17.5
1272,2018-06-26,14,14.25,0,1028,17.25
1273,2018-06-27,14,7.5,0.375,1026,16.25
1274,2018-06-28,13.75,10.25,0.45,1022.5,16.75
1275,2018-06-29,13.5,11.25,0.025,1020,17.75
1276,2018-06-30,14,11.75,0.025,1023,18.75
1277,2018-07-01,15,13.25,0,1025.25,19.5
1278,2018-07-02,15.25,19.5,0,1021,18.5
1279,2018-07-03,15.25,18.75,0,1020.25,18.5
1280,2018-07-04,16,21,0.025,1018.5,19
1281,2018-07-05,16.25,17.75,0.25,1017.75,20.5
1282,2018-07-06,15.75,19.75,0.1,1017.25,20.25
1283,2018-07-07,14.25,21.5,0,1018,17.75
1284,2018-07-08,13.75,17.5,0,1021.5,17
1285,2018-07-09,13.5,9.75,0,1024.25,18.5
1286,2018-07-10,13.25,12.75,0,1024,17.75
1287,2018-07-11,13.25,12.25,0.15,1021.75,17
1288,2018-07-12,14,10.75,0.05,1018.5,18
1289,2018-07-13,13.25,13.75,0,1017.75,17.25
1290,2018-07-14,12.25,15,0,1016,17.5
1291,2018-07-15,13,13.5,0,1014.75,17.5
1292,2018-07-16,14,18.25,0,1012.25,17.5
1293,2018-07-17,14.75,20.75,0.3,1014.5,18.25
1294,2018-07-18,15,15,0,1017.5,19
1295,2018-07-19,14,10,0.575,1016.5,18
1296,2018-07-20,14,25,0,1013.5,17.75
1297,2018-07-21,13.5,15.25,0,1016.75,16.5
1298,2018-07-22,13.75,20.75,0.025,1015.25,16.75
1299,2018-07-23,14.5,18.5,0.2,1012.75,18.25
1300,2018-07-24,15.5,14.5,0.05,1014.5,20.75
1301,2018-07-25,15.25,14.25,0,1013.25,19.5
1302,2018-07-26,15.5,10.25,0,1016.25,20
1303,2018-07-27,15.75,10.5,0,1015.5,21
1304,2018-07-28,15,7,0,1015.5,19.75
1305,2018-07-29,15.5,21.25,0.025,1013.5,19.5
1306,2018-07-30,14.5,16.25,0.025,1016.5,17.75
1307,2018-07-31,14.5,14.5,0.05,1016.5,18.75
1308,2018-08-01,14.25,15.75,0,1015.25,17.5
1309,2018-08-02,14.75,19.75,0,1017.25,19.25
1310,2018-08-03,15,26,0.15,1013,18
1311,2018-08-04,15,23,0,1013.25,18.25
1312,2018-08-05,14.25,16.75,0.05,1013.5,17.75
1313,2018-08-06,14.25,21.5,0.525,1012,16.5
1314,2018-08-07,14,23.75,0.025,1014,17
1315,2018-08-08,14,15.5,0.025,1015.25,18.25
1316,2018-08-09,14,18.5,0,1017.5,18
1317,2018-08-10,14,18.5,0,1018.5,17.75
1318,2018-08-11,14,18.25,0,1017.5,19.75
1319,2018-08-12,13.75,19.5,0,1020.25,17.75
1320,2018-08-13,14,14.25,0,1021.5,19.25
1321,2018-08-14,15,15.25,0,1020.25,20.25
1322,2018-08-15,15.5,22,0.05,1016,19.75
1323,2018-08-16,15,13.75,0.025,1015,18.75
1324,2018-08-17,14.25,12,0.05,1015.25,18.5
1325,2018-08-18,14,19.5,0.05,1017,18.5
1326,2018-08-19,14,20.75,0,1019.5,18.75
1327,2018-08-20,13.75,15.25,0,1019.25,17.5
1328,2018-08-21,13,17.5,0,1015.25,17
1329,2018-08-22,13.75,15.75,0,1016.5,17.75
1330,2018-08-23,14.5,12.75,0.075,1019.75,20.5
1331,2018-08-24,15,13,0.35,1022.75,21
1332,2018-08-25,15.25,11.25,0.375,1020,20
1333,2018-08-26,14.5,8.75,1.25,1016.75,19
1334,2018-08-27,13.75,18.25,0,1019,17.5
1335,2018-08-28,13.5,15.75,0.025,1015,16.75
1336,2018-08-29,14.25,19,0,1011.5,18.25
1337,2018-08-30,14.5,15.25,0.375,1014,18.25
1338,2018-08-31,14.5,15.5,0.15,1009.5,18.25
1339,2018-09-01,15.5,15,0.025,1015.25,19.25
1340,2018-09-02,13.75,11.25,0.1,1019.25,18
1341,2018-09-03,13.5,15,0.4,1023,18
1342,2018-09-04,13.75,19,0.975,1022.25,17
1343,2018-09-05,14.5,17.75,0.475,1019,17.25
1344,2018-09-06,14.75,17.25,0.275,1016.75,17.25
1345,2018-09-07,15.5,15.25,0.325,1017,19.25
1346,2018-09-08,15.5,18.75,0.15,1017,18.25
1347,2018-09-09,16,12.5,0,1019.25,20.75
1348,2018-09-10,16.25,16.75,0,1021.75,21
1349,2018-09-11,15.5,23.25,0,1019,21
1350,2018-09-12,15.75,14.75,0,1018.5,20
1351,2018-09-13,15,15.5,0,1017.75,19.25
1352,2018-09-14,17,18,0,1017,22.25
1353,2018-09-15,16.25,20.25,0,1015.75,21.25
1354,2018-09-16,14.25,20,0.05,1018,17.5
1355,2018-09-17,14.5,18.5,0,1020.5,18
1356,2018-09-18,15.5,16.25,0,1019,20.25
1357,2018-09-19,16,15.5,0.05,1017,22
1358,2018-09-20,15.75,12.75,0,1019.25,20.5
1359,2018-09-21,16,12.5,0,1023.75,22.5
1360,2018-09-22,17.25,12.5,0,1023.25,23.75
1361,2018-09-23,17.25,13.5,0.025,1023.5,21.25
1362,2018-09-24,15.25,14.5,0.15,1025.25,19.5
1363,2018-09-25,15,12,0.25,1023.5,18.5
1364,2018-09-26,15.25,12,0.65,1019.75,20
1365,2018-09-27,15.5,10,0.2,1019.25,20.5
1366,2018-09-28,16.75,18.75,0.25,1018.75,22.25
1367,2018-09-29,16,19.5,0,1019.5,18.75
1368,2018-09-30,15.75,15.25,2.05,1022.25,19
1369,2018-10-01,17.5,12.75,0,1023,22.75
1370,2018-10-02,18,19,0,1021,23.25
1371,2018-10-03,17.25,14,0,1018.5,21.5
1372,2018-10-04,16.25,18,0.55,1017.5,19.5
1373,2018-10-05,16.5,18.5,0.075,1018.5,20.25
1374,2018-10-06,17.25,13,0.125,1018.75,21.25
1375,2018-10-07,18.25,15.25,0.7,1017.5,22.75
1376,2018-10-08,19.25,18.25,0.1,1015.25,24.25
1377,2018-10-09,18.5,13.5,0.275,1014.75,23
1378,2018-10-10,18,17,0.625,1015.75,22
1379,2018-10-11,17,15.75,0.575,1017.75,21.75
1380,2018-10-12,17.25,15.25,0.125,1018.5,18.75
1381,2018-10-13,18,15.75,0.125,1015.25,21
1382,2018-10-14,18.75,27,1.125,1015.25,21.25
1383,2018-10-15,18.25,23.5,1.375,1016,21.5
1384,2018-10-16,18,19.25,0.575,1017.25,23.25
1385,2018-10-17,19,16.75,0.05,1014,22.75
1386,2018-10-18,17.5,17.75,0.15,1014.5,21.25
1387,2018-10-19,19.25,18,0,1015,24.5
1388,2018-10-20,18,17.25,0,1016,22.5
1389,2018-10-21,17.75,15.25,0.05,1015.75,21.75
1390,2018-10-22,18.75,14,0,1015.25,23.5
1391,2018-10-23,18.25,14.75,0,1015.75,23.25
1392,2018-10-24,18.25,12.5,0.05,1017,22.75
1393,2018-10-25,19.5,14.25,0.025,1017.25,25.25
1394,2018-10-26,19.5,11.5,0,1015.5,27
1395,2018-10-27,19.5,13,0,1015,25.75
1396,2018-10-28,18.75,12.5,0,1015.5,24.25
1397,2018-10-29,18,13.5,0.025,1016,23.5
1398,2018-10-30,19.75,14.5,0,1016.5,25
1399,2018-10-31,21.25,11.75,0,1015.25,26.75
1400,2018-11-01,22.25,20.5,0,1016.25,26.25
1401,2018-11-02,22,18.75,0,1017,26.75
1402,2018-11-03,20.75,15,0,1016,26.25
1403,2018-11-04,20.5,16.25,0,1012.25,26.5
1404,2018-11-05,20.75,18,0,1010,26.25
1405,2018-11-06,20.5,17,0.4,1011.5,25.75
1406,2018-11-07,18.75,15.25,1.65,1012.25,23.75
1407,2018-11-08,18,17,0.05,1016,21.25
1408,2018-11-09,19.25,15.75,0,1016,23
1409,2018-11-10,19.25,13.75,0,1015.5,24.75
1410,2018-11-11,19.75,16,0,1016.75,25.25
1411,2018-11-12,21,17.75,0,1016.25,26
1412,2018-11-13,20.5,19.75,0.025,1014.75,25.5
1413,2018-11-14,20.5,9.5,0.1,1016.5,26
1414,2018-11-15,21.25,18.25,0,1018,26.5
1415,2018-11-16,21,13.75,0.025,1016.5,26.75
1416,2018-11-17,20.25,16.5,0.025,1016.5,25.5
1417,2018-11-18,20,17,0.15,1017,23.5
1418,2018-11-19,20.75,17.75,0,1015.5,23.5
1419,2018-11-20,18.75,17,0.1,1012.75,22.25
1420,2018-11-21,20,20.5,0.125,1005,25
1421,2018-11-22,19.75,25,0.825,1004,23.75
1422,2018-11-23,18.25,25,0,1007.75,22.5
1423,2018-11-24,18.25,12.25,0,1007.75,24
1424,2018-11-25,18.75,13.5,0,1005.5,24.75
1425,2018-11-26,19,12.25,0.025,1008.25,25.5
1426,2018-11-27,19.25,15,0.1,1008.25,24.25
1427,2018-11-28,19.75,22,4.775,1006.25,23.5
1428,2018-11-29,19.75,16.75,0.15,1010.75,24.75
1429,2018-11-30,19.5,14.25,0.075,1011.5,25.25
1430,2018-12-01,21.75,19,0,1008.75,28.25
1431,2018-12-02,22,22.5,0,1006.75,28.5
1432,2018-12-03,22.5,13.5,0,1009.5,27.75
1433,2018-12-04,20.5,15.25,0.05,1014,25
1434,2018-12-05,21.5,14.25,0,1016,25.75
1435,2018-12-06,22.75,19.5,0,1016.5,25.75
1436,2018-12-07,22.5,24,0,1016.75,27
1437,2018-12-08,21.5,20.25,0,1017,26.5
1438,2018-12-09,21.75,18,0.05,1015.25,27.25
1439,2018-12-10,21.75,14.25,0.1,1014.25,26.5
1440,2018-12-11,21.75,12.75,0,1014.75,26.25
1441,2018-12-12,22.75,15.5,0.025,1011.25,26.75
1442,2018-12-13,21.25,21.5,0.5,1008,25.5
1443,2018-12-14,23,16.75,1.4,1004.5,28.5
1444,2018-12-15,23,20.5,0.975,1005,28.25
1445,2018-12-16,22,25.5,2.125,1007.25,25.75
1446,2018-12-17,21.75,17.5,0.275,1011,26.5
1447,2018-12-18,22.5,17.25,0.025,1013.25,27.5
1448,2018-12-19,23.5,15,0.05,1012.5,28
1449,2018-12-20,23.25,17.25,0,1010.75,30
1450,2018-12-21,23,16.75,0.025,1010.5,28.25
1451,2018-12-22,23,14.25,0.15,1012.75,29.75
1452,2018-12-23,21.75,17.5,0.025,1016.25,26
1453,2018-12-24,23.5,15.25,0.025,1016,27.75
1454,2018-12-25,24,16,0,1015.25,29
1455,2018-12-26,24,16,0,1013.75,28.5
1456,2018-12-27,24.5,18.75,0,1010.5,30.25
1457,2018-12-28,24.25,17.25,0,1010.5,29.75
1458,2018-12-29,23.75,16.5,0.075,1012.75,29.5
1459,2018-12-30,23.25,18.25,0.075,1013.75,29
1460,2018-12-31,23.5,16.5,0,1011.75,29.5
1461,2019-01-01,26.75,14.25,0,1010.75,29.25
1462,2019-01-02,25,14.75,0.025,1010.75,27
1463,2019-01-03,26.5,16.25,0.1,1012,28.5
1464,2019-01-04,24.75,18.5,0,1014,28
1465,2019-01-05,25,18,0,1014.75,27.75
1466,2019-01-06,24.25,14.5,0.15,1016.25,26.5
1467,2019-01-07,24.5,15.5,0.1,1016,27.25
1468,2019-01-08,24.75,16,0.075,1014.5,27.5
1469,2019-01-09,24,16.5,0.075,1013.75,27.5
1470,2019-01-10,24,13.75,0.1,1015.25,26.75
1471,2019-01-11,26.5,15,0.025,1015.5,28.5
1472,2019-01-12,26.5,17.75,0,1015.25,29.5
1473,2019-01-13,24.75,21,0,1016.5,27.25
1474,2019-01-14,27.5,17.5,0.025,1014,30.25
1475,2019-01-15,27.75,17.25,0,1011.5,30.75
1476,2019-01-16,28.25,13.25,0,1010.25,31.75
1477,2019-01-17,27.5,16.25,0.025,1011,31.25
1478,2019-01-18,26,13.5,0.05,1014,29.25
1479,2019-01-19,26.25,17.25,0.25,1017.75,28.75
1480,2019-01-20,27.25,12.25,0,1016.75,30.25
1481,2019-01-21,26.75,15.5,0.85,1014,29.5
1482,2019-01-22,27.5,14.25,0.025,1011.75,30.75
1483,2019-01-23,26.5,21.5,0.075,1010.5,30
1484,2019-01-24,27.5,18,0.05,1012.25,29.75
1485,2019-01-25,25.75,15.5,0.35,1012.5,29
1486,2019-01-26,26.25,14.75,0,1012,29.5
1487,2019-01-27,26.5,14.75,0,1012.75,30.25
1488,2019-01-28,26.5,15.25,0.05,1013.25,28.75
1489,2019-01-29,26.5,17.25,0,1012,29
1490,2019-01-30,27.75,16.75,0,1010.75,30.5
1491,2019-01-31,26.5,15,0,1012.75,29.5
1492,2019-02-01,25.5,16,0.025,1015.5,28.25
1493,2019-02-02,25.75,19,0.175,1014.25,28.25
1494,2019-02-03,26.75,18.5,0.175,1013.75,29.25
1495,2019-02-04,25,17.5,0.05,1014,28.25
1496,2019-02-05,25.75,17.25,0.125,1012.5,28.25
1497,2019-02-06,26.75,15.25,0.325,1011.5,29.5
1498,2019-02-07,27.25,18,0.275,1012.5,30
1499,2019-02-08,25.25,18.5,0.45,1012.75,27.25
1500,2019-02-09,24,15.5,0.325,1012.25,26.25
1501,2019-02-10,24.5,15.75,0.025,1008.75,27.25
1502,2019-02-11,23.5,17.5,0.05,1008,26
1503,2019-02-12,24.5,17.25,0.025,1006.5,26.5
1504,2019-02-13,23.5,16,0.05,1010.75,26.5
1505,2019-02-14,23.75,17.25,0.125,1016.25,26.25
1506,2019-02-15,24.75,16,0.025,1019.25,27
1507,2019-02-16,25.5,17.25,0.025,1017.25,27.75
1508,2019-02-17,26.5,14.75,0,1013,28
1509,2019-02-18,25,16,0,1011,28
1510,2019-02-19,24.75,14.75,0,1010.25,27.25
1511,2019-02-20,23.5,16.25,0.225,1011.75,26.75
1512,2019-02-21,23.25,17,0.175,1014.75,26.75
1513,2019-02-22,24.5,20.75,0.075,1015.75,27.25
1514,2019-02-23,25,18.75,0.075,1017.5,27.5
1515,2019-02-24,25.25,21,0.1,1020.75,27.5
1516,2019-02-25,26.75,14.75,0.075,1021.25,28.75
1517,2019-02-26,26.75,13.25,0.1,1018,29.75
1518,2019-02-27,26.5,16,0.125,1017.25,28.75
1519,2019-02-28,25.75,17,0.025,1017.5,28
1520,2019-03-01,26.25,18.5,0.075,1019,28.25
1521,2019-03-02,26.75,15.75,0.225,1019.5,28.5
1522,2019-03-03,27,14,0.25,1019.5,29
1523,2019-03-04,28,14.75,0.125,1018.5,30.5
1524,2019-03-05,25,18.75,0.05,1017.25,27.25
1525,2019-03-06,24.75,15.25,0.125,1014.75,27.5
1526,2019-03-07,22.25,15.25,0.55,1017.75,24.75
1527,2019-03-08,24.75,14.5,0.125,1017.75,27.5
1528,2019-03-09,24.25,11,0.875,1017.75,26.5
1529,2019-03-10,24.75,12,0,1015,28.25
1530,2019-03-11,25.25,14.25,0,1013,28
1531,2019-03-12,26.25,10,0,1011.5,29.25
1532,2019-03-13,23.25,13,0.3,1015.75,26.75
1533,2019-03-14,24.5,15.25,0.925,1014.75,27.25
1534,2019-03-15,24.75,17,0.125,1014.25,28.5
1535,2019-03-16,24.25,11.25,2.45,1016,27.25
1536,2019-03-17,25,15.5,1.25,1015,28
1537,2019-03-18,26.75,8.25,0,1013,29.5
1538,2019-03-19,26.25,10.75,0.5,1011.75,30
1539,2019-03-20,26,11.25,0.425,1012.25,29.75
1540,2019-03-21,25.5,13,0.15,1013.75,28.5
1541,2019-03-22,26,9.25,0.2,1014,29.25
1542,2019-03-23,24.5,12.5,0,1013.75,27.75
1543,2019-03-24,24.75,13.75,0,1012.25,28
1544,2019-03-25,22.5,19.5,0.225,1014.5,24.75
1545,2019-03-26,23.5,12.5,0,1017.75,25
1546,2019-03-27,22.75,14.75,2.325,1019.5,24.25
1547,2019-03-28,22.75,14.5,0.425,1017,25.25
1548,2019-03-29,21.75,21.75,0.1,1014.75,24.25
1549,2019-03-30,21.25,23.5,2.65,1012.75,23.75
1550,2019-03-31,21.25,14.75,0.025,1017,23
1551,2019-04-01,21.5,17,0.275,1020,24
1552,2019-04-02,22.5,13.75,0.3,1021.75,25
1553,2019-04-03,23.75,11.75,0.175,1021.75,26.25
1554,2019-04-04,22.75,21.5,0.325,1023.25,25
1555,2019-04-05,23.5,19.75,0.275,1022.25,25.25
1556,2019-04-06,22,10.75,0,1021.25,24.75
1557,2019-04-07,22.5,10.75,0,1018.75,25.5
1558,2019-04-08,23.5,13.5,0.1,1017,25.5
1559,2019-04-09,22.5,12.25,0.225,1017,24.5
1560,2019-04-10,20.75,15.75,0.075,1020.5,22.5
1561,2019-04-11,20,13.5,0.225,1022,22.75
1562,2019-04-12,21.25,12.25,0.125,1021.25,23.5
1563,2019-04-13,22.25,13.5,0,1020.5,25.25
1564,2019-04-14,21.75,15.75,0.425,1018.75,24.75
1565,2019-04-15,22,17.5,0.525,1017.25,24.75
1566,2019-04-16,22.5,18,0.55,1018.25,24.5
1567,2019-04-17,22,12.75,0.125,1020.75,25
1568,2019-04-18,21.25,12.25,0.025,1021.5,24
1569,2019-04-19,21.25,17.75,0.8,1021.5,23.25
1570,2019-04-20,22,16.5,2.55,1021.75,24
1571,2019-04-21,20.75,14.75,0.3,1022.75,23
1572,2019-04-22,20.75,15.25,0.275,1023.25,23.25
1573,2019-04-23,21,11.75,0.35,1025,24
1574,2019-04-24,21.5,12.5,0.075,1024.25,24.25
1575,2019-04-25,21.75,12,0.1,1021.5,24
1576,2019-04-26,21.75,15.75,0.025,1020,23.5
1577,2019-04-27,20,15,0,1024.25,22
1578,2019-04-28,20.5,12,0,1022.5,22.75
1579,2019-04-29,19.75,16.75,0.225,1021.75,22
1580,2019-04-30,20,19,0.2,1018,22.5
1581,2019-05-01,19,15.75,0.075,1017.75,20.5
1582,2019-05-02,19,16.75,0.175,1021,21.5
1583,2019-05-03,20.25,16.75,0.575,1018.25,22
1584,2019-05-04,19.25,15.75,0.65,1017.75,21.75
1585,2019-05-05,18,16.5,0.225,1018.5,20.5
1586,2019-05-06,18.25,15,0.025,1019.25,19.75
1587,2019-05-07,18.5,12.25,0.55,1017,20.75
1588,2019-05-08,18.5,16.5,0.025,1019,20.25
1589,2019-05-09,16.75,12.25,0.65,1019.75,18.25
1590,2019-05-10,17.5,14.25,0.05,1022,19.25
1591,2019-05-11,17.75,20.5,0.025,1024,20
1592,2019-05-12,18,12.75,0,1025.5,21.25
1593,2019-05-13,18.5,13.75,0.1,1025.5,21
1594,2019-05-14,19.75,11,0.15,1025.75,22.75
1595,2019-05-15,20.5,12,0.15,1026,24.25
1596,2019-05-16,18.75,15.5,1.2,1024.25,21
1597,2019-05-17,17.75,11.75,0.275,1025.25,20.75
1598,2019-05-18,18.25,12.75,0.075,1025.75,22
1599,2019-05-19,19.25,16.5,0.175,1023.75,22.5
1600,2019-05-20,18.5,14.25,0.425,1022.25,20.25
1601,2019-05-21,19.5,9,0.025,1023.75,22
1602,2019-05-22,19.75,8,0,1025.5,23.5
1603,2019-05-23,19.75,12,0.2,1024,22.75
1604,2019-05-24,19.5,12.5,0.05,1021,22.75
1605,2019-05-25,18.5,10.75,0.775,1019.5,20.25
1606,2019-05-26,18,14.25,0.1,1018.25,20.25
1607,2019-05-27,17,21.25,0.025,1016.75,18.5
1608,2019-05-28,16.75,18,0.2,1016.75,18
1609,2019-05-29,16.25,25,0.1,1015,17.75
1610,2019-05-30,15.5,19.5,0.025,1022,17.5
1611,2019-05-31,16.25,13.5,0.025,1025,18.25
1612,2019-06-01,17,15,0.025,1028.25,19
1613,2019-06-02,17.25,16,0.375,1027,19.25
1614,2019-06-03,16,16.25,0.15,1022.25,18.25
1615,2019-06-04,14.25,30.75,2.5,1022.25,16
1616,2019-06-05,15.5,18.75,0.375,1025.75,17
1617,2019-06-06,16.5,17.25,0,1026.75,18.5
1618,2019-06-07,16.25,21.75,0.325,1027.25,17.5
1619,2019-06-08,16,17.75,0.25,1022.75,17.75
1620,2019-06-09,16.25,17.75,0.225,1017.75,18
1621,2019-06-10,17.5,20.75,0.875,1014.25,19.75
1622,2019-06-11,18,16,0.3,1018.75,20.5
1623,2019-06-12,17.25,16,0.575,1019.75,19.25
1624,2019-06-13,17.25,11.25,0.875,1019,19.5
1625,2019-06-14,16.25,10,0.4,1020,18.25
1626,2019-06-15,16,8.25,0.025,1021,18.25
1627,2019-06-16,16,9.75,1.1,1020.75,17
1628,2019-06-17,14.75,19.5,0.475,1021.25,15.75
1629,2019-06-18,14.5,9,0.075,1021.25,16.25
1630,2019-06-19,13.75,12.25,0.025,1022,15.75
1631,2019-06-20,13.5,14,0,1022,14.75
1632,2019-06-21,14.75,13.75,0,1020.75,16.25
1633,2019-06-22,14.25,17.25,0.575,1021.5,16
1634,2019-06-23,14.25,16.25,0.875,1021.75,15.5
1635,2019-06-24,14.25,16.75,0.275,1025.25,15.25
1636,2019-06-25,15.25,17.25,0.625,1027,16.5
1637,2019-06-26,16.25,22,0.65,1024.75,18
1638,2019-06-27,16.75,21.5,0.85,1023.5,18.75
1639,2019-06-28,16.25,15.75,0.15,1024.5,17.75
1640,2019-06-29,14.75,20.5,1.3,1020.75,16.5
1641,2019-06-30,15.25,16.5,0.2,1020.5,16.75
1642,2019-07-01,14.75,13,0.05,1020.25,16.75
1643,2019-07-02,15.5,7.25,0,1020.25,17.5
1644,2019-07-03,15.75,16.5,0.15,1024.5,18.25
1645,2019-07-04,15.5,19.75,3.25,1024.75,17
1646,2019-07-05,15.75,21.5,0.475,1026.5,17
1647,2019-07-06,17,18.25,0.375,1027,17.5
1648,2019-07-07,15.75,14,0.2,1027,16.75
1649,2019-07-08,15,9.75,0.175,1024,16.25
1650,2019-07-09,15,10.75,0,1020.75,16.75
1651,2019-07-10,15.25,18,0,1017,17
1652,2019-07-11,16,17.25,0.1,1018,17.25
1653,2019-07-12,15.25,20,0.25,1019,17
1654,2019-07-13,14.25,24.25,0.075,1022.25,16
1655,2019-07-14,13.25,19,0.075,1025.25,14.25
1656,2019-07-15,14,21.75,0,1023.25,15
1657,2019-07-16,15.25,10.25,0.025,1023.25,16.5
1658,2019-07-17,15,13.75,0.075,1020,16.5
1659,2019-07-18,14.75,15.75,0.1,1017.5,16.25
1660,2019-07-19,15,13.75,0.175,1016.75,17.25
1661,2019-07-20,15,17.75,0.075,1018,16.75
1662,2019-07-21,15.75,15.25,0.15,1017,17.75
1663,2019-07-22,15.75,16.75,0.025,1016.25,17.5
1664,2019-07-23,16.25,15.25,0.025,1018.5,18
1665,2019-07-24,16,13.75,0.025,1022,17.5
1666,2019-07-25,15.25,11.75,0.025,1023.75,17
1667,2019-07-26,15.25,8,0.275,1021,17.25
1668,2019-07-27,15.5,9.25,0.025,1021,17.25
1669,2019-07-28,15.25,12,0.05,1022.5,18
1670,2019-07-29,15.5,9.75,0.05,1022.5,18
1671,2019-07-30,15,12.25,0.525,1024.75,16.75
1672,2019-07-31,14.25,14.25,0.175,1028.75,15.5
1673,2019-08-01,14.75,12,0.425,1029.75,16.25
1674,2019-08-02,15,14.75,0.325,1028.5,16.5
1675,2019-08-03,15.25,9.25,0.075,1026.5,17.25
1676,2019-08-04,15,11.5,0.075,1026,17.25
1677,2019-08-05,16,11.75,0.625,1021.5,18.75
1678,2019-08-06,15.5,13.25,0,1017.75,17.5
1679,2019-08-07,14.5,5.75,1.125,1015.5,16
1680,2019-08-08,15.5,25.5,0.075,1010.75,16.75
1681,2019-08-09,14,26,0.1,1013,16
1682,2019-08-10,13.5,24.75,0.05,1013.75,15
1683,2019-08-11,13.25,25,0.05,1015,14.5
1684,2019-08-12,13.75,14.75,0.075,1021.5,16
1685,2019-08-13,14.75,12,0.075,1023,16.5
1686,2019-08-14,14.75,13.25,0.5,1022,16.75
1687,2019-08-15,15.5,10.5,0,1022.75,17.75
1688,2019-08-16,15.5,16.5,0.15,1019,18
1689,2019-08-17,15.5,16.5,0.05,1019,17
1690,2019-08-18,14.5,18.25,0.675,1019.5,15.75
1691,2019-08-19,14.75,20.25,0.05,1023.5,16.25
1692,2019-08-20,14.5,15.75,0.025,1027.25,16.75
1693,2019-08-21,16.25,20,0.025,1021.25,17.75
1694,2019-08-22,15.75,24.25,0.025,1018,17.25
1695,2019-08-23,14.25,17,0.125,1022.75,16.5
1696,2019-08-24,15,11,0.025,1020.75,17
1697,2019-08-25,14.75,13.5,0.025,1021.75,16.75
1698,2019-08-26,14.75,13,0.525,1023,17
1699,2019-08-27,15.75,14.25,1,1022.25,17.75
1700,2019-08-28,17,11.75,0.075,1019.75,19.25
1701,2019-08-29,15.25,20.5,2.125,1019.75,17.25
1702,2019-08-30,14.75,23.25,0.775,1020,16.25
1703,2019-08-31,16.25,20.75,0.2,1018.5,18
1704,2019-09-01,16.5,16.75,0.7,1017.25,19.25
1705,2019-09-02,17.25,17.75,0.25,1017,18.75
1706,2019-09-03,16.5,11,0.075,1017,19
1707,2019-09-04,17.5,13,0.35,1016.5,19.5
1708,2019-09-05,17,12,0,1016.5,18.5
1709,2019-09-06,18,21,0.075,1012,19.25
1710,2019-09-07,15.5,21.5,0.05,1016,17
1711,2019-09-08,16,20.5,0.125,1017.5,17.5
1712,2019-09-09,16.5,20.5,0,1017.25,18.5
1713,2019-09-10,15.75,15.5,0.075,1022,18
1714,2019-09-11,17.25,14.5,0,1026,19.5
1715,2019-09-12,18.25,10.5,0,1023,22
1716,2019-09-13,18.75,10.75,0,1022.25,21
1717,2019-09-14,19.75,10.25,0.025,1022.25,22.25
1718,2019-09-15,19,12.75,0,1021.25,21.75
1719,2019-09-16,18.25,15.25,0.025,1019.5,21.5
1720,2019-09-17,16.25,15,2.925,1020.25,18.5
1721,2019-09-18,17,19.75,1.3,1020,18.75
1722,2019-09-19,18,21.5,0.025,1019.25,20
1723,2019-09-20,16.5,14.75,0.175,1021.75,19.25
1724,2019-09-21,16.5,17.75,0.2,1022.75,19.25
1725,2019-09-22,17,15,0.275,1025,18.75
1726,2019-09-23,17.5,12.25,0,1024.5,20
1727,2019-09-24,17.5,16.25,0,1024.75,20
1728,2019-09-25,17,13,0.125,1024.75,19.5
1729,2019-09-26,18.25,12,0.125,1023,20
1730,2019-09-27,18.5,12.5,0,1019.25,22.5
1731,2019-09-28,17.5,13,0.05,1018.5,20
1732,2019-09-29,18.5,11.5,0,1019.75,21
1733,2019-09-30,18,15.25,0.275,1021.75,20.5
1734,2019-10-01,18.5,16.75,0.25,1025.25,21
1735,2019-10-02,19,15.25,0.1,1023,21.75
1736,2019-10-03,20.25,10.25,0,1021.75,24
1737,2019-10-04,20.75,25.5,0.2,1016,23.5
1738,2019-10-05,20,21,0.675,1018,22
1739,2019-10-06,18,17.25,0.075,1018,20
1740,2019-10-07,19.25,13.25,0.05,1016.5,21.5
1741,2019-10-08,20,19.75,0.05,1015.75,22
1742,2019-10-09,17.5,19.25,0.05,1020.5,20
1743,2019-10-10,17,16,0.05,1020.25,19.25
1744,2019-10-11,16.75,11.75,1.275,1017.25,19.25
1745,2019-10-12,17,15.5,0.975,1015,18.75
1746,2019-10-13,17.5,15,0.05,1016.75,19.25
1747,2019-10-14,17.25,16,0,1016.5,19.5
1748,2019-10-15,17.75,16.25,0.05,1015.5,20.25
1749,2019-10-16,18,17,0.05,1015.5,20
1750,2019-10-17,19,20.5,0.025,1014.75,21.25
1751,2019-10-18,18.5,18.25,0,1017,20.5
1752,2019-10-19,20.25,13.5,0.45,1016.5,22.5
1753,2019-10-20,18.5,17.75,0,1020.25,20.75
1754,2019-10-21,19.25,15.5,0,1023.75,21.25
1755,2019-10-22,20.5,14.5,0.1,1021.75,23.75
1756,2019-10-23,21.5,16,0.025,1018.75,23.5
1757,2019-10-24,22.5,16.75,0,1015.75,24.25
1758,2019-10-25,20.75,20.5,0.025,1014.75,22.25
1759,2019-10-26,21.25,21.75,0,1013.25,23.25
1760,2019-10-27,21,12.75,0,1015.25,22.5
1761,2019-10-28,19.5,16,0.025,1019,21.25
1762,2019-10-29,21.25,16.75,0,1018.5,24
1763,2019-10-30,22,19.25,0,1014,24
1764,2019-10-31,21.75,22.25,0.2,1012,23.75
1765,2019-11-01,20.75,22.25,0.5,1012.25,23
1766,2019-11-02,20.25,21,0.175,1015.5,22
1767,2019-11-03,20,17.75,0.2,1017.5,21.5
1768,2019-11-04,19.5,16.25,0.025,1018.5,22
1769,2019-11-05,18.75,23.25,0.125,1017,20
1770,2019-11-06,19.5,18.25,0,1014.25,21.75
1771,2019-11-07,21.5,15.25,0.05,1011.75,23.25
1772,2019-11-08,23,22.75,0,1011,24.5
1773,2019-11-09,20.75,18.25,0,1013.75,21.75
1774,2019-11-10,20.25,11.25,0.025,1013.75,22.25
1775,2019-11-11,22.5,19.75,0,1013.25,25.25
1776,2019-11-12,22.75,21.5,0.025,1014.5,24.25
1777,2019-11-13,21.25,16,0,1016.25,22.75
1778,2019-11-14,22,16.25,0,1015.25,24.25
1779,2019-11-15,24,13,0,1013,25.75
1780,2019-11-16,22.25,15.25,0.025,1015.25,24.5
1781,2019-11-17,21.5,17.25,0.55,1016,23.25
1782,2019-11-18,22.75,19.75,0.025,1015.5,25.25
1783,2019-11-19,23.75,16,0,1011.5,26.25
1784,2019-11-20,23.75,23.75,0.025,1012,25.5
1785,2019-11-21,21.25,19.5,0.025,1015,23
1786,2019-11-22,20.75,17.75,0,1016.5,23
1787,2019-11-23,21.5,15.5,0.025,1016.25,23.75
1788,2019-11-24,21.5,17.25,0,1014.75,23.75
1789,2019-11-25,23.25,19,0.025,1011.5,26
1790,2019-11-26,23.5,23.5,0,1011.25,25.5
1791,2019-11-27,22,18.5,0,1014.5,23.25
1792,2019-11-28,22,17.75,0.025,1015.25,25.25
1793,2019-11-29,21.5,17.75,0.075,1016.5,23.75
1794,2019-11-30,20.75,20.5,0,1015.25,23
1795,2019-12-01,21.25,24,0.125,1009,22.5
1796,2019-12-02,22.75,22.5,0.05,1005.5,23.25
1797,2019-12-03,23.75,12.75,0.025,1009.5,25.25
1798,2019-12-04,24,13,0,1011.5,25.75
1799,2019-12-05,26,11,0,1011,27.5
1800,2019-12-06,26,11.75,0,1009.25,27.5
1801,2019-12-07,24,18.25,0.05,1012,27
1802,2019-12-08,23.5,17.75,0.075,1016.25,25.5
1803,2019-12-09,23.75,21.75,0.025,1019,26.75
1804,2019-12-10,24.5,16.25,0,1016.25,27.75
1805,2019-12-11,24,18.25,0,1015,26.75
1806,2019-12-12,24,17.5,0,1015,26.5
1807,2019-12-13,23.5,13.25,0.1,1014.75,25.25
1808,2019-12-14,25.25,15.75,0.075,1011.5,28.25
1809,2019-12-15,26,15.75,0.025,1008,28.75
1810,2019-12-16,26.5,17.75,0,1010,29.75
1811,2019-12-17,26.25,19.25,0,1014.75,28
1812,2019-12-18,27.25,19.25,0,1014.25,29.25
1813,2019-12-19,28,14.75,0.35,1013,32
1814,2019-12-20,26.25,20.75,0,1014.25,29.5
1815,2019-12-21,25.25,17.75,0,1014.5,28.5
1816,2019-12-22,22.75,19.25,0.025,1016.5,25
1817,2019-12-23,24.25,14.25,0.075,1015.25,26.5
1818,2019-12-24,25,16.25,0.375,1014,27.5
1819,2019-12-25,25.25,17.5,2.025,1013.5,27.75
1820,2019-12-26,24.5,19.5,0.15,1016,27
1821,2019-12-27,25.5,20.5,0.075,1015.5,27.5
1822,2019-12-28,25.5,19.75,0.025,1015.5,27.5
1823,2019-12-29,26.5,17.5,0,1014.5,28.5
1824,2019-12-30,25.25,21.5,0,1012,28
1825,2019-12-31,24.75,18.75,0.05,1013,27
