Zipcode,Address,Median Age,Household Income,Per Capita Income,Lat,Lng,Bank Count
624,"Hastings, MI 49058, USA",40.8,46777,22137,42.6306916,-85.2929384,9
692,"Ball, LA 71405, USA",35.8,55242,23941,31.4061799,-92.396174,12
730,"Great Mills, MD 20634, USA",31.9,79944,35961,38.2201614,-76.4967919,9
757,"Williamsport, TN 38487, USA",41.6,38125,18884,35.7310368,-87.2419299,0
957,"Marion, ND 58466, USA",44.5,69844,36981,46.5594224,-98.3481542,1
1430,"Eureka, NV 89316, USA",38.7,63603,26280,39.564892,-115.9940986,1
1469,"Maple Hill, KS 66507, USA",31.8,67500,23114,38.9793352,-96.0044121,1
1527,"Madera, CA 93637, USA",29.5,48974,17449,36.9152938,-120.2051096,0
1585,"Victorville, CA 92392, USA",27.9,58667,19090,34.4854334,-117.4203974,14
1922,"Plainwell, MI 49080, USA",40.9,53743,25048,42.446414,-85.5817911,6
2056,"Dousman, WI 53118, USA",46.9,81619,38393,42.9902388,-88.4984991,2
2145,"Colden, NY 14033, USA",44.3,81979,32764,42.6628737,-78.6909263,1
2169,"Effie, LA 71331, USA",34.3,37109,18372,31.2692973,-92.0469151,0
2382,"Chicago, IL 60645, USA",35,48918,25500,42.0105286,-87.6926257,197
2543,"Indianapolis, IN 46236, USA",40.3,80833,38140,39.9008411,-85.9611082,47
2717,"Landers, CA 92285, USA",50.1,22917,17840,34.3350492,-116.5373923,1
2740,"Etna Green, IN 46524, USA",32,60033,19849,41.3129797,-86.0325629,3
2802,"Fernwood, ID 83830, USA",42.7,37244,16450,47.0795166,-116.3845766,0
3048,"Mt Vernon, NY 10553, USA",40.7,58514,26137,40.9071072,-73.8213213,196
3064,"Rea, MO 64480, USA",57.5,65000,34670,40.0720342,-94.6657027,0
3077,"Gnadenhutten, OH 44629, USA",35.9,43545,19101,40.3480833,-81.4388858,2
3104,"Savannah, GA 31405, USA",34.6,43051,23719,32.0371137,-81.1747498,49
3276,"Hays, NC 28635, USA",35.6,30565,14292,36.3338025,-81.1306391,0
3448,"Gray Summit, MO 63039, USA",31.7,44521,18539,38.4977334,-90.8436885,6
4010,"Winigan, MO 63566, USA",38.9,34107,15108,40.0361993,-92.9475662,1
4107,"Brooklyn, NY 11220, USA",32.4,37580,16263,40.6385229,-74.0153231,199
4268,"Dixons Mills, AL 36736, USA",42.3,28333,17708,32.0755092,-87.7664934,0
4357,"Deep Gap, NC 28618, USA",44.3,41929,23581,36.2119208,-81.5267282,1
4418,"Palmyra, WI 53156, USA",42.4,53600,25161,42.8749223,-88.6144839,1
4622,"Inglewood, CA 90302, USA",32.4,43042,21718,33.9742906,-118.3520389,124
4637,"Benzonia, MI 49616, USA",45.7,39145,18568,44.5769402,-86.0733498,4
5053,"Jay, NY 12941, USA",44.6,72361,40100,44.3433912,-73.7192528,0
5156,"Kiron, IA 51448, USA",40.8,44219,22819,42.2111665,-95.3311652,1
5261,"Andover, NY 14806, USA",41.6,49792,22379,42.1414761,-77.779537,1
5301,"Akron, OH 44313, USA",41,48852,31436,41.1426985,-81.5706109,74
5454,"Hughesville, PA 17737, USA",42.3,51007,24229,41.2806213,-76.6643728,3
5483,"Thorndale, PA 19372, USA",35.3,75347,44586,39.9991738,-75.7618593,29
5492,"South Heights, PA 15081, USA",50.2,31500,22177,40.5785167,-80.236488,35
5658,"South Bend, IN 46617, USA",33,48726,27706,41.6841001,-86.231094,81
5736,"Hanston, KS 67849, USA",43,63214,26015,38.146514,-99.7009754,1
6019,"Glen Ellyn, IL 60137, USA",41.1,89386,47759,41.853696,-88.0607565,143
6062,"Fruitport, MI 49415, USA",44.3,51587,26853,43.1669959,-86.1141045,9
6069,"Norfolk, MA 02056, USA",42.5,134104,43630,30.7554142,-100.5861245,0
6377,"Delco, NC 28436, USA",37.9,45417,22077,34.2755079,-78.2703951,0
6422,"Mt Vernon, TX 75457, USA",40.7,39909,26517,33.172705,-95.2057909,7
6444,"Cleveland, TX 77328, USA",34,48250,19670,30.3792489,-95.1849219,0
6516,"Mt Olive, AL 35117, USA",37.5,72500,29385,33.6793182,-86.8922723,12
6801,"Dumfries, VA 22025, USA",40,115000,48008,38.5947311,-77.3381855,43
6824,"Spring, TX 77373, USA",32.4,67742,25921,30.0605454,-95.3834854,36
6883,"Linden, VA 22642, USA",37.1,76198,28685,38.9465403,-78.0766036,0
7082,"Beresford, SD 57004, USA",39.7,53958,25930,43.0894534,-96.7922355,3
7603,"Byromville, GA 31007, USA",41.8,29417,14202,32.1773202,-83.9426698,0
7606,"Port Angeles, WA 98362, USA",47.5,43827,25914,47.9506586,-123.3456072,0
7718,"Crum, WV 25669, USA",44,35302,16972,37.9381897,-82.4644445,0
7724,"St Ignace, MI 49781, USA",44.2,39838,23000,46.0316836,-84.7552977,0
8002,"Far Rockaway, NY 11693, USA",39.1,50570,25149,40.6166766,-73.8272029,83
8234,"Willow, OK 73673, USA",53.6,40234,26554,35.0343164,-99.5673479,0
8324,"Mobile, AL 36688, USA",20.1,,3086,30.6954595,-88.174414,102
8340,"East Butler, PA 16029, USA",40,41875,22128,40.8756815,-79.841579,17
8540,"Tucson, AZ 85743, USA",41.2,69577,32411,32.3324642,-111.2129616,0
8854,"Bradenton, FL 34209, USA",54.1,51572,28711,27.5073732,-82.6375402,65
8859,"Cottage Grove, TN 38224, USA",39.2,36932,19238,36.4053896,-88.4984991,1
8872,"Floris, IA 52560, USA",44.6,53472,21979,40.8259755,-92.2335066,0
10007,"Flatonia, TX 78941, USA",45.7,40304,23115,29.7574106,-97.1574784,0
10303,"Nevada, IA 50201, USA",40.4,56619,28908,42.065743,-93.4599326,7
10309,"Lukachukai, AZ 86507, USA",24.1,22009,8346,36.4106866,-109.2593642,0
10553,"Lone Pine, CA 93545, USA",40.6,32473,18444,36.5131184,-118.0888578,0
10803,"Niagara, WI 54151, USA",45.7,45813,23500,45.715354,-87.9804239,2
10913,"Henrietta, NC 28076, USA",30,25221,9871,35.266252,-81.7932261,0
10984,"Garden Grove, CA 92843, USA",33.3,51991,17186,33.7675239,-117.9424743,172
11105,"Harrodsburg, IN 47434, USA",52.5,,21634,39.0126074,-86.5454322,0
11220,"Hensley, WV 24843, USA",60.4,20673,14761,37.4731506,-81.7010143,0
11385,"Tyrone, OK 73951, USA",28.7,43125,16762,36.9306369,-101.048549,0
11693,"Millry, AL 36558, USA",42.1,42500,21410,31.5722275,-88.362785,0
11722,"Jacksontown, OH 43030, USA",54,,27844,39.9595844,-82.4153441,11
12010,"Dauphin, PA 17018, USA",47.1,58438,32552,40.4011263,-76.8836261,5
12148,"Whitman, MA 02382, USA",39.1,72462,32541,36.775953,-84.1572148,7
12156,"Tangent, OR 97389, USA",36.5,46250,21717,44.5277138,-123.0941587,1
12429,"Port Sanilac, MI 48469, USA",56.4,44438,25798,43.4238357,-82.5510469,1
12450,"Delta Junction, AK 99737, USA",33.5,71250,32842,63.8367895,-145.1298259,0
12456,"Hurdle Mills, NC 27541, USA",45.1,56346,27996,36.2603922,-79.0871005,0
12464,"Yankton, SD 57078, USA",40.7,50660,27293,42.9124127,-97.4597725,14
12723,"Craigsville, WV 26205, USA",41.8,32128,16382,38.3297234,-80.621591,2
12759,"Hedgesville, WV 25427, USA",42.9,54619,27919,39.5113324,-78.0880129,0
12769,"Republic, OH 44867, USA",42.1,59268,27746,41.1388267,-83.0039075,1
12789,"Jasper, NY 14855, USA",29.3,43750,15913,42.1589149,-77.4931403,0
12804,"Slaughters, KY 42456, USA",39.6,47930,21130,37.5070164,-87.5593613,0
12831,"West Hamlin, WV 25571, USA",43.7,36650,16769,38.2770826,-82.1822399,5
12941,"Selma, AL 36701, USA",39.4,32136,20992,32.4800392,-87.0424393,11
12942,"Valley Falls, KS 66088, USA",42.8,50667,25268,39.3183799,-95.435853,1
13068,"Timbo, AR 72680, USA",46.6,28750,23495,35.8825209,-92.2925911,0
13312,"Quitman, TX 75783, USA",45.1,40322,23210,32.8260186,-95.435853,3
13326,"Wolf Point, MT 59201, USA",30.8,42699,17624,48.379169,-105.6163785,0
13335,"Austin, TX 78742, USA",33.6,19688,15485,30.2406057,-97.6602365,13
13402,"Bogota, NJ 07603, USA",38.7,77821,31670,40.0434508,-81.4263054,0
13495,"Freeville, NY 13068, USA",44,66480,30384,42.5014845,-76.3521514,3
13635,"Letart, WV 25253, USA",38.9,40245,18032,38.8993559,-81.9752995,0
13637,"Mobile, AL 36619, USA",37.9,55962,24392,30.5960565,-88.1974148,42
13640,"Jerome, PA 15937, USA",45.7,65000,24503,40.2084869,-78.9885845,3
13827,"Doddridge, AR 71834, USA",53.3,39821,23159,33.1515268,-93.9470396,0
14033,"Blevins, AR 71825, USA",32.6,35625,13098,33.8682784,-93.5509074,0
14113,"New Franken, WI 54229, USA",40.4,68667,29538,44.5485744,-87.8353278,0
14131,"Lester, WV 25865, USA",38.8,65163,25341,37.7252022,-81.3619402,1
14304,"Salt Rock, WV 25559, USA",41.9,55120,22464,38.3233363,-82.2474648,2
14411,"Levittown, PA 19057, USA",38,62863,25069,40.1344021,-74.8565613,82
14555,"Vanderpool, TX 78885, USA",55.5,80417,38706,29.7918251,-99.5228528,0
14715,"Salt Lake City, UT 84118, USA",30.4,61203,19777,40.6479987,-112.0059052,73
14806,"St John, ND 58369, USA",38.9,29375,17469,48.9696899,-99.7917612,0
14855,"Gilbert, AZ 85233, USA",34.7,75365,32900,33.3519301,-111.8210866,123
15018,"Lockeford, CA 95237, USA",38.7,44542,22400,38.160627,-121.1424001,2
15081,"Three Forks, MT 59752, USA",44,51176,25177,45.8869053,-111.5684932,3
15206,"New York, NY 10007, USA",34,216037,157713,40.7136487,-74.0087126,200
15656,"Doniphan, MO 63935, USA",42.5,31208,16144,36.6488463,-90.9438468,0
15937,"Glen Rock, PA 17327, USA",46.7,67791,32177,39.7719423,-76.7567368,18
16029,"Lyndhurst, VA 22952, USA",46.3,43095,23158,37.9545568,-78.9627624,0
16153,"Presho, SD 57568, USA",45.2,51700,28055,43.9119937,-100.1255164,1
16636,"Brownfield, ME 04010, USA",47.6,45592,25609,40.4342726,-77.236526,3
16665,"Owatonna, MN 55060, USA",39.4,54945,27727,44.0888533,-93.2181477,12
16699,"Easton, IL 62633, USA",50.3,56250,27852,40.2065985,-89.8692203,1
16870,"Pepeekeo, HI 96783, USA",40.4,31705,17613,19.8344853,-155.1135807,0
16930,"Hewitt, MN 56453, USA",41,50089,21875,46.3037542,-95.1628544,0
17018,"Port Matilda, PA 16870, USA",39.1,84808,37320,40.8033255,-78.0880129,0
17051,"Kennesaw, GA 30152, USA",36.7,74559,35046,34.0041089,-84.6583745,39
17097,"Akron, OH 44305, USA",37.6,36944,18868,41.0745913,-81.460856,95
17214,"Elizabethtown, IN 47232, USA",37.4,60128,21838,39.1100449,-85.7974141,0
17263,"Cameron, WI 54822, USA",39.9,48598,22565,45.4180506,-91.7211948,7
17327,"Statham, GA 30666, USA",37.3,53627,23167,33.9527142,-83.581615,3
17737,"Hatchechubbee, AL 36858, USA",37.4,71563,25395,32.2912801,-85.2929384,0
17774,"Smithville, MS 38870, USA",40.8,53443,22094,34.0752962,-88.3433623,1
17938,"Parma, MI 49269, USA",43,48185,24291,42.2859231,-84.5850997,1
17946,"Yorkville, NY 13495, USA",38.4,48576,24413,43.1142866,-75.2741557,31
17980,"Wing, ND 58494, USA",42.2,48500,29216,47.1813085,-100.3049045,1
18042,"Newport News, VA 23602, USA",36.7,61343,30030,37.1120848,-76.5372625,56
18223,"New York, NY 11105, USA",35.3,57525,33537,40.7787902,-73.9065883,200
18237,"Harrisonburg, LA 71340, USA",33.7,30560,19909,31.8200828,-91.851343,2
18473,"South Hackensack, NJ 07606, USA",39.4,68750,33300,47.3688642,-124.2303763,1
18519,"Tabiona, UT 84072, USA",30.3,48654,18735,40.3536565,-110.7360863,0
18914,"Rexford, NY 12148, USA",44.2,107540,44237,42.840262,-73.8536683,54
19023,"Minneapolis, MN 55435, USA",46.9,56213,47347,44.8721412,-93.3338547,116
19057,"Independence, WI 54747, USA",39,41755,22124,44.4083424,-91.5015009,0
19076,"Cimarron, KS 67835, USA",33.4,52188,22510,37.9900677,-100.3048897,0
19372,"Topeka, KS 66614, USA",38.8,53673,30118,39.013101,-95.85121,17
19944,"Heislerville, NJ 08324, USA",42.5,67772,28069,46.9806601,15.7416507,7
20143,"Joliet, IL 60433, USA",35.4,43644,18967,41.4997384,-88.0460894,34
20615,"Gibsonville, NC 27249, USA",42.1,50095,25651,36.1663776,-79.5940544,0
20634,"Campbell, CA 95008, USA",37.3,87204,44023,37.2770029,-121.9529992,165
20886,"Athens, GA 30601, USA",26,20884,13402,34.006845,-83.3468784,27
21053,"Vilas, CO 81087, USA",26.8,34500,13210,37.3507103,-102.4495221,0
21061,"Millbury, MA 01527, USA",43,71832,32329,33.6538868,-81.5989971,1
21750,"San Antonio, TX 78214, USA",33.6,27222,13595,29.3172731,-98.4677851,30
21901,"Sayreville, NJ 08872, USA",37.7,72956,32666,47.14149,9.0980613,15
22025,"Chesterfield, VA 23832, USA",37.2,75942,31379,37.3976686,-77.5963271,29
22027,"Corpus Christi, TX 78414, USA",34,75971,33464,27.6474296,-97.3624598,26
22066,"Washington, TX 77880, USA",48.8,38672,25386,30.2674226,-96.1739116,0
22102,"Clarklake, MI 49234, USA",47.3,58250,30245,42.1277049,-84.3647199,1
22191,"Winthrop, MN 55396, USA",41.8,48919,23296,44.580169,-94.356513,3
22642,"East Freetown, MA 02717, USA",42.8,81150,32987,46.1252335,-86.5191127,0
22834,"Tilden, TX 78072, USA",41.2,42083,21532,28.2610528,-98.6160674,0
22952,"Gilsum, NH 03448, USA",50.8,45417,26556,36.8491276,-83.4786993,0
23055,"Petrolia, TX 76377, USA",41.3,48750,22710,34.0190414,-98.2760021,0
23146,"Summerfield, NC 27358, USA",43,88382,40210,36.2345022,-79.8856824,4
23219,"Englewood, FL 34224, USA",60.1,39645,24929,26.9288268,-82.3126294,18
23228,"Edwardsville, IL 62025, USA",35.2,72877,34115,38.8414469,-89.9440061,24
23389,"Dulce, NM 87528, USA",29,39725,16182,36.7078973,-106.9594723,0
23440,"Lake City, FL 32025, USA",35.2,39916,17493,30.111156,-82.5834947,0
23602,"Hammond, IL 61929, USA",45.7,47891,23964,39.8295453,-88.6530753,1
23665,"Ebervale, PA 18223, USA",43.7,49458,37056,40.9922168,-75.9350072,25
23832,"Jonesboro, GA 30236, USA",33.9,40107,21374,33.5213067,-84.3226488,28
24083,"Seattle, WA 98106, USA",35.3,57875,27922,47.5476069,-122.3514653,173
24137,"Bellevue, KY 41073, USA",37.7,53396,26881,39.0992398,-84.4776372,190
24281,"Linwood, KS 66052, USA",42.8,57848,27076,39.0141289,-95.0494602,0
24843,"Morrison, IL 61270, USA",45.2,54206,27990,41.8004348,-89.9626799,6
24887,"Peoria, IL 61604, USA",36.8,40630,21137,40.7001416,-89.6581073,50
25111,"Peoria, AZ 85383, USA",36.7,101526,37735,33.7868136,-112.28609,5
25165,"Pittsburgh, PA 15206, USA",36.6,33792,27733,40.4720642,-79.9136731,168
25253,"De Witt, MO 64639, USA",48.9,57917,25446,39.3794032,-93.238251,0
25401,"Hersey, MI 49639, USA",40.7,41570,17687,43.8312621,-85.3756249,0
25414,"Otter Creek, FL 32683, USA",45.9,36563,13575,29.2720518,-82.7751622,0
25427,"Griggsville, IL 62340, USA",43.8,38036,20380,50.8621076,1.8577529,7
25431,"Peñuelas, 00624, Puerto Rico",34.2,14768,6761,37.1651421,-82.5247603,8
25442,"Blauvelt, NY 10913, USA",41.8,122857,46193,41.0711228,-73.9536163,70
25559,"Penhook, VA 24137, USA",46.3,54979,30491,36.9109694,-79.6726632,0
25571,"Margarettsville, NC 27853, USA",42.8,25966,11178,36.5219992,-77.3209555,0
25669,"Marion, CT 06444, USA",29.7,103636,22178,35.9801029,-93.768637,0
25699,"Gatesville, TX 76599, USA",35,,8815,31.4748803,-97.7367476,6
25865,"Elgin, IA 52141, USA",42.5,39679,21960,42.9497646,-91.6178011,1
26202,"Vega Alta, 00692, Puerto Rico",35,18500,9273,37.2258653,-80.0582318,56
26205,"Kensington, MN 56343, USA",42.4,48417,24153,45.7800013,-95.7209968,2
26574,"Lost Creek, PA 17946, USA",62.1,15469,10440,40.8058719,-76.2445864,12
26807,"Draper, UT 84020, USA",30.4,89922,33164,40.4960215,-111.8687825,45
27043,"Cambria, CA 93428, USA",58.4,59813,40682,35.5925142,-121.0564425,2
27249,"Daleville, VA 24083, USA",46.4,91295,47678,37.4047916,-79.9248669,19
27262,"Huson, MT 59846, USA",58.5,52891,26606,47.1334522,-114.4918933,0
27283,"Waterville, VT 05492, USA",41,53315,23399,55.392363,10.1473917,2
27288,"Pelham, NY 10803, USA",39.7,140000,73808,40.8996475,-73.8036752,191
27298,"Tate, GA 30177, USA",35.9,33866,15101,34.4153599,-84.3726049,5
27317,"Pinnacle, NC 27043, USA",46,48410,24449,36.3334581,-80.4326521,7
27358,"Kinsman, IL 60437, USA",49.8,36563,23715,41.1815419,-88.5661953,0
27541,"Martin, KY 41649, USA",41.4,25458,15356,37.5806385,-82.8317486,3
27549,"Willamina, OR 97396, USA",44.3,36848,18929,45.1916734,-123.514262,0
27822,"Northport, AL 35475, USA",33.9,69924,28117,33.4368605,-87.5593613,0
27826,"River Falls, WI 54022, USA",28.8,60016,27608,44.858921,-92.5792482,6
27853,"Crawford, TX 76638, USA",41.2,77679,36692,31.5368553,-97.4489531,1
28076,"Carthage, NC 28327, USA",40.6,51609,23841,35.40687,-79.4253776,5
28208,"Darby, PA 19023, USA",30.2,38790,18351,39.9200613,-75.2683228,197
28226,"Decatur, AR 72722, USA",37.7,37198,16971,36.3438006,-94.4284985,2
28327,"Scottsdale, AZ 85262, USA",54.4,125884,80227,33.791108,-111.8091625,2
28349,"Cleburne, TX 76031, USA",36.1,46714,20226,32.3470049,-97.330053,15
28371,"Brentford, SD 57429, USA",36.1,40000,20763,45.1612271,-98.3147793,0
28395,"Cherryfield, ME 04622, USA",40.8,40104,20084,32.1379646,-94.999149,0
28436,"Hegins, PA 17938, USA",42.7,58409,23520,40.6551387,-76.4910093,3
28454,"Gowrie, IA 50543, USA",44.5,44583,23616,42.2750407,-94.2743628,2
28529,"Egg Harbor Township, NJ 08234, USA",39.3,71316,29387,47.3908128,15.9799981,11
28618,"Fremont, CA 94539, USA",41.2,143949,50701,37.5148444,-121.9131761,57
28635,"Batavia, IA 52533, USA",42.6,49938,21050,41.0393072,-92.1646722,0
28663,"Mt Marion, NY 12456, USA",37.5,48993,17639,42.0344874,-73.9976946,12
28697,"Willis, MI 48191, USA",41.8,72204,25659,42.1247778,-83.5603112,0
28732,"Madison, NY 13402, USA",46.4,43387,19660,42.8958176,-75.5160235,4
28782,"Glen Burnie, MD 21061, USA",36,60430,29841,39.1511679,-76.6239423,68
29001,"Eatontown, NJ 07724, USA",41.7,78064,39958,31.8704128,-85.9890392,3
29113,"Eagle Creek, OR 97022, USA",43.9,66927,24343,45.3551259,-122.3293482,8
29170,"Mason, TN 38049, USA",36.2,32386,24972,35.3676615,-89.5308903,0
29468,"High Point, NC 27262, USA",38.5,39867,22889,35.9679365,-80.0423151,31
29834,"Spring Green, WI 53588, USA",44.8,58086,29862,43.2133937,-90.1120696,6
30120,"Cotton Center, TX 79021, USA",26.5,56250,17961,33.9500835,-102.0004411,0
30152,"Blue Hill, NE 68930, USA",44.7,44643,22939,40.2860295,-98.4403573,1
30177,"Unityville, PA 17774, USA",35.7,45795,20033,41.2642364,-76.5257007,0
30236,"Hemet, CA 92543, USA",36.5,26909,14425,33.6991526,-116.9793554,26
30268,"Queensbury, NY 12804, USA",44.6,60152,32970,43.3228611,-73.7242486,31
30309,"Bayard, NE 69334, USA",46.5,43575,21241,41.813568,-103.3125299,1
30564,"Pine City, MN 55063, USA",43.2,47556,22709,45.8232502,-92.9703854,6
30601,"Dilworth, MN 56529, USA",32.2,46116,21554,46.8772685,-96.6962754,31
30666,"Pansey, AL 36370, USA",43.9,44018,21152,31.1375707,-85.1583064,0
31007,"Vicksburg, MS 39180, USA",37.1,40661,21209,32.2170441,-90.8675134,1
31405,"Burnet, TX 78611, USA",44.6,48409,23381,30.7699023,-98.265058,7
31547,"Edwardsburg, MI 49112, USA",39.5,49712,21768,41.7917622,-86.0325629,7
31771,"Sturgis, SD 57785, USA",45.9,38638,24036,44.4154703,-103.5090025,5
32025,"Thiells, NY 10984, USA",42.5,112016,39093,41.2099325,-74.0153231,36
32064,"Canton, OH 44708, USA",42.8,44731,26042,40.8122437,-81.4388858,104
32187,"Albertville, AL 35951, USA",35.7,37210,19602,34.3387367,-86.1955169,12
32409,"Wentworth, SD 57075, USA",52.9,49375,39309,43.9776779,-96.9853474,0
32444,"Lubbock, TX 79416, USA",26.2,45937,23645,33.6036178,-101.9690458,44
32535,"Stoneboro, PA 16153, USA",44.6,50714,22506,41.3229151,-80.0870155,2
32683,"Knoxville, TN 37923, USA",37,53893,30167,35.9276062,-84.0854432,95
33025,"Amsterdam, NY 12010, USA",41.7,44256,25059,42.9297842,-74.1474846,12
33029,"Burkesville, KY 42717, USA",43.4,30985,16875,36.7776446,-85.354965,3
33129,"Fenwick, WV 26202, USA",42.1,49205,17950,38.2251814,-80.621591,1
33496,"Zephyrhills, FL 33542, USA",54.2,32174,20291,28.2333268,-82.1768018,15
33542,"Glencoe, MO 63038, USA",45.5,106513,54149,38.5775338,-90.6867939,14
33559,"Plainville, CT 06062, USA",42.4,60630,32531,-31.8872484,115.9054062,110
33614,"Baytown, TX 77520, USA",32.1,43409,18650,29.7299827,-94.9870491,21
34209,"Oklaunion, TX 76373, USA",36.4,45948,15359,34.1466902,-99.1234795,0
34224,"Esopus, NY 12429, USA",38.7,114129,43122,41.8214302,-73.9624327,9
34744,"Peoria, IL 61606, USA",21.9,35904,17917,40.6974655,-89.6133926,57
35005,"Franklin, WV 26807, USA",45.6,36550,20860,38.6518998,-79.4028639,3
35117,"Des Plaines, IL 60018, USA",39.9,54688,25289,42.0144814,-87.8991514,148
35475,"Gattman, MS 38844, USA",58.9,36071,20537,33.8176859,-88.2558525,0
35801,"Rockville, VA 23146, USA",47,77207,37414,37.7363302,-77.7223162,2
35907,"Brumley, MO 65017, USA",44.2,42083,19123,38.0582333,-92.4801989,1
35951,"Cartersville, GA 30120, USA",35.9,44141,20678,34.1577811,-84.8776392,12
35956,"Kalamazoo, MI 49048, USA",34.9,41443,20479,42.2766433,-85.5097226,37
36370,"Canton, CT 06019, USA",45.1,88281,44781,-31.896864,115.7634366,92
36558,"Hillsdale, OK 73743, USA",42.5,50000,24770,36.5664065,-97.9933488,0
36619,"Joshua Tree, CA 92252, USA",45,42338,22951,34.193766,-116.2540856,1
36688,"Blue Ridge Summit, PA 17214, USA",44.7,52112,29722,39.753684,-77.4730653,5
36701,"New England, ND 58647, USA",47,49375,26557,46.4819779,-102.913013,1
36736,"Ravensdale, WA 98051, USA",42.3,77623,32555,47.3298582,-121.8794853,0
36858,"Hampton, VA 23665, USA",22.2,52313,18789,37.0860239,-76.3579401,32
37067,"Melrose, MT 59743, USA",57.4,39293,27250,45.6898627,-112.6372651,0
37080,"Coldwater, MI 49036, USA",41.6,42635,21336,41.9327779,-85.0649071,17
37101,"Loch Sheldrake, NY 12759, USA",30.1,37902,13996,41.775259,-74.6576091,10
37191,"Midland, TX 79705, USA",36.8,68649,38947,32.0688848,-102.0946818,49
37336,"Grand Lake Stream, ME 04637, USA",65.4,31125,33564,29.3442557,-98.980857,0
37345,"Weston, CT 06883, USA",42.5,207262,90552,47.3007799,9.9603249,6
37398,"Huntsville, AL 35801, USA",44,59352,41807,34.7364493,-86.5501654,68
37727,"Willis, TX 77378, USA",34.7,48136,24117,30.4882668,-95.3311652,0
37737,"Lowndes, MO 63951, USA",48.8,47768,20417,37.0826711,-90.2620042,0
37743,"Covington, IN 47932, USA",42.5,53462,26981,40.1366826,-87.4009165,4
37764,"Doucette, TX 75942, USA",38.1,43512,15008,30.8182143,-94.4288102,4
37923,"Woods Hole, MA 02543, USA",49.7,66250,50348,38.5324071,-82.6953898,38
38049,"Quimby, IA 51049, USA",47.9,47847,22334,42.6366175,-95.6563119,0
38152,"San Diego, CA 92115, USA",27.5,41866,21011,32.7612759,-117.0735241,111
38224,"Cresson, PA 16699, USA",34.7,,4506,40.46,-78.59,8
38229,"Grantsboro, NC 28529, USA",45.1,41858,20985,35.0797761,-76.8836261,0
38339,"Charles Town, WV 25414, USA",40.1,72833,32308,39.2536087,-77.8710285,15
38487,"Louisburg, NC 27549, USA",40.3,36969,20001,36.0730279,-78.2476146,7
38504,"North Java, NY 14113, USA",45.6,47500,33149,42.6839855,-78.3273245,0
38844,"Van Nuys, CA 91405, USA",32,38847,17645,34.2037124,-118.4571974,175
38858,"San Diego, CA 92111, USA",35.9,57350,27391,32.8256427,-117.1558867,139
38870,"North Platte, NE 69101, USA",38.4,45156,25867,41.2169959,-100.7548851,2
39097,"Portland, OR 97229, USA",37.8,100063,44657,45.5593978,-122.807445,59
39180,"Great Falls, VA 22066, USA",43.5,214219,89776,39.0188593,-77.3094674,53
40060,"Troy, MI 48084, USA",37,84331,44055,42.5586572,-83.1809776,120
40769,"Gadsden, AL 35907, USA",40.7,70147,26791,33.8890435,-86.0325629,4
41046,"Greeneville, TN 37743, USA",44.8,34855,19552,36.0941226,-82.8640623,3
41073,"Ponce, 00730, Puerto Rico",37,16259,9768,45.9145209,-119.279444,5
41540,"Caputa, SD 57725, USA",66.6,57841,21549,43.9365164,-102.8514837,0
41564,"Wichita Falls, TX 76310, USA",37.2,63646,27924,33.7928627,-98.5062007,7
41649,"Turner, MT 59542, USA",34,33214,17982,48.8372286,-108.3120579,0
41763,"Fort Worth, TX 76135, USA",39.8,52945,27715,32.8447037,-97.4705935,12
41835,"Evans Mills, NY 13637, USA",28.4,55104,23870,44.0963283,-75.8301537,3
42025,"Huntland, TN 37345, USA",46,38688,20549,35.046689,-86.2361744,1
42031,"Fletcher, MO 63030, USA",41,49441,22871,38.1348152,-90.7437761,0
42366,"Grant Town, WV 26574, USA",40.9,44038,21078,39.5562628,-80.1777417,3
42456,"Lutz, FL 33559, USA",34.4,55643,27345,28.1537767,-82.4156829,53
42717,"Elm City, NC 27822, USA",43.6,46250,21943,35.7978006,-77.8595963,7
42762,"Cozad, NE 69130, USA",41.6,46899,21825,40.8911427,-99.9465077,4
43030,"Winamac, IN 46996, USA",40.1,45412,20784,41.0326638,-86.7013894,1
43050,"Phoenicia, NY 12464, USA",58.1,49911,37118,42.0748618,-74.3352858,2
43157,"Judith Gap, MT 59453, USA",42.4,38750,20918,46.6266707,-109.7628306,0
43758,"Hickory Ridge, AR 72347, USA",45.3,31471,19479,35.364439,-91.0011902,1
43804,"Brantingham, NY 13312, USA",56.1,41250,30699,43.7127771,-75.1778853,0
44093,"Glencoe, KY 41046, USA",24,37585,13209,38.7099232,-84.7889907,0
44143,"Langley, SC 29834, USA",38.9,32375,16178,33.5199743,-81.8422446,9
44147,"Kuna, ID 83634, USA",31,59221,16711,43.4356614,-116.2605101,0
44251,"Bellevue, NE 68005, USA",34.2,53794,25101,41.1596468,-95.9092754,32
44273,"Central Islip, NY 11722, USA",33.1,67023,21935,40.7881249,-73.1939612,114
44276,"Sterling, MI 48659, USA",43.1,44315,19879,44.1093153,-83.9955879,0
44305,"Hector, MN 55342, USA",42.2,55982,26832,44.7137564,-94.7691586,1
44313,"Wade, NC 28395, USA",39.5,39813,23319,35.1401497,-78.7589558,1
44510,"Midland, TX 79703, USA",30.5,57842,23946,31.9810423,-102.1346874,79
44629,"Wahpeton, ND 58075, USA",35.9,51179,27588,46.2817215,-96.6992778,11
44708,"Hollywood, FL 33025, USA",32.9,51822,23660,25.9906428,-80.2793593,112
44867,"Oakville, IN 47367, USA",39.8,41250,16255,40.0775267,-85.3917599,0
45005,"Edmeston, NY 13335, USA",41.4,52083,22636,42.7015231,-75.2712393,1
45036,"Prospect Park, PA 19076, USA",36.2,67727,26908,39.885086,-75.3091483,144
45328,"Bellevue, NE 68147, USA",33,53997,22024,41.1775208,-95.9515399,61
45646,"Bryce, UT 84764, USA",27,38750,19698,37.6215335,-112.1549442,1
45684,"Gleason, TN 38229, USA",43.5,36800,19886,36.2334,-88.6144839,2
45780,"Jackson, LA 70748, USA",43,41489,17350,30.8328549,-91.2025207,2
45897,"Ashwood, OR 97711, USA",34.5,27188,12480,44.7135374,-120.6149684,0
46236,"Des Moines, IA 50315, USA",34.4,41793,20989,41.5346558,-93.6116494,55
46312,"Henrico, VA 23228, USA",35.1,44224,23998,37.6164453,-77.4816693,115
46524,"Century, FL 32535, USA",37.8,34107,13066,30.9724762,-87.3711477,0
46617,"Wallace, MI 49893, USA",47.9,59696,27882,45.2932752,-87.6120353,0
46704,"Allardt, TN 38504, USA",38.6,46786,19634,36.3966879,-84.7420032,0
46996,"Sheldon, VT 05483, USA",35.9,65039,24743,46.7387124,-92.2849525,2
47003,"San Lucas, CA 93954, USA",31.8,39167,12520,36.1184726,-120.9589496,0
47232,"Edwards, NY 13635, USA",46,33194,21320,44.2825835,-75.2452318,0
47367,"Greenville, NH 03048, USA",43.6,62321,28864,32.4402155,-91.7290464,5
47393,"Wiconisco, PA 17097, USA",44.6,49904,25655,40.572085,-76.6860267,3
47431,"Dunn Loring, VA 22027, USA",44.9,187768,61580,38.8934705,-77.2203966,196
47434,"Warrenton, OR 97146, USA",40.1,41192,23133,46.1278512,-123.927441,3
47436,"Princeton, IN 47670, USA",39.5,45915,23971,38.3544747,-87.5593613,10
47591,"Mt Vernon, OH 43050, USA",41.9,42576,23495,40.3521894,-82.5185837,11
47670,"Louise, MS 39097, USA",58,26838,17399,33.0100039,-90.5825359,0
47926,"Chualar, CA 93925, USA",32.5,70909,23642,36.5999881,-121.3770336,0
47932,"Hollywood, FL 33029, USA",36.6,88264,30976,25.9839048,-80.4326521,14
47952,"Sapulpa, OK 74066, USA",38.9,44675,22844,35.9980959,-96.1314928,13
47967,"Tonto Basin, AZ 85553, USA",64.6,36442,28245,33.8102795,-111.2368084,0
48084,"Belford, NJ 07718, USA",40.5,87398,36267,29.091596,-98.8632494,6
48191,"Preston, OK 74456, USA",30.6,27750,16345,35.7124995,-95.9918507,2
48221,"San Mateo, FL 32187, USA",46.5,30300,18933,29.5775097,-81.5486728,0
48386,"Hogeland, MT 59529, USA",57.2,115938,70966,48.7645002,-108.7498486,0
48416,"Latham, OH 45646, USA",41.3,82604,28220,39.0791318,-83.3468784,0
48468,"Bethel, CT 06801, USA",40.9,85884,38941,47.3810193,-92.6428514,0
48469,"West Brookfield, MA 01585, USA",45.7,62667,31262,36.8349426,-87.7038181,0
48659,"Cotton Plant, AR 72036, USA",47,22361,13850,35.0101733,-91.2698475,0
48851,"Princeton, NJ 08540, USA",37.5,125439,61810,39.8517785,-106.8455943,0
49036,"Indore, WV 25111, USA",43.4,36417,15064,38.3920732,-81.1526976,0
49048,"Clark, MO 65243, USA",29.3,55885,16802,39.2809755,-92.3427191,1
49058,"Albion, NY 14411, USA",39.9,42967,18461,43.2229834,-78.2476146,5
49080,"Oblong, IL 62449, USA",41.5,46765,25332,39.0104562,-87.8942451,3
49098,"Boaz, AL 35956, USA",40,46844,19615,34.1586286,-86.1141045,11
49112,"Granger, WY 82934, USA",33.1,32450,13016,41.5937675,-109.9973244,0
49234,"Woodridge, NY 12789, USA",37.5,51827,23318,41.6918858,-74.5814773,4
49269,"Winnett, MT 59087, USA",48.3,41250,22816,47.0113803,-108.2242196,0
49411,"Charlotte, NC 28226, USA",41.1,68291,48777,35.1173473,-80.7990185,113
49415,"Buena Vista, PA 15018, USA",44.1,50588,20773,40.286781,-79.7876449,15
49616,"Driscoll, TX 78351, USA",37,36985,16011,27.6654382,-97.7538935,0
49639,"Joint Base Elmendorf-Richardson, AK 99506, USA",22,60753,19565,61.2744031,-149.7871533,10
49781,"Charlotte, NC 28208, USA",32.9,28435,14056,35.212973,-80.9097127,99
49874,"Mountain Ranch, CA 95246, USA",52.8,47379,29646,38.2449553,-120.5048792,0
49893,"Berger, MO 63014, USA",48.4,32188,19712,38.6662286,-91.3469247,1
50002,"Durham, CT 06422, USA",42.5,124179,47679,40.1936997,-105.8514972,1
50201,"East Chicago, IN 46312, USA",29.8,27583,13497,41.6428269,-87.4504888,51
50315,"Wilmette, IL 60091, USA",43.8,129551,67089,42.0805743,-87.7320368,151
50433,"Bismarck, ND 58503, USA",37.3,81341,38377,46.8871785,-100.7209975,17
50525,"Bolivar, NY 14715, USA",40.2,45030,22257,42.0765655,-78.1792434,2
50543,"Princeton, OR 97721, USA",30.7,27321,11412,42.58252,-118.521529,0
51049,"Watervliet, MI 49098, USA",37,42237,18480,42.1549524,-86.2361744,5
51433,"Staten Island, NY 10303, USA",31.1,51537,22077,40.6311444,-74.1739057,174
51448,"Sonora, TX 76950, USA",35.5,53500,27732,30.3776869,-100.5296115,0
52133,"Blytheville, AR 72315, USA",34.4,37044,19837,35.8933774,-89.9066314,15
52141,"Dighton, KS 67839, USA",46.8,49773,30282,38.4456222,-100.3497895,0
52217,"McAdoo, PA 18237, USA",39.1,42140,20172,40.8888417,-75.9985693,13
52315,"Tilton, NH 03276, USA",41.9,58449,25690,32.2819566,-93.785344,2
52320,"Mountain View, CA 94040, USA",35.7,99375,54558,37.3785351,-122.086585,102
52362,"Rose Hill, VA 24281, USA",37.6,22902,15557,36.6591508,-83.3148018,2
52533,"Fork Union, VA 23055, USA",48,59648,21737,37.7788311,-78.2362225,1
52560,"Newhall, IA 52315, USA",42.4,61750,27831,42.0012884,-92.0077316,2
53018,"Pearl City, IL 61062, USA",40.7,60000,26087,42.2755343,-89.8130356,1
53118,"Grover, WY 83122, USA",36.1,83333,28556,42.8218259,-110.9566245,0
53156,"Raywick, KY 40060, USA",44.2,40813,18390,37.5302785,-85.4581859,0
53576,"Parlin, NJ 08859, USA",38.9,79835,35353,42.6960673,26.4123787,22
53588,"Norman Park, GA 31771, USA",32.9,33524,17690,31.2664145,-83.6561215,0
53816,"Naperville, IL 60565, USA",40.8,113581,45408,41.7353591,-88.1193763,129
53936,"Lebanon, OH 45036, USA",36.9,68633,27591,39.445842,-84.2067992,23
54022,"Williamsburg, KY 40769, USA",36.9,27221,14298,36.7434075,-84.1598641,7
54120,"Van Dyne, WI 54979, USA",42.9,65313,26566,43.867169,-88.5081765,3
54151,"Jonesboro, AR 72401, USA",31.6,34819,20130,35.8916172,-90.658333,28
54229,"Adair, IA 50002, USA",41.3,40550,23974,41.5283965,-94.6243751,2
54458,"Cochise, AZ 85606, USA",53.4,27406,17731,32.054524,-109.9020509,0
54524,"Broadview Heights, OH 44147, USA",42.1,76021,37217,41.33031,-81.6802054,63
54733,"White Lake, MI 48386, USA",42.9,74321,33301,42.6489461,-83.4750241,29
54747,"Piscataway Township, NJ 08854, USA",33.2,91164,32262,33.8528941,-109.1824567,0
54822,"Free Soil, MI 49411, USA",47.1,44450,25531,44.0925394,-86.2767995,0
54979,"Townsend, MA 01469, USA",40.4,78985,34037,37.3032872,-82.6466401,2
55060,"Scottsdale, AZ 85250, USA",48.6,59358,39968,33.5243639,-111.8985922,102
55063,"Brown City, MI 48416, USA",38.6,43397,20143,43.2102347,-82.9716617,4
55069,"Schodack Landing, NY 12156, USA",40.5,64107,31616,42.4798662,-73.7360175,9
55342,"Towaco, NJ 07082, USA",45.9,129432,59216,47.9623949,-92.8937893,0
55346,"Newry, PA 16665, USA",43.3,27188,19095,40.3922417,-78.4346936,23
55396,"Murrayville, GA 30564, USA",40.5,64213,23422,34.4762579,-83.8579053,6
55419,"Wyoming, IA 52362, USA",49.1,38359,27973,42.0540378,-91.0011902,3
55433,"Vincennes, IN 47591, USA",37.1,40815,20681,38.605823,-87.5198011,11
55435,"New Richmond, IN 47967, USA",35.5,53462,19191,40.1779663,-86.9924358,1
55735,"Sidney, KY 41564, USA",34.3,41806,16302,37.6143052,-82.3560389,0
55802,"Green Ridge, MO 65332, USA",40.3,40511,18929,38.6247363,-93.3993751,1
55976,"Melville, LA 71353, USA",43.4,26719,19660,30.68885,-91.7441475,1
56289,"Dallas, WI 54733, USA",41.3,50809,23292,45.2653649,-91.8695542,3
56343,"Wakita, OK 73771, USA",48.9,45536,27035,36.9049895,-97.9157099,1
56358,"Nordland, WA 98358, USA",51.6,51146,28010,48.055251,-122.6957073,4
56371,"Auburn, IA 51433, USA",48.3,47500,22422,42.2708877,-94.8728093,0
56453,"Fifield, WI 54524, USA",44.7,43047,24178,45.8462439,-90.4054861,0
56529,"Ridgewood, NY 11385, USA",35,50799,23272,40.6980708,-73.8948295,199
56726,"Los Angeles, CA 90003, USA",26.2,29686,9963,33.9657994,-118.2731269,114
57004,"Gettysburg, OH 45328, USA",30.4,43750,14939,40.1124889,-84.4940315,3
57005,"Palmetto, GA 30268, USA",32.7,47421,22939,33.5272883,-84.7106567,1
57021,"Stanfield, OR 97875, USA",36,55478,22277,45.8063701,-119.1698118,1
57075,"Stout, OH 45684, USA",40.8,47517,18795,38.6432345,-83.1863358,2
57078,"Breckenridge, MO 64625, USA",43.7,36250,20795,39.7340069,-93.8044831,1
57105,"Catharpin, VA 20143, USA",42.8,139938,51051,38.8568373,-77.5676735,21
57219,"Gansevoort, NY 12831, USA",40.3,71393,33481,43.2029076,-73.6771662,1
57315,"Tampa, FL 33614, USA",35.5,35098,18039,28.0133862,-82.5077593,147
57369,"Leechburg, PA 15656, USA",43.9,47658,25820,40.6327659,-79.6277523,15
57429,"Grand Marsh, WI 53936, USA",37.3,44583,13364,43.8382903,-89.7098185,1
57568,"Merrill, OR 97633, USA",36.3,40742,18448,42.0153397,-121.5405251,2
57658,"Albion, RI 02802, USA",37.2,48456,42134,37.7402417,-85.9037566,31
57725,"Eagle Lake, TX 77434, USA",34.2,35105,16735,29.5219585,-96.3438785,1
57785,"White Mills, PA 18473, USA",41.8,50052,27326,41.529045,-75.2143584,20
58075,"McCall, ID 83638, USA",43.3,53850,26119,45.0942822,-115.8980516,0
58259,"Ocate, NM 87734, USA",60.4,42813,19060,36.2069433,-105.0791228,0
58331,"Switchback, WV 24887, USA",14.8,,4526,37.3761297,-81.3793366,0
58369,"Fletcher, NC 28732, USA",40.6,45273,26177,35.4393566,-82.4536115,10
58466,"Kingman, IN 47952, USA",45.5,37232,20271,39.9709267,-87.3214908,2
58494,"Nettleton, MS 38858, USA",39.1,38586,18655,34.1222666,-88.5371958,0
58503,"Peyton, CO 80831, USA",35,81000,31028,38.9458493,-104.5189214,5
58647,"Newport, OR 97366, USA",58.8,53135,36010,44.5772172,-124.053674,10
59087,"Delafield, WI 53018, USA",43.3,94873,42783,43.0373723,-88.3919026,28
59201,"Ogilvie, MN 56358, USA",41.2,49091,20779,45.8325877,-93.464192,0
59453,"Phillipsburg, KS 67661, USA",45.4,40882,23569,39.8554659,-99.2785583,0
59522,"Kissimmee, FL 34744, USA",36.2,45589,19455,28.2923689,-81.3289397,42
59529,"Powers, MI 49874, USA",46.9,35729,19398,45.7436299,-87.4928554,1
59542,"Kings Bay Base, GA 31547, USA",22,45238,24428,30.783719,-81.5514154,12
59743,"Tangier, VA 23440, USA",55.7,40833,20990,37.835345,-75.9898631,0
59752,"Wakpala, SD 57658, USA",33.5,15833,7979,45.6837886,-100.538779,0
59802,"Center Rutland, VT 05736, USA",48.4,56313,36613,29.322153,-98.880571,6
59846,"Wilsondale, WV 25699, USA",42,11875,6104,37.9719124,-82.3343375,0
60018,"Georgetown, TN 37336, USA",44.4,48066,22370,35.3059815,-84.9193082,3
60091,"Springfield, VT 05156, USA",43.6,48872,25574,46.4130632,-113.5408598,0
60137,"Nelsonville, WI 54458, USA",36.5,56389,20718,44.4960026,-89.3099437,4
60305,"Albany, OR 97321, USA",41.1,60271,27961,44.6393041,-123.1323006,24
60421,"Sharon, CT 06069, USA",57,73958,54815,-31.7645555,116.005922,9
60433,"Kodak, TN 37764, USA",41.1,46102,22642,35.9848005,-83.6135572,5
60437,"Winter Park, CO 80482, USA",46.5,61000,39984,39.8486665,-105.8055471,0
60468,"Meadow, TX 79345, USA",41.1,53281,22971,33.3181424,-102.5068597,0
60565,"La Luz, NM 88337, USA",48.1,46996,23700,33.0064888,-105.8642593,0
60622,"Owego, NY 13827, USA",44.2,56025,28315,42.1310032,-76.247912,7
60645,"Cedarville, IL 61013, USA",50.2,55000,27283,42.3717296,-89.6316376,3
61013,"Chicago, IL 60622, USA",31.1,68923,43393,41.9013087,-87.6827676,200
61062,"Danville, AR 72833, USA",36.7,41512,17870,35.0111286,-93.4801349,0
61067,"Jefferson, AR 72079, USA",44.2,34375,20873,34.3891413,-92.1941598,1
61270,"Kenansville, NC 28349, USA",38.3,39057,15572,34.9812417,-77.9053182,4
61604,"Carroll, NE 68723, USA",51.2,59000,25617,42.2844717,-97.2221421,1
61606,"Bennet, NE 68317, USA",40.4,79063,30851,40.6740936,-96.5143087,1
61929,"Youngstown, OH 44510, USA",35.5,13917,9907,41.1280414,-80.6715317,65
62025,"Houston, TX 77031, USA",30.5,39278,17932,29.6558257,-95.5459787,110
62063,"Bergheim, TX 78004, USA",44.7,124592,41737,29.8539024,-98.5336525,0
62330,"Great Bend, KS 67530, USA",39.1,43352,26179,38.3423212,-98.8142264,22
62340,"West Columbia, SC 29170, USA",36.8,56415,25261,33.934921,-81.1526976,16
62373,"Liberty, KS 67351, USA",48.1,84250,30635,37.1353975,-95.551228,0
62449,"Julian, NC 27283, USA",43.4,52015,27215,35.9551354,-79.6389821,0
62613,"Clinton, KY 42031, USA",49.1,32123,18442,36.6699583,-88.9988098,2
62633,"Chalfont, PA 18914, USA",39.4,101522,40247,40.2764064,-75.2128996,71
62673,"Williamsburg, IN 47393, USA",40.4,53698,18472,39.9665432,-85.0129509,0
63014,"Hay Springs, NE 69347, USA",52.6,40250,23501,42.5867186,-102.6675575,0
63030,"Milmay, NJ 08340, USA",42,100250,39030,36.213002,-93.8660913,0
63038,"West Haven, CT 06516, USA",36.9,52353,26602,47.4404243,-92.2283866,0
63039,"Rush City, MN 55069, USA",37.7,54203,20182,45.6951168,-92.9521365,2
63128,"Quincy, MA 02169, USA",38.1,58669,32613,33.348093,-82.0928134,4
63138,"Detroit, MI 48221, USA",39.6,38588,20123,42.4349152,-83.1541796,83
63304,"Fairfield, CT 06824, USA",38.5,128558,60182,47.5096429,-92.6038242,15
63566,"Joelton, TN 37080, USA",44.3,61824,25231,36.3319963,-86.9223432,1
63935,"Mesquite, TX 75149, USA",31.8,47739,19636,32.758351,-96.6103778,51
63951,"Fairfield, NC 27826, USA",49.4,38362,16651,35.5738935,-76.2015572,2
64081,"Dallas City, IL 62330, USA",39.5,39271,20130,40.588868,-91.09694,1
64455,"Red Feather Lakes, CO 80545, USA",61.5,40583,30261,40.8242966,-105.6647142,0
64480,"Sunburg, MN 56289, USA",47.7,57159,26149,45.3482794,-95.2487647,1
64625,"Bellevue, ID 83313, USA",35.4,45168,23296,43.3662171,-114.2796699,0
64639,"Greenbush, ME 04418, USA",42,37955,19692,32.5252467,-95.7474591,0
65017,"Melissa, TX 75454, USA",31.7,87125,29919,33.2774174,-96.5463156,4
65243,"Miami, FL 33129, USA",38.9,54127,41352,25.7564471,-80.2056382,200
65332,"Keene, NY 12942, USA",44.4,42188,24003,44.266991,-73.7767398,1
65729,"Calumet, OK 73014, USA",39.8,58264,26515,35.6172323,-98.1557066,1
65733,"Tolleson, AZ 85353, USA",26.7,50066,16046,33.4169563,-112.274168,24
66052,"Levels, WV 25431, USA",50.5,31161,21822,39.49588,-78.56107,0
66088,"Ozona, TX 76943, USA",40,49643,22163,30.5146701,-101.0711758,0
66507,"Guilford, VT 05301, USA",44.1,49552,28510,46.6782059,-115.609296,0
66614,"Amarillo, TX 79118, USA",34.6,62323,25783,35.1042931,-101.7296049,0
67047,"Elwood, IL 60421, USA",40.1,70485,30466,41.4057538,-88.1096118,2
67351,"Eden Prairie, MN 55346, USA",40.8,100775,46370,44.8814895,-93.4902391,70
67530,"Graham, MO 64455, USA",50.6,43542,25407,40.1808346,-94.9974461,1
67661,"Greenbush, MN 56726, USA",42.2,52235,27445,48.752125,-96.2297999,1
67835,"Parkton, NC 28371, USA",33.6,43365,18333,34.9119197,-78.9966888,8
67839,"Mt Ida, AR 71957, USA",54.9,35445,21459,34.5220817,-93.6015207,2
67849,"Castalia, IA 52133, USA",40.3,66333,26065,43.1141677,-91.6663523,0
68005,"Fall River, KS 67047, USA",52.1,39500,20428,37.6328421,-96.0467429,1
68147,"Tacoma, WA 98409, USA",31.4,46886,21513,47.2019421,-122.4780243,128
68317,"Shenandoah Junction, WV 25442, USA",35,73949,31249,39.371522,-77.8252923,10
68723,"Brandon, SD 57005, USA",34.6,69690,27832,43.6196972,-96.5996963,5
68930,"McLean, VA 22102, USA",40.2,112427,82461,38.9586422,-77.2290193,124
68947,"Richmond, ME 04357, USA",43.4,59961,26571,34.614541,-95.2749613,1
69101,"Montgomery Village, MD 20886, USA",34,77136,35177,39.186097,-77.2002745,84
69130,"Stapleton, NE 69163, USA",50.4,45481,25348,41.5155698,-100.5296115,1
69163,"Bryan, TX 77807, USA",30.2,42154,19089,30.665991,-96.471658,0
69334,"Atlanta, GA 30309, USA",35,71854,66311,33.7971137,-84.3804888,197
69347,"Orfordville, WI 53576, USA",37.9,55893,22504,42.6071661,-89.2277026,1
70748,"Maple Hill, NC 28454, USA",42.6,20711,13553,34.6923643,-77.6307018,0
71031,"Roscoe, MN 56371, USA",52.1,51250,26395,45.4335666,-94.6389975,1
71046,"Sutter, IL 62373, USA",42.2,58382,22406,40.2402022,-91.3083685,0
71331,"Austin, AR 72007, USA",34.7,53125,21845,35.0114278,-91.9979411,19
71340,"Malta, OH 43758, USA",39.5,43438,19770,39.6393367,-81.931657,6
71353,"Bristol, SD 57219, USA",50.1,57574,22913,45.2963479,-97.8048733,1
71405,"Huffman, TX 77336, USA",36,62995,30721,30.0721659,-95.0911062,3
71825,"Laclede, ID 83841, USA",60.8,26618,23912,48.1658871,-116.7578804,0
71834,"Del Rio, TN 37727, USA",49.8,29779,20369,35.9080666,-83.0146526,0
71957,"Cape Elizabeth, ME 04107, USA",48.4,98629,53526,32.161272,-94.928204,0
72007,"Hildreth, NE 68947, USA",45.5,56250,33158,40.2577563,-99.0792263,0
72036,"Manchester, NH 03104, USA",37.6,60468,32130,36.7531922,-85.3976136,3
72039,"Cherry Hill, NJ 08002, USA",39.7,68465,34026,47.3601376,8.5293292,200
72079,"Protem, MO 65733, USA",51.3,33618,16655,36.5288863,-92.8588928,0
72315,"Scranton, PA 18519, USA",41.6,38990,24672,41.4635035,-75.626628,93
72347,"St. Louis, MO 63128, USA",49.1,73440,39328,38.4948766,-90.3842527,96
72401,"Vaughn, WA 98394, USA",39.1,57941,24595,47.3146613,-122.7741913,1
72680,"Staten Island, NY 10309, USA",38.5,86297,35719,40.5265593,-74.223802,110
72722,"Sioux Falls, SD 57105, USA",38.2,52255,30000,43.521619,-96.722641,166
72833,"Millwood, KY 42762, USA",42.3,30500,15664,37.4399698,-86.3934152,0
72856,"Stewartville, MN 55976, USA",37.5,53616,26641,43.8595945,-92.4801989,4
73014,"Boca Raton, FL 33496, USA",54.2,83138,64715,26.4039904,-80.1596041,125
73560,"Freedom, IN 47431, USA",35.6,37500,19556,39.2274015,-86.8922723,0
73673,"Sandy, UT 84093, USA",41,94938,40837,40.596417,-111.8270486,110
73743,"Medora, IL 62063, USA",41.3,54074,25781,39.2166442,-90.1682271,1
73771,"Somerville, MA 02145, USA",33,55487,29355,-33.8173961,150.9481887,200
73951,"Tryon, NC 28782, USA",56.9,46713,28377,35.2542295,-82.116955,4
74066,"Alcolu, SC 29001, USA",36.9,33205,17998,33.7823236,-80.1651854,0
74438,"Nashua, NH 03064, USA",40.6,64026,34045,30.4073242,-91.1021258,134
74456,"Elgin, AZ 85611, USA",53.1,50441,23419,31.672597,-110.4977108,0
74643,"Davis, SD 57021, USA",34.5,81875,28762,43.2616752,-96.974604,0
75149,"Albion, WA 99102, USA",35.4,43977,23766,46.7897474,-117.2503412,0
75454,"Evant, TX 76525, USA",44.9,42750,21032,31.4823544,-98.1557066,1
75457,"Baltic, OH 43804, USA",25.4,36841,12923,40.4514728,-81.7458845,3
75640,"North East, MD 21901, USA",37.3,65951,29821,39.5855017,-75.9579358,8
75783,"McRoberts, KY 41835, USA",50.9,43690,19524,37.2144212,-82.6645469,5
75942,"Lindrith, NM 87029, USA",54.4,29265,28152,36.4560808,-106.9594723,0
76031,"Eden, NC 27288, USA",42.5,33800,18470,36.4919544,-79.7624177,10
76135,"Sterling, OH 44276, USA",40.2,52330,24753,40.9413645,-81.8333656,8
76310,"Egeland, ND 58331, USA",53.5,69792,51149,48.6206058,-99.1062244,0
76373,"Wilkesboro, NC 28697, USA",42.9,39945,25458,36.1365807,-81.229853,17
76377,"Winchester, TN 37398, USA",45.6,43330,24562,35.1747032,-86.1141045,18
76525,"Moraga, CA 94556, USA",47.4,120960,62600,37.8357202,-122.1178261,37
76556,"Keatchie, LA 71046, USA",37.9,41825,23280,32.1366223,-93.9266502,0
76599,"Panama City, FL 32409, USA",41.4,50461,24300,30.3424229,-85.7051116,1
76638,"Wellesley Island, NY 13640, USA",62.8,88125,48388,44.3125911,-75.9908334,4
76706,"Port Hope, MI 48468, USA",55.2,38882,22710,43.9642956,-82.7994194,1
76943,"Randleman, NC 27317, USA",40.5,42295,22432,35.8392781,-79.7960523,6
76950,"Westfield Center, OH 44251, USA",52.6,73021,47881,41.0296799,-81.9302928,9
77031,"Lodi, CA 95240, USA",33.1,41172,19814,38.1484821,-121.1022942,2
77039,"Norway, ME 04268, USA",49.2,38629,21431,33.3178667,-94.6178524,0
77328,"New Bedford, MA 02740, USA",37.4,34259,20649,35.9130399,-98.1210968,0
77336,"Diana, TX 75640, USA",42.8,54423,22459,32.6978203,-94.7070616,1
77373,"St Charles, MO 63304, USA",39.8,85329,35568,38.7036005,-90.6488505,61
77378,"Live Oak, FL 32064, USA",34.4,24090,14169,30.2889718,-82.9985343,7
77434,"Marshfield, VT 05658, USA",41.6,43958,22443,46.606687,-114.584356,0
77520,"Memphis, TN 38152, USA",19.8,,2691,35.1242857,-89.9360705,108
77807,"State Line, PA 17263, USA",47,63430,37458,39.7229767,-77.7246414,23
77880,"Sodus Point, NY 14555, USA",54.9,57500,30559,43.2605563,-76.9815877,2
78004,"Arcola, IN 46704, USA",35.4,31089,13796,41.1036195,-85.2926152,19
78072,"Pontiac, MO 65729, USA",54.1,67350,32609,36.5328999,-92.5842062,0
78122,"Peotone, IL 60468, USA",41.5,75000,30813,41.3200326,-87.7960067,2
78214,"River Forest, IL 60305, USA",41.4,113317,62034,41.8940762,-87.8205864,198
78351,"Olin, IA 52320, USA",46.6,59167,29853,42.0130002,-91.1544963,1
78414,"Tower City, PA 17980, USA",45.3,50240,24934,40.596463,-76.5430429,6
78565,"Thurston, OH 43157, USA",32.6,27614,13239,39.8433948,-82.5496946,5
78611,"Norway, SC 29113, USA",32.1,36875,13381,33.4229886,-81.1306391,0
78742,"Bayamón, 00957, Puerto Rico",37.1,23736,11453,30.7534656,-91.080247,1
78885,"Friendsville, TN 37737, USA",45.7,54405,29839,35.76046,-84.1118458,1
78941,"Finlayson, MN 55735, USA",49,40592,23097,46.2074923,-93.0263934,0
79021,"Chester, MT 59522, USA",49.2,43036,25407,48.5176651,-111.0536023,3
79118,"Ridott, IL 61067, USA",49.6,40726,37925,42.3040907,-89.4836688,0
79345,"Burnettsville, IN 47926, USA",35.9,50469,20121,40.7163401,-86.5905371,1
79416,"Heltonville, IN 47436, USA",42.5,42042,18000,38.963881,-86.4086061,0
79703,"St. Louis, MO 63138, USA",30.3,33691,17488,38.7994436,-90.2057108,17
79705,"Vaughn, NM 88353, USA",26.9,30179,12829,34.5290087,-105.1258955,0
79764,"Clutier, IA 52217, USA",47.8,40625,22426,42.07293,-92.4011124,1
79778,"McEwen, TN 37101, USA",41.1,50398,21198,36.0444297,-87.6383797,2
80482,"Bothell, WA 98012, USA",37.2,88283,39165,47.837259,-122.2155192,121
80545,"Goldonna, LA 71031, USA",49.8,44250,20250,32.0275947,-92.9175955,0
80831,"Los Ebanos, TX 78565, USA",41.3,8611,5960,26.2378647,-98.5583676,2
81087,"The Plains, OH 45780, USA",41,33892,17139,39.3676641,-82.1305609,15
82327,"Farson, WY 82932, USA",35.9,91115,40005,42.1543456,-109.4259114,0
82932,"Marysville, WA 98270, USA",35.2,65130,26833,48.0563616,-122.1492224,40
82934,"Linville, VA 22834, USA",38.6,40357,30224,38.5503911,-78.8722341,1
83122,"Athens, IL 62613, USA",37.8,60284,28806,40.0013284,-89.6816208,1
83313,"Lynn Haven, FL 32444, USA",40.2,61233,28643,30.2371159,-85.6537627,34
83634,"Piney Creek, NC 28663, USA",39.6,36000,20294,36.5401134,-81.3069315,0
83638,"Easton, PA 18042, USA",35.2,45441,23227,40.6551234,-75.2128996,55
83830,"Duluth, MN 55802, USA",59.5,24674,31860,46.7534028,-92.0681618,44
83841,"Houston, TX 77039, USA",27.2,38167,12255,29.9068387,-95.3363951,34
83849,"Fenwick Island, DE 19944, USA",63.7,62000,56948,38.4656784,-75.0552739,12
84020,"Clarion, IA 50525, USA",42.2,39200,25499,42.7624458,-93.7841503,5
84072,"Seville, OH 44273, USA",44.5,65368,30043,41.0123359,-81.8442934,13
84093,"Mcveytown, PA 17051, USA",42.6,43234,19984,40.4491629,-77.7680952,1
84116,"Waco, TX 76706, USA",22.6,26398,14613,31.456042,-97.0713572,1
84118,"Richmond, VA 23219, USA",25.4,19231,24403,37.5410261,-77.4386429,112
84764,"Callicoon, NY 12723, USA",43.2,58102,25249,41.7682361,-75.0026972,5
85233,"Lee's Summit, MO 64081, USA",41.3,76684,35039,38.9119463,-94.4136213,63
85250,"Fort Irwin, CA 92310, USA",22.7,49778,19066,35.2682707,-116.7142835,2
85262,"Guys, TN 38339, USA",40.5,44500,21109,35.0627165,-88.5081765,1
85353,"Fairfax, VT 05454, USA",38.7,74911,31192,47.3956791,8.3486479,66
85383,"Lanesville, NY 12450, USA",58.7,22200,20052,42.127653,-74.2296713,0
85553,"Michigan, ND 58259, USA",54.1,48295,31803,48.0513919,-98.1299519,1
85606,"Honolulu, HI 96818, USA",31.3,70850,26894,21.34853,-157.9583246,45
85611,"Benton, KY 42025, USA",43.2,42310,21348,36.8138037,-88.362785,10
85743,"West College Corner, IN 47003, USA",41,39519,19997,39.5221256,-84.8411536,10
86507,"Pineville, SC 29468, USA",43.8,19663,28526,33.4205299,-80.0758425,0
87029,"Osburn, ID 83849, USA",49,37946,22393,47.5379603,-115.9890696,3
87528,"Cooperstown, NY 13326, USA",50.4,57375,35094,42.7284259,-74.8974925,8
87583,"Big Creek, CA 93605, USA",49.2,84375,34293,37.1890642,-119.2437011,0
87734,"Clatskanie, OR 97016, USA",45.6,57153,25154,46.0522259,-123.2831436,0
88321,"Cleveland, OH 44143, USA",48.5,60265,34714,41.5544029,-81.4828198,111
88337,"Toledo, WA 98591, USA",49,50488,24795,46.4642769,-122.7398348,0
88353,"Woodlawn, TN 37191, USA",39.3,63393,28185,36.5197091,-87.5593613,0
89316,"Olustee, OK 73560, USA",26.9,28942,17101,34.5193245,-99.4339343,0
90003,"Villanueva, NM 87583, USA",60.4,4955,5947,35.2256813,-105.3248269,0
90210,"Pownal, VT 05261, USA",45,56667,25144,35.7259928,-93.5498888,0
90302,"Hancock, MD 21750, USA",38.6,47857,21608,39.6931059,-78.2703951,2
91207,"Damascus, AR 72039, USA",40.8,33857,19838,35.3440282,-92.4406387,2
91405,"Oakford, IL 62673, USA",35.9,60179,19800,40.0940561,-89.9720133,0
92111,"Lick Creek, KY 41540, USA",40.2,62672,24235,37.3845617,-82.3289111,3
92115,"Avon, SD 57315, USA",40.3,44813,21359,42.9871112,-98.068343,1
92252,"Broomes Island, MD 20615, USA",43.4,114375,43920,38.4132166,-76.5546031,2
92285,"Liberty, NC 27298, USA",45.4,43097,23966,35.874799,-79.582819,4
92310,"North Pomfret, VT 05053, USA",56.1,70227,39193,33.0536882,-89.4169995,0
92392,"Odessa, TX 79764, USA",34.2,50556,21883,31.8840886,-102.4953899,0
92543,"Santa Isabel, 00757, Puerto Rico",34.3,18033,9412,30.5177349,-92.4888303,8
92843,"Lamont, OK 74643, USA",39.5,43214,22991,36.6706849,-97.5680595,1
93428,"Hanna, WY 82327, USA",39.8,34531,22759,42.1409889,-106.676292,0
93545,"Williamsfield, OH 44093, USA",37.8,32344,20559,41.5267526,-80.621591,2
93605,"Beverly Hills, CA 90210, USA",46.4,132254,111364,6.5858886,100.9354944,4
93637,"Glendale, CA 91207, USA",45.6,91005,47259,34.1893001,-118.2702036,146
93925,"Franklin, TN 37067, USA",37.6,95155,45675,35.9046545,-86.7718017,76
93954,"Platte, SD 57369, USA",47.7,46196,23758,43.400581,-98.9687011,0
94040,"Williamstown, OH 45897, USA",45.3,,8999,40.8402988,-83.66144,3
94539,"Racine, WV 25165, USA",41.1,49886,24418,38.1513972,-81.6528219,1
94556,"Franklin, OH 45005, USA",40.5,52016,24292,39.543358,-84.3016021,47
95008,"Sand Point, AK 99661, USA",39.6,71250,27423,55.2693058,-160.6748964,0
95051,"Ashburnham, MA 01430, USA",42.4,83532,34454,36.448913,-78.578365,0
95237,"Leesville, TX 78122, USA",56.6,30610,20433,29.4165096,-97.6873706,0
95240,"Dougherty, IA 50433, USA",45.4,55781,41122,42.920982,-93.0375914,1
95246,"Missoula, MT 59802, USA",33,37931,25060,46.9539821,-113.9120099,0
96084,"Raymond, NH 03077, USA",39.5,61488,27774,30.2251986,-93.3593315,20
96783,"Woodbridge, VA 22191, USA",30.9,79198,31401,38.6317233,-77.2520101,57
96818,"Phillipsport, NY 12769, USA",50.2,48750,29437,41.6431129,-74.4481662,0
97016,"Freeland, MD 21053, USA",45.5,90361,36118,39.6970138,-76.7221082,7
97022,"Lyons, MI 48851, USA",36.5,53704,22288,42.9652441,-84.9193082,1
97146,"Sterling, CT 06377, USA",38.5,71509,28464,46.9614316,8.5753299,17
97229,"Encino, NM 88321, USA",57.4,27054,31962,34.7032677,-105.4536718,0
97321,"Ransomville, NY 14131, USA",47.9,57500,27970,43.2320594,-78.9061921,1
97366,"Round Mountain, CA 96084, USA",55,31897,23506,40.9048101,-122.0229676,0
97389,"Slemp, KY 41763, USA",41.6,36827,16535,37.0495523,-83.1166438,0
97396,"Adamsville, AL 35005, USA",38.2,46059,21273,33.6047446,-87.0424393,2
97633,"Salt Lake City, UT 84116, USA",29.2,42235,15888,40.8038325,-112.0237903,7
97711,"Minneapolis, MN 55419, USA",36.8,94177,49251,44.9061358,-93.2885455,162
97721,"Rankin, TX 79778, USA",44.6,61806,28706,31.1870316,-101.9119871,1
97875,"Liberty, PA 16930, USA",41,44934,20611,41.5701913,-77.1255055,1
98012,"Hitchita, OK 74438, USA",31.6,46875,14888,35.5198866,-95.7513494,0
98051,"Martinsburg, WV 25401, USA",34.7,36600,21158,39.4529363,-77.9681544,32
98106,"Mt Hope, WI 53816, USA",33.4,44375,18813,42.9580239,-90.8484524,1
98270,"Sand Gap, AR 72856, USA",52.1,31016,24773,35.7781087,-93.0676373,0
98358,"Philpot, KY 42366, USA",43.2,63170,26182,37.7060405,-86.9624086,0
98362,"Fence, WI 54120, USA",53.5,31250,19959,45.7217009,-88.3800868,0
98394,"Harborton, VA 23389, USA",73.3,,13575,37.6502818,-75.8388698,0
98409,"Byfield, MA 01922, USA",44.4,109301,40983,38.3035226,-85.0085446,1
98591,"Koyuk, AK 99753, USA",19.9,28333,8987,64.9424911,-161.1275809,0
99102,"Dysart, PA 16636, USA",47.6,42303,21236,40.594001,-78.4865602,0
99506,"Santa Clara, CA 95051, USA",36.1,100504,43487,37.3598283,-121.9814354,176
99661,"Minneapolis, MN 55433, USA",36.3,59258,27493,45.1670628,-93.3132624,64
99737,"Milano, TX 76556, USA",50.7,39375,21201,30.6897762,-96.8994495,0
99753,"Niagara Falls, NY 14304, USA",44.7,47878,25791,43.0939533,-78.9627624,20