[
    {
        "latitude": 56.34,
        "longitude": -114.539,
        "acq_date": "2020-01-01",
        "acq_time": "1835",
        "daynight": "D",
        "instrument": "MODIS",
        "track": 1.1,
        "frp": 36,
        "scan": 1.2,
        "version": "6.0NRT",
        "satellite": "Terra",
        "brightness": 324.3,
        "confidence": "0",
        "bright_t31": 268.8
    },
    {
        "latitude": 55.23,
        "longitude": -115.774,
        "acq_date": "2020-01-04",
        "acq_time": "1910",
        "daynight": "D",
        "instrument": "MODIS",
        "track": 1,
        "frp": 13.3,
        "scan": 1.1,
        "version": "6.0NRT",
        "satellite": "Terra",
        "brightness": 306,
        "confidence": "62",
        "bright_t31": 271.2
    },
    {
        "latitude": 55.696,
        "longitude": -115.849,
        "acq_date": "2020-01-04",
        "acq_time": "1910",
        "daynight": "D",
        "instrument": "MODIS",
        "track": 1,
        "frp": 32,
        "scan": 1,
        "version": "6.0NRT",
        "satellite": "Terra",
        "brightness": 326.5,
        "confidence": "84",
        "bright_t31": 269.3
    },
    {
        "latitude": 55.699,
        "longitude": -115.865,
        "acq_date": "2020-01-04",
        "acq_time": "1910",
        "daynight": "D",
        "instrument": "MODIS",
        "track": 1,
        "frp": 10.2,
        "scan": 1,
        "version": "6.0NRT",
        "satellite": "Terra",
        "brightness": 301.2,
        "confidence": "45",
        "bright_t31": 268.4
    },
    {
        "latitude": 49.42,
        "longitude": -115.528,
        "acq_date": "2020-01-04",
        "acq_time": "2055",
        "daynight": "D",
        "instrument": "MODIS",
        "track": 1.1,
        "frp": 19.3,
        "scan": 1.2,
        "version": "6.0NRT",
        "satellite": "Aqua",
        "brightness": 308.2,
        "confidence": "67",
        "bright_t31": 270.4
    },
    {
        "latitude": 51.737,
        "longitude": -121.393,
        "acq_date": "2020-01-04",
        "acq_time": "2055",
        "daynight": "D",
        "instrument": "MODIS",
        "track": 1,
        "frp": 13.1,
        "scan": 1,
        "version": "6.0NRT",
        "satellite": "Aqua",
        "brightness": 306.6,
        "confidence": "52",
        "bright_t31": 270.1
    },
    {
        "latitude": 55.38,
        "longitude": -112.871,
        "acq_date": "2020-01-04",
        "acq_time": "2055",
        "daynight": "D",
        "instrument": "MODIS",
        "track": 1.4,
        "frp": 29.8,
        "scan": 1.9,
        "version": "6.0NRT",
        "satellite": "Aqua",
        "brightness": 303,
        "confidence": "0",
        "bright_t31": 265.9
    },
    {
        "latitude": 50.127,
        "longitude": -96.345,
        "acq_date": "2020-01-06",
        "acq_time": "1720",
        "daynight": "D",
        "instrument": "MODIS",
        "track": 1.1,
        "frp": 20.2,
        "scan": 1.1,
        "version": "6.0NRT",
        "satellite": "Terra",
        "brightness": 310.9,
        "confidence": "0",
        "bright_t31": 265
    },
    {
        "latitude": 53.184,
        "longitude": -117.071,
        "acq_date": "2020-01-06",
        "acq_time": "2045",
        "daynight": "D",
        "instrument": "MODIS",
        "track": 1,
        "frp": 0,
        "scan": 1,
        "version": "6.0NRT",
        "satellite": "Aqua",
        "brightness": 362.9,
        "confidence": "92",
        "bright_t31": 266.7
    },
    {
        "latitude": 53.442,
        "longitude": -117.422,
        "acq_date": "2020-01-06",
        "acq_time": "2045",
        "daynight": "D",
        "instrument": "MODIS",
        "track": 1,
        "frp": 24.2,
        "scan": 1,
        "version": "6.0NRT",
        "satellite": "Aqua",
        "brightness": 319.9,
        "confidence": "54",
        "bright_t31": 266.4
    },
    {
        "latitude": 53.98,
        "longitude": -116.553,
        "acq_date": "2020-01-06",
        "acq_time": "2045",
        "daynight": "D",
        "instrument": "MODIS",
        "track": 1,
        "frp": 0,
        "scan": 1.1,
        "version": "6.0NRT",
        "satellite": "Aqua",
        "brightness": 364.7,
        "confidence": "94",
        "bright_t31": 265.6
    },
    {
        "latitude": 42.434,
        "longitude": -82.136,
        "acq_date": "2020-01-07",
        "acq_time": "1625",
        "daynight": "D",
        "instrument": "MODIS",
        "track": 1,
        "frp": 17.5,
        "scan": 1,
        "version": "6.0NRT",
        "satellite": "Terra",
        "brightness": 314.9,
        "confidence": "75",
        "bright_t31": 275.9
    },
    {
        "latitude": 49.14,
        "longitude": -118.572,
        "acq_date": "2020-01-09",
        "acq_time": "2115",
        "daynight": "D",
        "instrument": "MODIS",
        "track": 1.2,
        "frp": 27.6,
        "scan": 1.4,
        "version": "6.0NRT",
        "satellite": "Aqua",
        "brightness": 310.3,
        "confidence": "0",
        "bright_t31": 265.8
    },
    {
        "latitude": 42.801,
        "longitude": -80.103,
        "acq_date": "2020-01-14",
        "acq_time": "1810",
        "daynight": "D",
        "instrument": "MODIS",
        "track": 1,
        "frp": 9.6,
        "scan": 1.1,
        "version": "6.0NRT",
        "satellite": "Aqua",
        "brightness": 302.6,
        "confidence": "0",
        "bright_t31": 280.3
    },
    {
        "latitude": 52.938,
        "longitude": -123.381,
        "acq_date": "2020-01-20",
        "acq_time": "2055",
        "daynight": "D",
        "instrument": "MODIS",
        "track": 1,
        "frp": 22.6,
        "scan": 1,
        "version": "6.0NRT",
        "satellite": "Aqua",
        "brightness": 319.4,
        "confidence": "75",
        "bright_t31": 274.8
    },
    {
        "latitude": 51.661,
        "longitude": -121.55,
        "acq_date": "2020-01-20",
        "acq_time": "2055",
        "daynight": "D",
        "instrument": "MODIS",
        "track": 1,
        "frp": 25.7,
        "scan": 1,
        "version": "6.0NRT",
        "satellite": "Aqua",
        "brightness": 323.9,
        "confidence": "83",
        "bright_t31": 274.9
    },
    {
        "latitude": 51.67,
        "longitude": -121.554,
        "acq_date": "2020-01-20",
        "acq_time": "2055",
        "daynight": "D",
        "instrument": "MODIS",
        "track": 1,
        "frp": 22.6,
        "scan": 1,
        "version": "6.0NRT",
        "satellite": "Aqua",
        "brightness": 321,
        "confidence": "81",
        "bright_t31": 274.6
    },
    {
        "latitude": 52.103,
        "longitude": -121.891,
        "acq_date": "2020-01-20",
        "acq_time": "2055",
        "daynight": "D",
        "instrument": "MODIS",
        "track": 1,
        "frp": 8.5,
        "scan": 1,
        "version": "6.0NRT",
        "satellite": "Aqua",
        "brightness": 301.1,
        "confidence": "33",
        "bright_t31": 275.9
    },
    {
        "latitude": 52.935,
        "longitude": -123.396,
        "acq_date": "2020-01-20",
        "acq_time": "2055",
        "daynight": "D",
        "instrument": "MODIS",
        "track": 1,
        "frp": 24.2,
        "scan": 1,
        "version": "6.0NRT",
        "satellite": "Aqua",
        "brightness": 320.8,
        "confidence": "76",
        "bright_t31": 275.2
    },
    {
        "latitude": 52.947,
        "longitude": -123.375,
        "acq_date": "2020-01-20",
        "acq_time": "2055",
        "daynight": "D",
        "instrument": "MODIS",
        "track": 1,
        "frp": 11,
        "scan": 1,
        "version": "6.0NRT",
        "satellite": "Aqua",
        "brightness": 303.5,
        "confidence": "49",
        "bright_t31": 274.6
    },
    {
        "latitude": 56.256,
        "longitude": -121.971,
        "acq_date": "2020-01-21",
        "acq_time": "0620",
        "daynight": "N",
        "instrument": "MODIS",
        "track": 1.3,
        "frp": 54.2,
        "scan": 1.7,
        "version": "6.0NRT",
        "satellite": "Terra",
        "brightness": 321.3,
        "confidence": "100",
        "bright_t31": 267.1
    },
    {
        "latitude": 56.264,
        "longitude": -121.978,
        "acq_date": "2020-01-21",
        "acq_time": "0620",
        "daynight": "N",
        "instrument": "MODIS",
        "track": 1.3,
        "frp": 34.3,
        "scan": 1.7,
        "version": "6.0NRT",
        "satellite": "Terra",
        "brightness": 310.6,
        "confidence": "80",
        "bright_t31": 267.6
    },
    {
        "latitude": 52.669,
        "longitude": -115.515,
        "acq_date": "2020-01-21",
        "acq_time": "1815",
        "daynight": "D",
        "instrument": "MODIS",
        "track": 1.4,
        "frp": 61.6,
        "scan": 2,
        "version": "6.0NRT",
        "satellite": "Terra",
        "brightness": 317.6,
        "confidence": "68",
        "bright_t31": 267.8
    },
    {
        "latitude": 52.667,
        "longitude": -115.485,
        "acq_date": "2020-01-21",
        "acq_time": "1815",
        "daynight": "D",
        "instrument": "MODIS",
        "track": 1.4,
        "frp": 74.3,
        "scan": 2,
        "version": "6.0NRT",
        "satellite": "Terra",
        "brightness": 322.3,
        "confidence": "71",
        "bright_t31": 268.1
    },
    {
        "latitude": 53.854,
        "longitude": -107.27,
        "acq_date": "2020-01-21",
        "acq_time": "2000",
        "daynight": "D",
        "instrument": "MODIS",
        "track": 1,
        "frp": 97.6,
        "scan": 1,
        "version": "6.0NRT",
        "satellite": "Aqua",
        "brightness": 361.8,
        "confidence": "100",
        "bright_t31": 275.3
    },
    {
        "latitude": 53.852,
        "longitude": -107.285,
        "acq_date": "2020-01-21",
        "acq_time": "2000",
        "daynight": "D",
        "instrument": "MODIS",
        "track": 1,
        "frp": 36.9,
        "scan": 1,
        "version": "6.0NRT",
        "satellite": "Aqua",
        "brightness": 332,
        "confidence": "88",
        "bright_t31": 272.9
    },
    {
        "latitude": 53.338,
        "longitude": -116.577,
        "acq_date": "2020-01-21",
        "acq_time": "2000",
        "daynight": "D",
        "instrument": "MODIS",
        "track": 1.3,
        "frp": 42.7,
        "scan": 1.7,
        "version": "6.0NRT",
        "satellite": "Aqua",
        "brightness": 314.9,
        "confidence": "59",
        "bright_t31": 268.5
    },
    {
        "latitude": 54.881,
        "longitude": -119.54,
        "acq_date": "2020-01-22",
        "acq_time": "1855",
        "daynight": "D",
        "instrument": "MODIS",
        "track": 1.1,
        "frp": 14.1,
        "scan": 1.2,
        "version": "6.0NRT",
        "satellite": "Terra",
        "brightness": 304.5,
        "confidence": "56",
        "bright_t31": 268.9
    },
    {
        "latitude": 54.017,
        "longitude": -118.633,
        "acq_date": "2020-01-22",
        "acq_time": "1855",
        "daynight": "D",
        "instrument": "MODIS",
        "track": 1,
        "frp": 23.5,
        "scan": 1.1,
        "version": "6.0NRT",
        "satellite": "Terra",
        "brightness": 317.4,
        "confidence": "78",
        "bright_t31": 268.3
    },
    {
        "latitude": 53.509,
        "longitude": -116.32,
        "acq_date": "2020-01-22",
        "acq_time": "1855",
        "daynight": "D",
        "instrument": "MODIS",
        "track": 1,
        "frp": 26.3,
        "scan": 1,
        "version": "6.0NRT",
        "satellite": "Terra",
        "brightness": 325.6,
        "confidence": "22",
        "bright_t31": 268.3
    },
    {
        "latitude": 53.5,
        "longitude": -116.323,
        "acq_date": "2020-01-22",
        "acq_time": "1855",
        "daynight": "D",
        "instrument": "MODIS",
        "track": 1,
        "frp": 19.6,
        "scan": 1,
        "version": "6.0NRT",
        "satellite": "Terra",
        "brightness": 318.4,
        "confidence": "38",
        "bright_t31": 267.4
    },
    {
        "latitude": 53.487,
        "longitude": -116.297,
        "acq_date": "2020-01-22",
        "acq_time": "1855",
        "daynight": "D",
        "instrument": "MODIS",
        "track": 1,
        "frp": 23.4,
        "scan": 1,
        "version": "6.0NRT",
        "satellite": "Terra",
        "brightness": 322,
        "confidence": "55",
        "bright_t31": 268.1
    },
    {
        "latitude": 53.396,
        "longitude": -117.289,
        "acq_date": "2020-01-22",
        "acq_time": "1855",
        "daynight": "D",
        "instrument": "MODIS",
        "track": 1,
        "frp": 13.7,
        "scan": 1,
        "version": "6.0NRT",
        "satellite": "Terra",
        "brightness": 307.5,
        "confidence": "66",
        "bright_t31": 272.1
    },
    {
        "latitude": 53.394,
        "longitude": -117.274,
        "acq_date": "2020-01-22",
        "acq_time": "1855",
        "daynight": "D",
        "instrument": "MODIS",
        "track": 1,
        "frp": 12.9,
        "scan": 1,
        "version": "6.0NRT",
        "satellite": "Terra",
        "brightness": 306.4,
        "confidence": "63",
        "bright_t31": 272.2
    },
    {
        "latitude": 53.48,
        "longitude": -116.321,
        "acq_date": "2020-01-22",
        "acq_time": "2045",
        "daynight": "D",
        "instrument": "MODIS",
        "track": 1,
        "frp": 26,
        "scan": 1.1,
        "version": "6.0NRT",
        "satellite": "Aqua",
        "brightness": 323.5,
        "confidence": "46",
        "bright_t31": 272.6
    },
    {
        "latitude": 52.124,
        "longitude": -115.209,
        "acq_date": "2020-01-22",
        "acq_time": "2045",
        "daynight": "D",
        "instrument": "MODIS",
        "track": 1,
        "frp": 14.7,
        "scan": 1.1,
        "version": "6.0NRT",
        "satellite": "Aqua",
        "brightness": 307.4,
        "confidence": "58",
        "bright_t31": 273.5
    },
    {
        "latitude": 52.589,
        "longitude": -115.932,
        "acq_date": "2020-01-22",
        "acq_time": "2045",
        "daynight": "D",
        "instrument": "MODIS",
        "track": 1,
        "frp": 20.5,
        "scan": 1.1,
        "version": "6.0NRT",
        "satellite": "Aqua",
        "brightness": 315,
        "confidence": "71",
        "bright_t31": 272.6
    },
    {
        "latitude": 52.944,
        "longitude": -115.293,
        "acq_date": "2020-01-22",
        "acq_time": "2045",
        "daynight": "D",
        "instrument": "MODIS",
        "track": 1,
        "frp": 13.8,
        "scan": 1.1,
        "version": "6.0NRT",
        "satellite": "Aqua",
        "brightness": 305.2,
        "confidence": "57",
        "bright_t31": 271
    },
    {
        "latitude": 53.474,
        "longitude": -116.312,
        "acq_date": "2020-01-22",
        "acq_time": "2045",
        "daynight": "D",
        "instrument": "MODIS",
        "track": 1,
        "frp": 14,
        "scan": 1.1,
        "version": "6.0NRT",
        "satellite": "Aqua",
        "brightness": 309.9,
        "confidence": "45",
        "bright_t31": 272.2
    },
    {
        "latitude": 53.482,
        "longitude": -116.305,
        "acq_date": "2020-01-22",
        "acq_time": "2045",
        "daynight": "D",
        "instrument": "MODIS",
        "track": 1,
        "frp": 52.3,
        "scan": 1.1,
        "version": "6.0NRT",
        "satellite": "Aqua",
        "brightness": 341,
        "confidence": "85",
        "bright_t31": 273.3
    },
    {
        "latitude": 53.5,
        "longitude": -116.312,
        "acq_date": "2020-01-22",
        "acq_time": "2045",
        "daynight": "D",
        "instrument": "MODIS",
        "track": 1,
        "frp": 15.6,
        "scan": 1.1,
        "version": "6.0NRT",
        "satellite": "Aqua",
        "brightness": 311.7,
        "confidence": "52",
        "bright_t31": 271.3
    },
    {
        "latitude": 53.499,
        "longitude": -116.327,
        "acq_date": "2020-01-22",
        "acq_time": "2045",
        "daynight": "D",
        "instrument": "MODIS",
        "track": 1,
        "frp": 17,
        "scan": 1.1,
        "version": "6.0NRT",
        "satellite": "Aqua",
        "brightness": 313.5,
        "confidence": "58",
        "bright_t31": 271.5
    },
    {
        "latitude": 53.386,
        "longitude": -117.284,
        "acq_date": "2020-01-22",
        "acq_time": "2045",
        "daynight": "D",
        "instrument": "MODIS",
        "track": 1,
        "frp": 14.7,
        "scan": 1,
        "version": "6.0NRT",
        "satellite": "Aqua",
        "brightness": 309.4,
        "confidence": "68",
        "bright_t31": 272.9
    },
    {
        "latitude": 54.247,
        "longitude": -116.026,
        "acq_date": "2020-01-22",
        "acq_time": "2045",
        "daynight": "D",
        "instrument": "MODIS",
        "track": 1,
        "frp": 32.7,
        "scan": 1.1,
        "version": "6.0NRT",
        "satellite": "Aqua",
        "brightness": 325,
        "confidence": "79",
        "bright_t31": 269.3
    },
    {
        "latitude": 54.245,
        "longitude": -116.042,
        "acq_date": "2020-01-22",
        "acq_time": "2045",
        "daynight": "D",
        "instrument": "MODIS",
        "track": 1,
        "frp": 28.3,
        "scan": 1.1,
        "version": "6.0NRT",
        "satellite": "Aqua",
        "brightness": 321.3,
        "confidence": "76",
        "bright_t31": 269.6
    },
    {
        "latitude": 54.007,
        "longitude": -118.64,
        "acq_date": "2020-01-22",
        "acq_time": "2045",
        "daynight": "D",
        "instrument": "MODIS",
        "track": 1,
        "frp": 18.7,
        "scan": 1,
        "version": "6.0NRT",
        "satellite": "Aqua",
        "brightness": 314.7,
        "confidence": "75",
        "bright_t31": 269.8
    },
    {
        "latitude": 54.018,
        "longitude": -118.628,
        "acq_date": "2020-01-22",
        "acq_time": "2045",
        "daynight": "D",
        "instrument": "MODIS",
        "track": 1,
        "frp": 42.1,
        "scan": 1,
        "version": "6.0NRT",
        "satellite": "Aqua",
        "brightness": 335.9,
        "confidence": "85",
        "bright_t31": 271.2
    },
    {
        "latitude": 54.965,
        "longitude": -115.504,
        "acq_date": "2020-01-22",
        "acq_time": "2045",
        "daynight": "D",
        "instrument": "MODIS",
        "track": 1.1,
        "frp": 78.8,
        "scan": 1.1,
        "version": "6.0NRT",
        "satellite": "Aqua",
        "brightness": 348.2,
        "confidence": "95",
        "bright_t31": 273.4
    },
    {
        "latitude": 55.478,
        "longitude": -114.194,
        "acq_date": "2020-01-22",
        "acq_time": "2045",
        "daynight": "D",
        "instrument": "MODIS",
        "track": 1.1,
        "frp": 18.2,
        "scan": 1.3,
        "version": "6.0NRT",
        "satellite": "Aqua",
        "brightness": 305.2,
        "confidence": "0",
        "bright_t31": 265.1
    },
    {
        "latitude": 54.882,
        "longitude": -119.554,
        "acq_date": "2020-01-22",
        "acq_time": "2045",
        "daynight": "D",
        "instrument": "MODIS",
        "track": 1,
        "frp": 20.6,
        "scan": 1,
        "version": "6.0NRT",
        "satellite": "Aqua",
        "brightness": 317.5,
        "confidence": "78",
        "bright_t31": 271.9
    },
    {
        "latitude": 55.647,
        "longitude": -114.043,
        "acq_date": "2020-01-22",
        "acq_time": "2045",
        "daynight": "D",
        "instrument": "MODIS",
        "track": 1.1,
        "frp": 99.1,
        "scan": 1.3,
        "version": "6.0NRT",
        "satellite": "Aqua",
        "brightness": 350.8,
        "confidence": "96",
        "bright_t31": 270.9
    },
    {
        "latitude": 55.674,
        "longitude": -114.056,
        "acq_date": "2020-01-22",
        "acq_time": "2045",
        "daynight": "D",
        "instrument": "MODIS",
        "track": 1.1,
        "frp": 101.6,
        "scan": 1.3,
        "version": "6.0NRT",
        "satellite": "Aqua",
        "brightness": 351.4,
        "confidence": "96",
        "bright_t31": 271.3
    },
    {
        "latitude": 55.672,
        "longitude": -114.076,
        "acq_date": "2020-01-22",
        "acq_time": "2045",
        "daynight": "D",
        "instrument": "MODIS",
        "track": 1.1,
        "frp": 40.6,
        "scan": 1.3,
        "version": "6.0NRT",
        "satellite": "Aqua",
        "brightness": 326.2,
        "confidence": "62",
        "bright_t31": 269.3
    },
    {
        "latitude": 56.271,
        "longitude": -122.166,
        "acq_date": "2020-01-22",
        "acq_time": "2045",
        "daynight": "D",
        "instrument": "MODIS",
        "track": 1,
        "frp": 68.5,
        "scan": 1,
        "version": "6.0NRT",
        "satellite": "Aqua",
        "brightness": 349.5,
        "confidence": "96",
        "bright_t31": 272.7
    },
    {
        "latitude": 56.278,
        "longitude": -122.175,
        "acq_date": "2020-01-22",
        "acq_time": "2045",
        "daynight": "D",
        "instrument": "MODIS",
        "track": 1,
        "frp": 25.9,
        "scan": 1,
        "version": "6.0NRT",
        "satellite": "Aqua",
        "brightness": 321.3,
        "confidence": "81",
        "bright_t31": 271.2
    },
    {
        "latitude": 55.65,
        "longitude": -114.054,
        "acq_date": "2020-01-23",
        "acq_time": "0430",
        "daynight": "N",
        "instrument": "MODIS",
        "track": 1.4,
        "frp": 42.2,
        "scan": 2.1,
        "version": "6.0NRT",
        "satellite": "Terra",
        "brightness": 308.7,
        "confidence": "75",
        "bright_t31": 267.5
    },
    {
        "latitude": 56.255,
        "longitude": -121.972,
        "acq_date": "2020-01-23",
        "acq_time": "0610",
        "daynight": "N",
        "instrument": "MODIS",
        "track": 1.1,
        "frp": 0,
        "scan": 1.3,
        "version": "6.0NRT",
        "satellite": "Terra",
        "brightness": 325.5,
        "confidence": "95",
        "bright_t31": 265
    },
    {
        "latitude": 56.253,
        "longitude": -121.993,
        "acq_date": "2020-01-23",
        "acq_time": "0610",
        "daynight": "N",
        "instrument": "MODIS",
        "track": 1.1,
        "frp": 0,
        "scan": 1.3,
        "version": "6.0NRT",
        "satellite": "Terra",
        "brightness": 324.3,
        "confidence": "94",
        "bright_t31": 265.9
    },
    {
        "latitude": 56.807,
        "longitude": -122.319,
        "acq_date": "2020-01-23",
        "acq_time": "1940",
        "daynight": "D",
        "instrument": "MODIS",
        "track": 1,
        "frp": 115.9,
        "scan": 1.1,
        "version": "6.0NRT",
        "satellite": "Terra",
        "brightness": 364.6,
        "confidence": "0",
        "bright_t31": 268.7
    },
    {
        "latitude": 53.244,
        "longitude": -123.802,
        "acq_date": "2020-01-23",
        "acq_time": "2125",
        "daynight": "D",
        "instrument": "MODIS",
        "track": 1.1,
        "frp": 29.3,
        "scan": 1.3,
        "version": "6.0NRT",
        "satellite": "Aqua",
        "brightness": 316.1,
        "confidence": "58",
        "bright_t31": 273.3
    },
    {
        "latitude": 56.087,
        "longitude": -122.514,
        "acq_date": "2020-01-24",
        "acq_time": "0515",
        "daynight": "N",
        "instrument": "MODIS",
        "track": 1.2,
        "frp": 19.9,
        "scan": 1.6,
        "version": "6.0NRT",
        "satellite": "Terra",
        "brightness": 301.1,
        "confidence": "37",
        "bright_t31": 266.1
    },
    {
        "latitude": 56.732,
        "longitude": -122.287,
        "acq_date": "2020-01-24",
        "acq_time": "0515",
        "daynight": "N",
        "instrument": "MODIS",
        "track": 1.2,
        "frp": 61.1,
        "scan": 1.5,
        "version": "6.0NRT",
        "satellite": "Terra",
        "brightness": 328.9,
        "confidence": "100",
        "bright_t31": 267.5
    },
    {
        "latitude": 56.73,
        "longitude": -122.303,
        "acq_date": "2020-01-24",
        "acq_time": "0655",
        "daynight": "N",
        "instrument": "MODIS",
        "track": 1.8,
        "frp": 112.9,
        "scan": 3.7,
        "version": "6.0NRT",
        "satellite": "Terra",
        "brightness": 312,
        "confidence": "77",
        "bright_t31": 265.8
    },
    {
        "latitude": 56.737,
        "longitude": -122.308,
        "acq_date": "2020-01-24",
        "acq_time": "0655",
        "daynight": "N",
        "instrument": "MODIS",
        "track": 1.8,
        "frp": 91.3,
        "scan": 3.7,
        "version": "6.0NRT",
        "satellite": "Terra",
        "brightness": 307.3,
        "confidence": "53",
        "bright_t31": 265.9
    },
    {
        "latitude": 53.785,
        "longitude": -117.443,
        "acq_date": "2020-01-24",
        "acq_time": "1845",
        "daynight": "D",
        "instrument": "MODIS",
        "track": 1.1,
        "frp": 44.9,
        "scan": 1.2,
        "version": "6.0NRT",
        "satellite": "Terra",
        "brightness": 332.8,
        "confidence": "63",
        "bright_t31": 275.5
    },
    {
        "latitude": 53.783,
        "longitude": -117.425,
        "acq_date": "2020-01-24",
        "acq_time": "1845",
        "daynight": "D",
        "instrument": "MODIS",
        "track": 1.1,
        "frp": 46.3,
        "scan": 1.2,
        "version": "6.0NRT",
        "satellite": "Terra",
        "brightness": 333.5,
        "confidence": "70",
        "bright_t31": 275
    },
    {
        "latitude": 53.775,
        "longitude": -117.446,
        "acq_date": "2020-01-24",
        "acq_time": "1845",
        "daynight": "D",
        "instrument": "MODIS",
        "track": 1.1,
        "frp": 31.9,
        "scan": 1.2,
        "version": "6.0NRT",
        "satellite": "Terra",
        "brightness": 324.5,
        "confidence": "48",
        "bright_t31": 274.2
    },
    {
        "latitude": 52.761,
        "longitude": -116.126,
        "acq_date": "2020-01-24",
        "acq_time": "1845",
        "daynight": "D",
        "instrument": "MODIS",
        "track": 1,
        "frp": 14.4,
        "scan": 1.1,
        "version": "6.0NRT",
        "satellite": "Terra",
        "brightness": 305.8,
        "confidence": "62",
        "bright_t31": 267
    },
    {
        "latitude": 55.088,
        "longitude": -120.644,
        "acq_date": "2020-01-24",
        "acq_time": "2020",
        "daynight": "D",
        "instrument": "MODIS",
        "track": 1.7,
        "frp": 111.5,
        "scan": 3.4,
        "version": "6.0NRT",
        "satellite": "Terra",
        "brightness": 315.9,
        "confidence": "72",
        "bright_t31": 274
    },
    {
        "latitude": 55.074,
        "longitude": -120.597,
        "acq_date": "2020-01-24",
        "acq_time": "2020",
        "daynight": "D",
        "instrument": "MODIS",
        "track": 1.7,
        "frp": 156.4,
        "scan": 3.4,
        "version": "6.0NRT",
        "satellite": "Terra",
        "brightness": 323.6,
        "confidence": "82",
        "bright_t31": 274.8
    },
    {
        "latitude": 55.093,
        "longitude": -120.646,
        "acq_date": "2020-01-24",
        "acq_time": "2020",
        "daynight": "D",
        "instrument": "MODIS",
        "track": 1.7,
        "frp": 79.5,
        "scan": 3.4,
        "version": "6.0NRT",
        "satellite": "Terra",
        "brightness": 308.8,
        "confidence": "64",
        "bright_t31": 273.8
    },
    {
        "latitude": 55.079,
        "longitude": -120.6,
        "acq_date": "2020-01-24",
        "acq_time": "2020",
        "daynight": "D",
        "instrument": "MODIS",
        "track": 1.7,
        "frp": 184.8,
        "scan": 3.4,
        "version": "6.0NRT",
        "satellite": "Terra",
        "brightness": 327.9,
        "confidence": "85",
        "bright_t31": 274.9
    },
    {
        "latitude": 53.774,
        "longitude": -117.431,
        "acq_date": "2020-01-24",
        "acq_time": "2030",
        "daynight": "D",
        "instrument": "MODIS",
        "track": 1,
        "frp": 20.3,
        "scan": 1,
        "version": "6.0NRT",
        "satellite": "Aqua",
        "brightness": 318.3,
        "confidence": "68",
        "bright_t31": 273.1
    },
    {
        "latitude": 53.772,
        "longitude": -117.446,
        "acq_date": "2020-01-24",
        "acq_time": "2030",
        "daynight": "D",
        "instrument": "MODIS",
        "track": 1,
        "frp": 9.4,
        "scan": 1,
        "version": "6.0NRT",
        "satellite": "Aqua",
        "brightness": 304.4,
        "confidence": "20",
        "bright_t31": 273.3
    },
    {
        "latitude": 53.78,
        "longitude": -117.45,
        "acq_date": "2020-01-24",
        "acq_time": "2030",
        "daynight": "D",
        "instrument": "MODIS",
        "track": 1,
        "frp": 16.5,
        "scan": 1,
        "version": "6.0NRT",
        "satellite": "Aqua",
        "brightness": 314.8,
        "confidence": "49",
        "bright_t31": 273.4
    },
    {
        "latitude": 54.037,
        "longitude": -115.947,
        "acq_date": "2020-01-24",
        "acq_time": "2030",
        "daynight": "D",
        "instrument": "MODIS",
        "track": 1,
        "frp": 30.3,
        "scan": 1,
        "version": "6.0NRT",
        "satellite": "Aqua",
        "brightness": 326.7,
        "confidence": "80",
        "bright_t31": 271
    },
    {
        "latitude": 54.731,
        "longitude": -119.111,
        "acq_date": "2020-01-24",
        "acq_time": "2030",
        "daynight": "D",
        "instrument": "MODIS",
        "track": 1,
        "frp": 26.4,
        "scan": 1.1,
        "version": "6.0NRT",
        "satellite": "Aqua",
        "brightness": 322.4,
        "confidence": "82",
        "bright_t31": 274.5
    },
    {
        "latitude": 54.739,
        "longitude": -119.105,
        "acq_date": "2020-01-24",
        "acq_time": "2030",
        "daynight": "D",
        "instrument": "MODIS",
        "track": 1,
        "frp": 15.2,
        "scan": 1.1,
        "version": "6.0NRT",
        "satellite": "Aqua",
        "brightness": 309,
        "confidence": "68",
        "bright_t31": 273.9
    },
    {
        "latitude": 54.737,
        "longitude": -119.121,
        "acq_date": "2020-01-24",
        "acq_time": "2030",
        "daynight": "D",
        "instrument": "MODIS",
        "track": 1,
        "frp": 13.2,
        "scan": 1.1,
        "version": "6.0NRT",
        "satellite": "Aqua",
        "brightness": 306.3,
        "confidence": "63",
        "bright_t31": 273.4
    },
    {
        "latitude": 54.73,
        "longitude": -119.327,
        "acq_date": "2020-01-24",
        "acq_time": "2030",
        "daynight": "D",
        "instrument": "MODIS",
        "track": 1,
        "frp": 26.5,
        "scan": 1.1,
        "version": "6.0NRT",
        "satellite": "Aqua",
        "brightness": 321.1,
        "confidence": "81",
        "bright_t31": 273.7
    },
    {
        "latitude": 54.728,
        "longitude": -119.343,
        "acq_date": "2020-01-24",
        "acq_time": "2030",
        "daynight": "D",
        "instrument": "MODIS",
        "track": 1,
        "frp": 19.6,
        "scan": 1.1,
        "version": "6.0NRT",
        "satellite": "Aqua",
        "brightness": 314.2,
        "confidence": "74",
        "bright_t31": 273.9
    },
    {
        "latitude": 55.082,
        "longitude": -120.606,
        "acq_date": "2020-01-24",
        "acq_time": "2030",
        "daynight": "D",
        "instrument": "MODIS",
        "track": 1.1,
        "frp": 24.5,
        "scan": 1.1,
        "version": "6.0NRT",
        "satellite": "Aqua",
        "brightness": 317.9,
        "confidence": "74",
        "bright_t31": 274.1
    },
    {
        "latitude": 55.079,
        "longitude": -120.623,
        "acq_date": "2020-01-24",
        "acq_time": "2030",
        "daynight": "D",
        "instrument": "MODIS",
        "track": 1.1,
        "frp": 220.7,
        "scan": 1.1,
        "version": "6.0NRT",
        "satellite": "Aqua",
        "brightness": 385.4,
        "confidence": "100",
        "bright_t31": 279.8
    },
    {
        "latitude": 55.076,
        "longitude": -120.641,
        "acq_date": "2020-01-24",
        "acq_time": "2030",
        "daynight": "D",
        "instrument": "MODIS",
        "track": 1.1,
        "frp": 35,
        "scan": 1.1,
        "version": "6.0NRT",
        "satellite": "Aqua",
        "brightness": 327.1,
        "confidence": "85",
        "bright_t31": 275.3
    },
    {
        "latitude": 55.075,
        "longitude": -120.869,
        "acq_date": "2020-01-24",
        "acq_time": "2030",
        "daynight": "D",
        "instrument": "MODIS",
        "track": 1.1,
        "frp": 23.2,
        "scan": 1.2,
        "version": "6.0NRT",
        "satellite": "Aqua",
        "brightness": 315,
        "confidence": "75",
        "bright_t31": 273.8
    },
    {
        "latitude": 53.363,
        "longitude": -116.591,
        "acq_date": "2020-01-25",
        "acq_time": "0555",
        "daynight": "N",
        "instrument": "MODIS",
        "track": 1.2,
        "frp": 26,
        "scan": 1.5,
        "version": "6.0NRT",
        "satellite": "Terra",
        "brightness": 308.4,
        "confidence": "74",
        "bright_t31": 265.3
    },
    {
        "latitude": 55.226,
        "longitude": -116.735,
        "acq_date": "2020-01-25",
        "acq_time": "0555",
        "daynight": "N",
        "instrument": "MODIS",
        "track": 1.2,
        "frp": 43,
        "scan": 1.5,
        "version": "6.0NRT",
        "satellite": "Terra",
        "brightness": 319.4,
        "confidence": "98",
        "bright_t31": 268.7
    },
    {
        "latitude": 55.078,
        "longitude": -120.63,
        "acq_date": "2020-01-25",
        "acq_time": "0555",
        "daynight": "N",
        "instrument": "MODIS",
        "track": 1.1,
        "frp": 28.4,
        "scan": 1.1,
        "version": "6.0NRT",
        "satellite": "Terra",
        "brightness": 321.2,
        "confidence": "100",
        "bright_t31": 272.3
    },
    {
        "latitude": 55.071,
        "longitude": -120.86,
        "acq_date": "2020-01-25",
        "acq_time": "0555",
        "daynight": "N",
        "instrument": "MODIS",
        "track": 1,
        "frp": 14,
        "scan": 1.1,
        "version": "6.0NRT",
        "satellite": "Terra",
        "brightness": 306,
        "confidence": "67",
        "bright_t31": 272.1
    },
    {
        "latitude": 55.08,
        "longitude": -120.863,
        "acq_date": "2020-01-25",
        "acq_time": "0555",
        "daynight": "N",
        "instrument": "MODIS",
        "track": 1,
        "frp": 23.4,
        "scan": 1.1,
        "version": "6.0NRT",
        "satellite": "Terra",
        "brightness": 317.2,
        "confidence": "95",
        "bright_t31": 272.8
    },
    {
        "latitude": 56.739,
        "longitude": -121.653,
        "acq_date": "2020-01-25",
        "acq_time": "0555",
        "daynight": "N",
        "instrument": "MODIS",
        "track": 1,
        "frp": 49.3,
        "scan": 1.1,
        "version": "6.0NRT",
        "satellite": "Terra",
        "brightness": 336.1,
        "confidence": "100",
        "bright_t31": 270.7
    },
    {
        "latitude": 56.737,
        "longitude": -121.67,
        "acq_date": "2020-01-25",
        "acq_time": "0555",
        "daynight": "N",
        "instrument": "MODIS",
        "track": 1,
        "frp": 61.7,
        "scan": 1.1,
        "version": "6.0NRT",
        "satellite": "Terra",
        "brightness": 342.7,
        "confidence": "100",
        "bright_t31": 271
    },
    {
        "latitude": 56.746,
        "longitude": -121.674,
        "acq_date": "2020-01-25",
        "acq_time": "0555",
        "daynight": "N",
        "instrument": "MODIS",
        "track": 1,
        "frp": 31.3,
        "scan": 1.1,
        "version": "6.0NRT",
        "satellite": "Terra",
        "brightness": 323.6,
        "confidence": "100",
        "bright_t31": 271.3
    },
    {
        "latitude": 56.741,
        "longitude": -121.654,
        "acq_date": "2020-01-25",
        "acq_time": "1000",
        "daynight": "N",
        "instrument": "MODIS",
        "track": 1.2,
        "frp": 32.3,
        "scan": 1.4,
        "version": "6.0NRT",
        "satellite": "Aqua",
        "brightness": 314.3,
        "confidence": "89",
        "bright_t31": 269.5
    },
    {
        "latitude": 56.692,
        "longitude": -120.228,
        "acq_date": "2020-01-25",
        "acq_time": "1925",
        "daynight": "D",
        "instrument": "MODIS",
        "track": 1,
        "frp": 9.8,
        "scan": 1,
        "version": "6.0NRT",
        "satellite": "Terra",
        "brightness": 300.7,
        "confidence": "30",
        "bright_t31": 271.7
    },
    {
        "latitude": 55.09,
        "longitude": -120.814,
        "acq_date": "2020-01-25",
        "acq_time": "1925",
        "daynight": "D",
        "instrument": "MODIS",
        "track": 1,
        "frp": 27.2,
        "scan": 1,
        "version": "6.0NRT",
        "satellite": "Terra",
        "brightness": 323.5,
        "confidence": "82",
        "bright_t31": 270.2
    },
    {
        "latitude": 55.078,
        "longitude": -120.803,
        "acq_date": "2020-01-25",
        "acq_time": "1925",
        "daynight": "D",
        "instrument": "MODIS",
        "track": 1,
        "frp": 42.8,
        "scan": 1,
        "version": "6.0NRT",
        "satellite": "Terra",
        "brightness": 336.3,
        "confidence": "90",
        "bright_t31": 271.6
    },
    {
        "latitude": 53.377,
        "longitude": -115.403,
        "acq_date": "2020-01-25",
        "acq_time": "1925",
        "daynight": "D",
        "instrument": "MODIS",
        "track": 1.3,
        "frp": 43.4,
        "scan": 1.7,
        "version": "6.0NRT",
        "satellite": "Terra",
        "brightness": 318.5,
        "confidence": "79",
        "bright_t31": 273.7
    },
    {
        "latitude": 53.379,
        "longitude": -115.407,
        "acq_date": "2020-01-25",
        "acq_time": "1925",
        "daynight": "D",
        "instrument": "MODIS",
        "track": 1.3,
        "frp": 49.7,
        "scan": 1.7,
        "version": "6.0NRT",
        "satellite": "Terra",
        "brightness": 320.4,
        "confidence": "76",
        "bright_t31": 274.1
    },
    {
        "latitude": 53.401,
        "longitude": -116.607,
        "acq_date": "2020-01-25",
        "acq_time": "1925",
        "daynight": "D",
        "instrument": "MODIS",
        "track": 1.2,
        "frp": 30,
        "scan": 1.5,
        "version": "6.0NRT",
        "satellite": "Terra",
        "brightness": 311.8,
        "confidence": "72",
        "bright_t31": 268.4
    },
    {
        "latitude": 53.396,
        "longitude": -116.586,
        "acq_date": "2020-01-25",
        "acq_time": "1925",
        "daynight": "D",
        "instrument": "MODIS",
        "track": 1.2,
        "frp": 48.9,
        "scan": 1.5,
        "version": "6.0NRT",
        "satellite": "Terra",
        "brightness": 323.4,
        "confidence": "82",
        "bright_t31": 269
    },
    {
        "latitude": 52.58,
        "longitude": -115.461,
        "acq_date": "2020-01-25",
        "acq_time": "1925",
        "daynight": "D",
        "instrument": "MODIS",
        "track": 1.3,
        "frp": 21.2,
        "scan": 1.8,
        "version": "6.0NRT",
        "satellite": "Terra",
        "brightness": 301.4,
        "confidence": "47",
        "bright_t31": 273.9
    },
    {
        "latitude": 52.223,
        "longitude": -115.369,
        "acq_date": "2020-01-25",
        "acq_time": "1925",
        "daynight": "D",
        "instrument": "MODIS",
        "track": 1.3,
        "frp": 32.7,
        "scan": 1.8,
        "version": "6.0NRT",
        "satellite": "Terra",
        "brightness": 309.8,
        "confidence": "69",
        "bright_t31": 275.7
    },
    {
        "latitude": 54.571,
        "longitude": -115.161,
        "acq_date": "2020-01-25",
        "acq_time": "1935",
        "daynight": "D",
        "instrument": "MODIS",
        "track": 1.5,
        "frp": 40.7,
        "scan": 2.5,
        "version": "6.0NRT",
        "satellite": "Aqua",
        "brightness": 305.2,
        "confidence": "60",
        "bright_t31": 271.2
    },
    {
        "latitude": 54.581,
        "longitude": -115.126,
        "acq_date": "2020-01-25",
        "acq_time": "1935",
        "daynight": "D",
        "instrument": "MODIS",
        "track": 1.5,
        "frp": 32.5,
        "scan": 2.5,
        "version": "6.0NRT",
        "satellite": "Aqua",
        "brightness": 301.6,
        "confidence": "41",
        "bright_t31": 272.1
    },
    {
        "latitude": 54.584,
        "longitude": -115.171,
        "acq_date": "2020-01-25",
        "acq_time": "1935",
        "daynight": "D",
        "instrument": "MODIS",
        "track": 1.5,
        "frp": 64.9,
        "scan": 2.5,
        "version": "6.0NRT",
        "satellite": "Aqua",
        "brightness": 314.2,
        "confidence": "74",
        "bright_t31": 271.1
    },
    {
        "latitude": 54.587,
        "longitude": -115.139,
        "acq_date": "2020-01-25",
        "acq_time": "1935",
        "daynight": "D",
        "instrument": "MODIS",
        "track": 1.5,
        "frp": 71.9,
        "scan": 2.5,
        "version": "6.0NRT",
        "satellite": "Aqua",
        "brightness": 316.8,
        "confidence": "77",
        "bright_t31": 272
    },
    {
        "latitude": 54.578,
        "longitude": -115.174,
        "acq_date": "2020-01-25",
        "acq_time": "1935",
        "daynight": "D",
        "instrument": "MODIS",
        "track": 1.5,
        "frp": 68,
        "scan": 2.5,
        "version": "6.0NRT",
        "satellite": "Aqua",
        "brightness": 315.5,
        "confidence": "76",
        "bright_t31": 271.3
    },
    {
        "latitude": 53.38,
        "longitude": -115.408,
        "acq_date": "2020-01-25",
        "acq_time": "2115",
        "daynight": "D",
        "instrument": "MODIS",
        "track": 1.5,
        "frp": 47.4,
        "scan": 2.3,
        "version": "6.0NRT",
        "satellite": "Aqua",
        "brightness": 309.7,
        "confidence": "65",
        "bright_t31": 274.9
    },
    {
        "latitude": 53.099,
        "longitude": -115.859,
        "acq_date": "2020-01-25",
        "acq_time": "2115",
        "daynight": "D",
        "instrument": "MODIS",
        "track": 1.4,
        "frp": 28.6,
        "scan": 2.2,
        "version": "6.0NRT",
        "satellite": "Aqua",
        "brightness": 305.5,
        "confidence": "28",
        "bright_t31": 275.6
    },
    {
        "latitude": 53.377,
        "longitude": -115.415,
        "acq_date": "2020-01-25",
        "acq_time": "2115",
        "daynight": "D",
        "instrument": "MODIS",
        "track": 1.5,
        "frp": 45.5,
        "scan": 2.3,
        "version": "6.0NRT",
        "satellite": "Aqua",
        "brightness": 310.1,
        "confidence": "66",
        "bright_t31": 275.5
    },
    {
        "latitude": 53.389,
        "longitude": -116.597,
        "acq_date": "2020-01-25",
        "acq_time": "2115",
        "daynight": "D",
        "instrument": "MODIS",
        "track": 1.4,
        "frp": 89.5,
        "scan": 2,
        "version": "6.0NRT",
        "satellite": "Aqua",
        "brightness": 328.8,
        "confidence": "86",
        "bright_t31": 274.5
    },
    {
        "latitude": 53.601,
        "longitude": -117.104,
        "acq_date": "2020-01-25",
        "acq_time": "2115",
        "daynight": "D",
        "instrument": "MODIS",
        "track": 1.4,
        "frp": 24.8,
        "scan": 1.9,
        "version": "6.0NRT",
        "satellite": "Aqua",
        "brightness": 303.6,
        "confidence": "53",
        "bright_t31": 275.4
    },
    {
        "latitude": 53.613,
        "longitude": -117.107,
        "acq_date": "2020-01-25",
        "acq_time": "2115",
        "daynight": "D",
        "instrument": "MODIS",
        "track": 1.4,
        "frp": 21.1,
        "scan": 1.9,
        "version": "6.0NRT",
        "satellite": "Aqua",
        "brightness": 301.1,
        "confidence": "43",
        "bright_t31": 275.4
    },
    {
        "latitude": 54.585,
        "longitude": -115.184,
        "acq_date": "2020-01-25",
        "acq_time": "2115",
        "daynight": "D",
        "instrument": "MODIS",
        "track": 1.5,
        "frp": 71.6,
        "scan": 2.4,
        "version": "6.0NRT",
        "satellite": "Aqua",
        "brightness": 318,
        "confidence": "78",
        "bright_t31": 273.6
    },
    {
        "latitude": 54.58,
        "longitude": -115.15,
        "acq_date": "2020-01-25",
        "acq_time": "2115",
        "daynight": "D",
        "instrument": "MODIS",
        "track": 1.5,
        "frp": 153.6,
        "scan": 2.4,
        "version": "6.0NRT",
        "satellite": "Aqua",
        "brightness": 335.8,
        "confidence": "90",
        "bright_t31": 274.8
    },
    {
        "latitude": 54.578,
        "longitude": -115.188,
        "acq_date": "2020-01-25",
        "acq_time": "2115",
        "daynight": "D",
        "instrument": "MODIS",
        "track": 1.5,
        "frp": 57.5,
        "scan": 2.4,
        "version": "6.0NRT",
        "satellite": "Aqua",
        "brightness": 311.8,
        "confidence": "72",
        "bright_t31": 273.7
    },
    {
        "latitude": 55.07,
        "longitude": -120.848,
        "acq_date": "2020-01-26",
        "acq_time": "0500",
        "daynight": "N",
        "instrument": "MODIS",
        "track": 1.4,
        "frp": 41.2,
        "scan": 2,
        "version": "6.0NRT",
        "satellite": "Terra",
        "brightness": 310.7,
        "confidence": "81",
        "bright_t31": 271.4
    },
    {
        "latitude": 55.665,
        "longitude": -114.085,
        "acq_date": "2020-01-26",
        "acq_time": "1830",
        "daynight": "D",
        "instrument": "MODIS",
        "track": 1.1,
        "frp": 25.1,
        "scan": 1.2,
        "version": "6.0NRT",
        "satellite": "Terra",
        "brightness": 315,
        "confidence": "75",
        "bright_t31": 272.8
    },
    {
        "latitude": 55.663,
        "longitude": -114.065,
        "acq_date": "2020-01-26",
        "acq_time": "1830",
        "daynight": "D",
        "instrument": "MODIS",
        "track": 1.1,
        "frp": 97.7,
        "scan": 1.2,
        "version": "6.0NRT",
        "satellite": "Terra",
        "brightness": 351.8,
        "confidence": "97",
        "bright_t31": 274.5
    },
    {
        "latitude": 55.655,
        "longitude": -114.088,
        "acq_date": "2020-01-26",
        "acq_time": "1830",
        "daynight": "D",
        "instrument": "MODIS",
        "track": 1.1,
        "frp": 13.1,
        "scan": 1.2,
        "version": "6.0NRT",
        "satellite": "Terra",
        "brightness": 303,
        "confidence": "50",
        "bright_t31": 271.9
    },
    {
        "latitude": 55.653,
        "longitude": -114.068,
        "acq_date": "2020-01-26",
        "acq_time": "1830",
        "daynight": "D",
        "instrument": "MODIS",
        "track": 1.1,
        "frp": 92.7,
        "scan": 1.2,
        "version": "6.0NRT",
        "satellite": "Terra",
        "brightness": 350.3,
        "confidence": "96",
        "bright_t31": 272.7
    },
    {
        "latitude": 53.238,
        "longitude": -116.215,
        "acq_date": "2020-01-26",
        "acq_time": "1830",
        "daynight": "D",
        "instrument": "MODIS",
        "track": 1.2,
        "frp": 40,
        "scan": 1.4,
        "version": "6.0NRT",
        "satellite": "Terra",
        "brightness": 321.1,
        "confidence": "73",
        "bright_t31": 267
    },
    {
        "latitude": 55.657,
        "longitude": -114.066,
        "acq_date": "2020-01-26",
        "acq_time": "2020",
        "daynight": "D",
        "instrument": "MODIS",
        "track": 1,
        "frp": 65.3,
        "scan": 1,
        "version": "6.0NRT",
        "satellite": "Aqua",
        "brightness": 349,
        "confidence": "96",
        "bright_t31": 274.3
    },
    {
        "latitude": 55.654,
        "longitude": -114.082,
        "acq_date": "2020-01-26",
        "acq_time": "2020",
        "daynight": "D",
        "instrument": "MODIS",
        "track": 1,
        "frp": 56.3,
        "scan": 1,
        "version": "6.0NRT",
        "satellite": "Aqua",
        "brightness": 344.5,
        "confidence": "94",
        "bright_t31": 274.6
    },
    {
        "latitude": 55.046,
        "longitude": -120.791,
        "acq_date": "2020-01-27",
        "acq_time": "1915",
        "daynight": "D",
        "instrument": "MODIS",
        "track": 1,
        "frp": 34.2,
        "scan": 1,
        "version": "6.0NRT",
        "satellite": "Terra",
        "brightness": 330,
        "confidence": "82",
        "bright_t31": 271.1
    },
    {
        "latitude": 54.06,
        "longitude": -118.572,
        "acq_date": "2020-01-27",
        "acq_time": "1915",
        "daynight": "D",
        "instrument": "MODIS",
        "track": 1,
        "frp": 16.8,
        "scan": 1,
        "version": "6.0NRT",
        "satellite": "Terra",
        "brightness": 311.1,
        "confidence": "62",
        "bright_t31": 269.2
    },
    {
        "latitude": 55.428,
        "longitude": -114.584,
        "acq_date": "2020-01-27",
        "acq_time": "1925",
        "daynight": "D",
        "instrument": "MODIS",
        "track": 1.6,
        "frp": 80.2,
        "scan": 2.9,
        "version": "6.0NRT",
        "satellite": "Aqua",
        "brightness": 311.6,
        "confidence": "38",
        "bright_t31": 266.9
    },
    {
        "latitude": 54.597,
        "longitude": -115.164,
        "acq_date": "2020-01-27",
        "acq_time": "2100",
        "daynight": "D",
        "instrument": "MODIS",
        "track": 1.3,
        "frp": 66.6,
        "scan": 1.8,
        "version": "6.0NRT",
        "satellite": "Aqua",
        "brightness": 326.7,
        "confidence": "80",
        "bright_t31": 271.6
    },
    {
        "latitude": 51.675,
        "longitude": -121.427,
        "acq_date": "2020-01-27",
        "acq_time": "2100",
        "daynight": "D",
        "instrument": "MODIS",
        "track": 1,
        "frp": 14.7,
        "scan": 1,
        "version": "6.0NRT",
        "satellite": "Aqua",
        "brightness": 309.3,
        "confidence": "0",
        "bright_t31": 271.9
    },
    {
        "latitude": 54.585,
        "longitude": -115.162,
        "acq_date": "2020-01-27",
        "acq_time": "2100",
        "daynight": "D",
        "instrument": "MODIS",
        "track": 1.3,
        "frp": 46.3,
        "scan": 1.8,
        "version": "6.0NRT",
        "satellite": "Aqua",
        "brightness": 317.6,
        "confidence": "68",
        "bright_t31": 270
    },
    {
        "latitude": 54.595,
        "longitude": -115.191,
        "acq_date": "2020-01-27",
        "acq_time": "2100",
        "daynight": "D",
        "instrument": "MODIS",
        "track": 1.3,
        "frp": 34.3,
        "scan": 1.8,
        "version": "6.0NRT",
        "satellite": "Aqua",
        "brightness": 311.7,
        "confidence": "71",
        "bright_t31": 270.6
    },
    {
        "latitude": 54.772,
        "longitude": -119.054,
        "acq_date": "2020-01-27",
        "acq_time": "2100",
        "daynight": "D",
        "instrument": "MODIS",
        "track": 1.1,
        "frp": 11.3,
        "scan": 1.2,
        "version": "6.0NRT",
        "satellite": "Aqua",
        "brightness": 302.6,
        "confidence": "31",
        "bright_t31": 272.6
    },
    {
        "latitude": 54.78,
        "longitude": -119.076,
        "acq_date": "2020-01-27",
        "acq_time": "2100",
        "daynight": "D",
        "instrument": "MODIS",
        "track": 1.1,
        "frp": 19.4,
        "scan": 1.2,
        "version": "6.0NRT",
        "satellite": "Aqua",
        "brightness": 311.8,
        "confidence": "56",
        "bright_t31": 274.1
    },
    {
        "latitude": 55.998,
        "longitude": -122.789,
        "acq_date": "2020-01-27",
        "acq_time": "2105",
        "daynight": "D",
        "instrument": "MODIS",
        "track": 1,
        "frp": 49,
        "scan": 1,
        "version": "6.0NRT",
        "satellite": "Aqua",
        "brightness": 339.1,
        "confidence": "69",
        "bright_t31": 268.9
    },
    {
        "latitude": 55.048,
        "longitude": -120.814,
        "acq_date": "2020-01-27",
        "acq_time": "2105",
        "daynight": "D",
        "instrument": "MODIS",
        "track": 1,
        "frp": 42.5,
        "scan": 1.1,
        "version": "6.0NRT",
        "satellite": "Aqua",
        "brightness": 332.5,
        "confidence": "88",
        "bright_t31": 271
    },
    {
        "latitude": 55.062,
        "longitude": -120.821,
        "acq_date": "2020-01-28",
        "acq_time": "1955",
        "daynight": "D",
        "instrument": "MODIS",
        "track": 1.3,
        "frp": 30.2,
        "scan": 1.9,
        "version": "6.0NRT",
        "satellite": "Terra",
        "brightness": 305.4,
        "confidence": "61",
        "bright_t31": 271.3
    },
    {
        "latitude": 55.055,
        "longitude": -120.794,
        "acq_date": "2020-01-28",
        "acq_time": "1955",
        "daynight": "D",
        "instrument": "MODIS",
        "track": 1.3,
        "frp": 105.3,
        "scan": 1.9,
        "version": "6.0NRT",
        "satellite": "Terra",
        "brightness": 335.4,
        "confidence": "89",
        "bright_t31": 272
    },
    {
        "latitude": 55.672,
        "longitude": -114.066,
        "acq_date": "2020-01-28",
        "acq_time": "2005",
        "daynight": "D",
        "instrument": "MODIS",
        "track": 1,
        "frp": 20.8,
        "scan": 1.1,
        "version": "6.0NRT",
        "satellite": "Aqua",
        "brightness": 313.6,
        "confidence": "59",
        "bright_t31": 267.8
    },
    {
        "latitude": 54.59,
        "longitude": -115.178,
        "acq_date": "2020-01-28",
        "acq_time": "2005",
        "daynight": "D",
        "instrument": "MODIS",
        "track": 1.1,
        "frp": 75.4,
        "scan": 1.2,
        "version": "6.0NRT",
        "satellite": "Aqua",
        "brightness": 343.7,
        "confidence": "93",
        "bright_t31": 272.2
    },
    {
        "latitude": 53.978,
        "longitude": -118.664,
        "acq_date": "2020-01-28",
        "acq_time": "2005",
        "daynight": "D",
        "instrument": "MODIS",
        "track": 1.3,
        "frp": 27.7,
        "scan": 1.7,
        "version": "6.0NRT",
        "satellite": "Aqua",
        "brightness": 305.8,
        "confidence": "0",
        "bright_t31": 268.2
    },
    {
        "latitude": 54.955,
        "longitude": -115.596,
        "acq_date": "2020-01-28",
        "acq_time": "2005",
        "daynight": "D",
        "instrument": "MODIS",
        "track": 1.1,
        "frp": 37.7,
        "scan": 1.2,
        "version": "6.0NRT",
        "satellite": "Aqua",
        "brightness": 325.3,
        "confidence": "79",
        "bright_t31": 270.4
    },
    {
        "latitude": 55.057,
        "longitude": -120.78,
        "acq_date": "2020-01-28",
        "acq_time": "2010",
        "daynight": "D",
        "instrument": "MODIS",
        "track": 1.4,
        "frp": 27.1,
        "scan": 2,
        "version": "6.0NRT",
        "satellite": "Aqua",
        "brightness": 302.3,
        "confidence": "51",
        "bright_t31": 271.8
    },
    {
        "latitude": 55.051,
        "longitude": -120.807,
        "acq_date": "2020-01-28",
        "acq_time": "2010",
        "daynight": "D",
        "instrument": "MODIS",
        "track": 1.4,
        "frp": 175.7,
        "scan": 2,
        "version": "6.0NRT",
        "satellite": "Aqua",
        "brightness": 348.9,
        "confidence": "96",
        "bright_t31": 273.7
    },
    {
        "latitude": 55.677,
        "longitude": -119.273,
        "acq_date": "2020-01-28",
        "acq_time": "2010",
        "daynight": "D",
        "instrument": "MODIS",
        "track": 1.3,
        "frp": 22.7,
        "scan": 1.6,
        "version": "6.0NRT",
        "satellite": "Aqua",
        "brightness": 303.7,
        "confidence": "57",
        "bright_t31": 270.4
    },
    {
        "latitude": 56.794,
        "longitude": -122.268,
        "acq_date": "2020-01-28",
        "acq_time": "2010",
        "daynight": "D",
        "instrument": "MODIS",
        "track": 1.4,
        "frp": 33.6,
        "scan": 2,
        "version": "6.0NRT",
        "satellite": "Aqua",
        "brightness": 306.2,
        "confidence": "48",
        "bright_t31": 265.7
    },
    {
        "latitude": 56.797,
        "longitude": -122.278,
        "acq_date": "2020-01-28",
        "acq_time": "2010",
        "daynight": "D",
        "instrument": "MODIS",
        "track": 1.4,
        "frp": 35.9,
        "scan": 2,
        "version": "6.0NRT",
        "satellite": "Aqua",
        "brightness": 308.4,
        "confidence": "56",
        "bright_t31": 265.3
    },
    {
        "latitude": 55.054,
        "longitude": -120.821,
        "acq_date": "2020-01-28",
        "acq_time": "2145",
        "daynight": "D",
        "instrument": "MODIS",
        "track": 1.7,
        "frp": 205.8,
        "scan": 3.1,
        "version": "6.0NRT",
        "satellite": "Aqua",
        "brightness": 334.6,
        "confidence": "89",
        "bright_t31": 273.8
    },
    {
        "latitude": 55.052,
        "longitude": -120.824,
        "acq_date": "2020-01-28",
        "acq_time": "2145",
        "daynight": "D",
        "instrument": "MODIS",
        "track": 1.7,
        "frp": 126.7,
        "scan": 3.1,
        "version": "6.0NRT",
        "satellite": "Aqua",
        "brightness": 322.3,
        "confidence": "75",
        "bright_t31": 273.7
    },
    {
        "latitude": 55.649,
        "longitude": -120.891,
        "acq_date": "2020-01-29",
        "acq_time": "1900",
        "daynight": "D",
        "instrument": "MODIS",
        "track": 1.1,
        "frp": 18.9,
        "scan": 1.2,
        "version": "6.0NRT",
        "satellite": "Terra",
        "brightness": 311.3,
        "confidence": "47",
        "bright_t31": 274
    },
    {
        "latitude": 55.463,
        "longitude": -120.966,
        "acq_date": "2020-01-29",
        "acq_time": "1900",
        "daynight": "D",
        "instrument": "MODIS",
        "track": 1.1,
        "frp": 32.2,
        "scan": 1.2,
        "version": "6.0NRT",
        "satellite": "Terra",
        "brightness": 324.5,
        "confidence": "78",
        "bright_t31": 274.1
    },
    {
        "latitude": 56.677,
        "longitude": -122.265,
        "acq_date": "2020-01-29",
        "acq_time": "1900",
        "daynight": "D",
        "instrument": "MODIS",
        "track": 1.1,
        "frp": 87.6,
        "scan": 1.3,
        "version": "6.0NRT",
        "satellite": "Terra",
        "brightness": 345.8,
        "confidence": "93",
        "bright_t31": 273.4
    },
    {
        "latitude": 56.675,
        "longitude": -122.244,
        "acq_date": "2020-01-29",
        "acq_time": "1900",
        "daynight": "D",
        "instrument": "MODIS",
        "track": 1.1,
        "frp": 51.5,
        "scan": 1.3,
        "version": "6.0NRT",
        "satellite": "Terra",
        "brightness": 330.9,
        "confidence": "84",
        "bright_t31": 273.1
    },
    {
        "latitude": 56.668,
        "longitude": -122.252,
        "acq_date": "2020-01-29",
        "acq_time": "1900",
        "daynight": "D",
        "instrument": "MODIS",
        "track": 1.1,
        "frp": 33,
        "scan": 1.3,
        "version": "6.0NRT",
        "satellite": "Terra",
        "brightness": 318.8,
        "confidence": "66",
        "bright_t31": 272.3
    },
    {
        "latitude": 55.651,
        "longitude": -120.909,
        "acq_date": "2020-01-29",
        "acq_time": "1900",
        "daynight": "D",
        "instrument": "MODIS",
        "track": 1.1,
        "frp": 21,
        "scan": 1.2,
        "version": "6.0NRT",
        "satellite": "Terra",
        "brightness": 313.5,
        "confidence": "58",
        "bright_t31": 274.4
    },
    {
        "latitude": 55.471,
        "longitude": -120.945,
        "acq_date": "2020-01-29",
        "acq_time": "1900",
        "daynight": "D",
        "instrument": "MODIS",
        "track": 1.1,
        "frp": 19.8,
        "scan": 1.2,
        "version": "6.0NRT",
        "satellite": "Terra",
        "brightness": 314.4,
        "confidence": "59",
        "bright_t31": 273.6
    },
    {
        "latitude": 51.651,
        "longitude": -121.408,
        "acq_date": "2020-01-29",
        "acq_time": "1905",
        "daynight": "D",
        "instrument": "MODIS",
        "track": 1,
        "frp": 36.8,
        "scan": 1.1,
        "version": "6.0NRT",
        "satellite": "Terra",
        "brightness": 328.8,
        "confidence": "75",
        "bright_t31": 273.3
    },
    {
        "latitude": 56.676,
        "longitude": -122.244,
        "acq_date": "2020-01-29",
        "acq_time": "2040",
        "daynight": "D",
        "instrument": "MODIS",
        "track": 1.8,
        "frp": 204,
        "scan": 3.8,
        "version": "6.0NRT",
        "satellite": "Terra",
        "brightness": 326.1,
        "confidence": "79",
        "bright_t31": 274.1
    },
    {
        "latitude": 57.867,
        "longitude": -121.912,
        "acq_date": "2020-01-29",
        "acq_time": "2040",
        "daynight": "D",
        "instrument": "MODIS",
        "track": 1.8,
        "frp": 129.2,
        "scan": 3.5,
        "version": "6.0NRT",
        "satellite": "Terra",
        "brightness": 317.8,
        "confidence": "74",
        "bright_t31": 274.1
    },
    {
        "latitude": 56.672,
        "longitude": -122.258,
        "acq_date": "2020-01-29",
        "acq_time": "2040",
        "daynight": "D",
        "instrument": "MODIS",
        "track": 1.8,
        "frp": 226.5,
        "scan": 3.8,
        "version": "6.0NRT",
        "satellite": "Terra",
        "brightness": 328.7,
        "confidence": "82",
        "bright_t31": 273.8
    },
    {
        "latitude": 53.97,
        "longitude": -118.689,
        "acq_date": "2020-01-29",
        "acq_time": "2050",
        "daynight": "D",
        "instrument": "MODIS",
        "track": 1,
        "frp": 24.6,
        "scan": 1,
        "version": "6.0NRT",
        "satellite": "Aqua",
        "brightness": 320.1,
        "confidence": "0",
        "bright_t31": 268.2
    },
    {
        "latitude": 55.454,
        "longitude": -120.954,
        "acq_date": "2020-01-29",
        "acq_time": "2050",
        "daynight": "D",
        "instrument": "MODIS",
        "track": 1,
        "frp": 15,
        "scan": 1,
        "version": "6.0NRT",
        "satellite": "Aqua",
        "brightness": 311.6,
        "confidence": "72",
        "bright_t31": 267.8
    },
    {
        "latitude": 55.452,
        "longitude": -120.97,
        "acq_date": "2020-01-29",
        "acq_time": "2050",
        "daynight": "D",
        "instrument": "MODIS",
        "track": 1,
        "frp": 10.8,
        "scan": 1,
        "version": "6.0NRT",
        "satellite": "Aqua",
        "brightness": 305.4,
        "confidence": "51",
        "bright_t31": 267.8
    },
    {
        "latitude": 55.465,
        "longitude": -120.943,
        "acq_date": "2020-01-29",
        "acq_time": "2050",
        "daynight": "D",
        "instrument": "MODIS",
        "track": 1,
        "frp": 18,
        "scan": 1,
        "version": "6.0NRT",
        "satellite": "Aqua",
        "brightness": 315.9,
        "confidence": "65",
        "bright_t31": 269.2
    },
    {
        "latitude": 55.463,
        "longitude": -120.958,
        "acq_date": "2020-01-29",
        "acq_time": "2050",
        "daynight": "D",
        "instrument": "MODIS",
        "track": 1,
        "frp": 49.3,
        "scan": 1,
        "version": "6.0NRT",
        "satellite": "Aqua",
        "brightness": 340.9,
        "confidence": "92",
        "bright_t31": 268.6
    },
    {
        "latitude": 55.648,
        "longitude": -120.905,
        "acq_date": "2020-01-29",
        "acq_time": "2050",
        "daynight": "D",
        "instrument": "MODIS",
        "track": 1,
        "frp": 35.8,
        "scan": 1,
        "version": "6.0NRT",
        "satellite": "Aqua",
        "brightness": 331.5,
        "confidence": "84",
        "bright_t31": 274.5
    },
    {
        "latitude": 56.26,
        "longitude": -121.969,
        "acq_date": "2020-01-29",
        "acq_time": "2050",
        "daynight": "D",
        "instrument": "MODIS",
        "track": 1,
        "frp": 12.7,
        "scan": 1,
        "version": "6.0NRT",
        "satellite": "Aqua",
        "brightness": 307.6,
        "confidence": "66",
        "bright_t31": 273.3
    },
    {
        "latitude": 56.258,
        "longitude": -121.985,
        "acq_date": "2020-01-29",
        "acq_time": "2050",
        "daynight": "D",
        "instrument": "MODIS",
        "track": 1,
        "frp": 12.6,
        "scan": 1,
        "version": "6.0NRT",
        "satellite": "Aqua",
        "brightness": 307.4,
        "confidence": "65",
        "bright_t31": 273.7
    },
    {
        "latitude": 56.669,
        "longitude": -122.251,
        "acq_date": "2020-01-29",
        "acq_time": "2050",
        "daynight": "D",
        "instrument": "MODIS",
        "track": 1,
        "frp": 44.1,
        "scan": 1,
        "version": "6.0NRT",
        "satellite": "Aqua",
        "brightness": 337.8,
        "confidence": "86",
        "bright_t31": 274.3
    },
    {
        "latitude": 56.666,
        "longitude": -122.267,
        "acq_date": "2020-01-29",
        "acq_time": "2050",
        "daynight": "D",
        "instrument": "MODIS",
        "track": 1,
        "frp": 26.4,
        "scan": 1,
        "version": "6.0NRT",
        "satellite": "Aqua",
        "brightness": 324.2,
        "confidence": "63",
        "bright_t31": 273.8
    },
    {
        "latitude": 56.675,
        "longitude": -122.271,
        "acq_date": "2020-01-29",
        "acq_time": "2050",
        "daynight": "D",
        "instrument": "MODIS",
        "track": 1,
        "frp": 84.2,
        "scan": 1,
        "version": "6.0NRT",
        "satellite": "Aqua",
        "brightness": 357.8,
        "confidence": "93",
        "bright_t31": 276
    },
    {
        "latitude": 56.673,
        "longitude": -122.287,
        "acq_date": "2020-01-29",
        "acq_time": "2050",
        "daynight": "D",
        "instrument": "MODIS",
        "track": 1,
        "frp": 10.2,
        "scan": 1,
        "version": "6.0NRT",
        "satellite": "Aqua",
        "brightness": 305.6,
        "confidence": "42",
        "bright_t31": 272.7
    },
    {
        "latitude": 57.87,
        "longitude": -121.9,
        "acq_date": "2020-01-29",
        "acq_time": "2050",
        "daynight": "D",
        "instrument": "MODIS",
        "track": 1,
        "frp": 15.2,
        "scan": 1,
        "version": "6.0NRT",
        "satellite": "Aqua",
        "brightness": 312.2,
        "confidence": "70",
        "bright_t31": 274.4
    },
    {
        "latitude": 57.866,
        "longitude": -121.933,
        "acq_date": "2020-01-29",
        "acq_time": "2050",
        "daynight": "D",
        "instrument": "MODIS",
        "track": 1,
        "frp": 14.6,
        "scan": 1,
        "version": "6.0NRT",
        "satellite": "Aqua",
        "brightness": 311.4,
        "confidence": "69",
        "bright_t31": 272.9
    },
    {
        "latitude": 56.96,
        "longitude": -113.654,
        "acq_date": "2020-01-30",
        "acq_time": "0440",
        "daynight": "N",
        "instrument": "MODIS",
        "track": 1.2,
        "frp": 23.3,
        "scan": 1.6,
        "version": "6.0NRT",
        "satellite": "Terra",
        "brightness": 304.1,
        "confidence": "58",
        "bright_t31": 265.1
    },
    {
        "latitude": 56.954,
        "longitude": -113.678,
        "acq_date": "2020-01-30",
        "acq_time": "0440",
        "daynight": "N",
        "instrument": "MODIS",
        "track": 1.2,
        "frp": 39.4,
        "scan": 1.6,
        "version": "6.0NRT",
        "satellite": "Terra",
        "brightness": 315.8,
        "confidence": "92",
        "bright_t31": 266.5
    },
    {
        "latitude": 56.96,
        "longitude": -113.659,
        "acq_date": "2020-01-30",
        "acq_time": "0440",
        "daynight": "N",
        "instrument": "MODIS",
        "track": 1.2,
        "frp": 38.2,
        "scan": 1.6,
        "version": "6.0NRT",
        "satellite": "Terra",
        "brightness": 315.5,
        "confidence": "91",
        "bright_t31": 265.7
    },
    {
        "latitude": 56.955,
        "longitude": -113.683,
        "acq_date": "2020-01-30",
        "acq_time": "0440",
        "daynight": "N",
        "instrument": "MODIS",
        "track": 1.2,
        "frp": 31.9,
        "scan": 1.6,
        "version": "6.0NRT",
        "satellite": "Terra",
        "brightness": 311.2,
        "confidence": "82",
        "bright_t31": 266.2
    },
    {
        "latitude": 55.69,
        "longitude": -119.351,
        "acq_date": "2020-01-30",
        "acq_time": "0615",
        "daynight": "N",
        "instrument": "MODIS",
        "track": 1.3,
        "frp": 27.4,
        "scan": 1.9,
        "version": "6.0NRT",
        "satellite": "Terra",
        "brightness": 303.3,
        "confidence": "54",
        "bright_t31": 269.8
    },
    {
        "latitude": 56.278,
        "longitude": -121.252,
        "acq_date": "2020-01-30",
        "acq_time": "0615",
        "daynight": "N",
        "instrument": "MODIS",
        "track": 1.2,
        "frp": 18.5,
        "scan": 1.6,
        "version": "6.0NRT",
        "satellite": "Terra",
        "brightness": 300.5,
        "confidence": "29",
        "bright_t31": 269.1
    },
    {
        "latitude": 56.683,
        "longitude": -122.257,
        "acq_date": "2020-01-30",
        "acq_time": "0615",
        "daynight": "N",
        "instrument": "MODIS",
        "track": 1.2,
        "frp": 17.7,
        "scan": 1.5,
        "version": "6.0NRT",
        "satellite": "Terra",
        "brightness": 303.3,
        "confidence": "36",
        "bright_t31": 270.9
    },
    {
        "latitude": 56.681,
        "longitude": -122.282,
        "acq_date": "2020-01-30",
        "acq_time": "0615",
        "daynight": "N",
        "instrument": "MODIS",
        "track": 1.2,
        "frp": 19.1,
        "scan": 1.5,
        "version": "6.0NRT",
        "satellite": "Terra",
        "brightness": 304.7,
        "confidence": "46",
        "bright_t31": 270.4
    },
    {
        "latitude": 57.457,
        "longitude": -111.518,
        "acq_date": "2020-01-30",
        "acq_time": "1020",
        "daynight": "N",
        "instrument": "MODIS",
        "track": 1.2,
        "frp": 17.6,
        "scan": 1.4,
        "version": "6.0NRT",
        "satellite": "Aqua",
        "brightness": 302.8,
        "confidence": "52",
        "bright_t31": 267.2
    },
    {
        "latitude": 55.143,
        "longitude": -115.156,
        "acq_date": "2020-01-30",
        "acq_time": "1805",
        "daynight": "D",
        "instrument": "MODIS",
        "track": 1.5,
        "frp": 33.8,
        "scan": 2.4,
        "version": "6.0NRT",
        "satellite": "Terra",
        "brightness": 300.4,
        "confidence": "37",
        "bright_t31": 269.2
    },
    {
        "latitude": 56.966,
        "longitude": -113.654,
        "acq_date": "2020-01-30",
        "acq_time": "1945",
        "daynight": "D",
        "instrument": "MODIS",
        "track": 1.5,
        "frp": 32.6,
        "scan": 2.3,
        "version": "6.0NRT",
        "satellite": "Terra",
        "brightness": 301.4,
        "confidence": "46",
        "bright_t31": 270.1
    },
    {
        "latitude": 55.143,
        "longitude": -115.183,
        "acq_date": "2020-01-30",
        "acq_time": "1945",
        "daynight": "D",
        "instrument": "MODIS",
        "track": 1.5,
        "frp": 54.7,
        "scan": 2.4,
        "version": "6.0NRT",
        "satellite": "Terra",
        "brightness": 311.8,
        "confidence": "72",
        "bright_t31": 272
    },
    {
        "latitude": 55.135,
        "longitude": -115.149,
        "acq_date": "2020-01-30",
        "acq_time": "1945",
        "daynight": "D",
        "instrument": "MODIS",
        "track": 1.5,
        "frp": 39.3,
        "scan": 2.4,
        "version": "6.0NRT",
        "satellite": "Terra",
        "brightness": 305.2,
        "confidence": "61",
        "bright_t31": 272.1
    },
    {
        "latitude": 56.646,
        "longitude": -122.254,
        "acq_date": "2020-01-30",
        "acq_time": "1945",
        "daynight": "D",
        "instrument": "MODIS",
        "track": 1.1,
        "frp": 162.6,
        "scan": 1.2,
        "version": "6.0NRT",
        "satellite": "Terra",
        "brightness": 372.3,
        "confidence": "100",
        "bright_t31": 272.8
    },
    {
        "latitude": 56.642,
        "longitude": -122.235,
        "acq_date": "2020-01-30",
        "acq_time": "1945",
        "daynight": "D",
        "instrument": "MODIS",
        "track": 1.1,
        "frp": 118.8,
        "scan": 1.2,
        "version": "6.0NRT",
        "satellite": "Terra",
        "brightness": 361.2,
        "confidence": "100",
        "bright_t31": 271.6
    },
    {
        "latitude": 55.254,
        "longitude": -121.511,
        "acq_date": "2020-01-30",
        "acq_time": "1945",
        "daynight": "D",
        "instrument": "MODIS",
        "track": 1.1,
        "frp": 20.4,
        "scan": 1.3,
        "version": "6.0NRT",
        "satellite": "Terra",
        "brightness": 307.7,
        "confidence": "66",
        "bright_t31": 270.1
    },
    {
        "latitude": 55.25,
        "longitude": -121.491,
        "acq_date": "2020-01-30",
        "acq_time": "1945",
        "daynight": "D",
        "instrument": "MODIS",
        "track": 1.1,
        "frp": 33.4,
        "scan": 1.3,
        "version": "6.0NRT",
        "satellite": "Terra",
        "brightness": 318.6,
        "confidence": "79",
        "bright_t31": 270.8
    },
    {
        "latitude": 55.07,
        "longitude": -111.937,
        "acq_date": "2020-01-30",
        "acq_time": "1955",
        "daynight": "D",
        "instrument": "MODIS",
        "track": 1.1,
        "frp": 21,
        "scan": 1.2,
        "version": "6.0NRT",
        "satellite": "Aqua",
        "brightness": 311.5,
        "confidence": "62",
        "bright_t31": 270.2
    },
    {
        "latitude": 55.011,
        "longitude": -113.326,
        "acq_date": "2020-01-30",
        "acq_time": "1955",
        "daynight": "D",
        "instrument": "MODIS",
        "track": 1.1,
        "frp": 17.3,
        "scan": 1.3,
        "version": "6.0NRT",
        "satellite": "Aqua",
        "brightness": 304.2,
        "confidence": "0",
        "bright_t31": 270.3
    },
    {
        "latitude": 55.146,
        "longitude": -115.154,
        "acq_date": "2020-01-30",
        "acq_time": "1955",
        "daynight": "D",
        "instrument": "MODIS",
        "track": 1.2,
        "frp": 21.6,
        "scan": 1.5,
        "version": "6.0NRT",
        "satellite": "Aqua",
        "brightness": 306,
        "confidence": "63",
        "bright_t31": 273.6
    },
    {
        "latitude": 54.993,
        "longitude": -120.207,
        "acq_date": "2020-01-30",
        "acq_time": "1955",
        "daynight": "D",
        "instrument": "MODIS",
        "track": 1.5,
        "frp": 264.4,
        "scan": 2.5,
        "version": "6.0NRT",
        "satellite": "Aqua",
        "brightness": 351.1,
        "confidence": "96",
        "bright_t31": 274.7
    },
    {
        "latitude": 54.984,
        "longitude": -120.243,
        "acq_date": "2020-01-30",
        "acq_time": "1955",
        "daynight": "D",
        "instrument": "MODIS",
        "track": 1.5,
        "frp": 135.2,
        "scan": 2.5,
        "version": "6.0NRT",
        "satellite": "Aqua",
        "brightness": 331.2,
        "confidence": "79",
        "bright_t31": 274.8
    },
    {
        "latitude": 56.962,
        "longitude": -113.67,
        "acq_date": "2020-01-30",
        "acq_time": "1955",
        "daynight": "D",
        "instrument": "MODIS",
        "track": 1.1,
        "frp": 13.7,
        "scan": 1.2,
        "version": "6.0NRT",
        "satellite": "Aqua",
        "brightness": 302,
        "confidence": "47",
        "bright_t31": 269.7
    },
    {
        "latitude": 54.991,
        "longitude": -120.213,
        "acq_date": "2020-01-30",
        "acq_time": "2135",
        "daynight": "D",
        "instrument": "MODIS",
        "track": 1.5,
        "frp": 179.7,
        "scan": 2.3,
        "version": "6.0NRT",
        "satellite": "Aqua",
        "brightness": 342.1,
        "confidence": "86",
        "bright_t31": 269.3
    },
    {
        "latitude": 54.042,
        "longitude": -115.929,
        "acq_date": "2020-01-31",
        "acq_time": "0520",
        "daynight": "N",
        "instrument": "MODIS",
        "track": 1,
        "frp": 14.4,
        "scan": 1,
        "version": "6.0NRT",
        "satellite": "Terra",
        "brightness": 307.9,
        "confidence": "73",
        "bright_t31": 269.6
    },
    {
        "latitude": 55.621,
        "longitude": -121.667,
        "acq_date": "2020-01-31",
        "acq_time": "0520",
        "daynight": "N",
        "instrument": "MODIS",
        "track": 1.1,
        "frp": 33.6,
        "scan": 1.3,
        "version": "6.0NRT",
        "satellite": "Terra",
        "brightness": 318.2,
        "confidence": "96",
        "bright_t31": 269.1
    },
    {
        "latitude": 56.149,
        "longitude": -120.656,
        "acq_date": "2020-01-31",
        "acq_time": "0520",
        "daynight": "N",
        "instrument": "MODIS",
        "track": 1.1,
        "frp": 19.2,
        "scan": 1.2,
        "version": "6.0NRT",
        "satellite": "Terra",
        "brightness": 308.7,
        "confidence": "75",
        "bright_t31": 266.7
    },
    {
        "latitude": 55.993,
        "longitude": -122.779,
        "acq_date": "2020-01-31",
        "acq_time": "0520",
        "daynight": "N",
        "instrument": "MODIS",
        "track": 1.2,
        "frp": 28.3,
        "scan": 1.4,
        "version": "6.0NRT",
        "satellite": "Terra",
        "brightness": 311.3,
        "confidence": "82",
        "bright_t31": 267.6
    },
    {
        "latitude": 57.869,
        "longitude": -121.924,
        "acq_date": "2020-01-31",
        "acq_time": "0520",
        "daynight": "N",
        "instrument": "MODIS",
        "track": 1.1,
        "frp": 16.4,
        "scan": 1.2,
        "version": "6.0NRT",
        "satellite": "Terra",
        "brightness": 305.9,
        "confidence": "66",
        "bright_t31": 269.9
    },
    {
        "latitude": 56.309,
        "longitude": -114.502,
        "acq_date": "2020-01-31",
        "acq_time": "2040",
        "daynight": "D",
        "instrument": "MODIS",
        "track": 1.1,
        "frp": 16.4,
        "scan": 1.2,
        "version": "6.0NRT",
        "satellite": "Aqua",
        "brightness": 309.2,
        "confidence": "59",
        "bright_t31": 266.7
    },
    {
        "latitude": 56.316,
        "longitude": -114.524,
        "acq_date": "2020-01-31",
        "acq_time": "2040",
        "daynight": "D",
        "instrument": "MODIS",
        "track": 1.1,
        "frp": 25.6,
        "scan": 1.1,
        "version": "6.0NRT",
        "satellite": "Aqua",
        "brightness": 317.9,
        "confidence": "74",
        "bright_t31": 267.7
    },
    {
        "latitude": 54.659,
        "longitude": -109.907,
        "acq_date": "2020-02-02",
        "acq_time": "0510",
        "daynight": "N",
        "instrument": "MODIS",
        "track": 1,
        "frp": 17.4,
        "scan": 1,
        "version": "6.0NRT",
        "satellite": "Terra",
        "brightness": 312.3,
        "confidence": "85",
        "bright_t31": 269.6
    },
    {
        "latitude": 54.668,
        "longitude": -109.91,
        "acq_date": "2020-02-02",
        "acq_time": "0510",
        "daynight": "N",
        "instrument": "MODIS",
        "track": 1,
        "frp": 32.2,
        "scan": 1,
        "version": "6.0NRT",
        "satellite": "Terra",
        "brightness": 326.7,
        "confidence": "100",
        "bright_t31": 269
    },
    {
        "latitude": 52.59,
        "longitude": -122.594,
        "acq_date": "2020-02-03",
        "acq_time": "2110",
        "daynight": "D",
        "instrument": "MODIS",
        "track": 1,
        "frp": 19.2,
        "scan": 1,
        "version": "6.0NRT",
        "satellite": "Aqua",
        "brightness": 313,
        "confidence": "56",
        "bright_t31": 266.5
    }
]
